system,algorithm,repeat,run_seed,budget,sampled_index,sampled_performance,best_found,normalised_gap,optimum,worst
7z,random_search,0,20260424,1,44384,41741.8,41741.8,0.08931338494717378,4196.4,424574.6
7z,random_search,0,20260424,2,1970,17740.4,17740.4,0.03221860695916202,4196.4,424574.6
7z,random_search,0,20260424,3,19166,14749.8,14749.8,0.025104536819464,4196.4,424574.6
7z,random_search,0,20260424,4,28709,12228.8,12228.8,0.019107556005520745,4196.4,424574.6
7z,random_search,0,20260424,5,9420,101569.8,12228.8,0.019107556005520745,4196.4,424574.6
7z,random_search,0,20260424,6,3889,72865.4,12228.8,0.019107556005520745,4196.4,424574.6
7z,random_search,0,20260424,7,37383,10805.2,10805.2,0.015721081635536767,4196.4,424574.6
7z,random_search,0,20260424,8,61092,9222.2,9222.2,0.011955424900720355,4196.4,424574.6
7z,random_search,0,20260424,9,50566,417364.0,9222.2,0.011955424900720355,4196.4,424574.6
7z,random_search,0,20260424,10,27151,91577.4,9222.2,0.011955424900720355,4196.4,424574.6
7z,random_search,0,20260424,11,46329,415760.0,9222.2,0.011955424900720355,4196.4,424574.6
7z,random_search,0,20260424,12,8203,83937.6,9222.2,0.011955424900720355,4196.4,424574.6
7z,random_search,0,20260424,13,61415,47688.6,9222.2,0.011955424900720355,4196.4,424574.6
7z,random_search,0,20260424,14,6888,17742.0,9222.2,0.011955424900720355,4196.4,424574.6
7z,random_search,0,20260424,15,22410,4857.6,4857.6,0.0015728693828557256,4196.4,424574.6
7z,random_search,0,20260424,16,51430,414566.8,4857.6,0.0015728693828557256,4196.4,424574.6
7z,random_search,0,20260424,17,61387,47580.0,4857.6,0.0015728693828557256,4196.4,424574.6
7z,random_search,0,20260424,18,68369,120845.0,4857.6,0.0015728693828557256,4196.4,424574.6
7z,random_search,0,20260424,19,14894,18006.8,4857.6,0.0015728693828557256,4196.4,424574.6
7z,random_search,0,20260424,20,49859,35801.4,4857.6,0.0015728693828557256,4196.4,424574.6
7z,random_search,0,20260424,21,47062,416984.8,4857.6,0.0015728693828557256,4196.4,424574.6
7z,random_search,0,20260424,22,58950,120990.6,4857.6,0.0015728693828557256,4196.4,424574.6
7z,random_search,0,20260424,23,37729,48350.0,4857.6,0.0015728693828557256,4196.4,424574.6
7z,random_search,0,20260424,24,45276,115870.4,4857.6,0.0015728693828557256,4196.4,424574.6
7z,random_search,0,20260424,25,9879,73774.0,4857.6,0.0015728693828557256,4196.4,424574.6
7z,random_search,0,20260424,26,13946,4678.4,4678.4,0.001146586573709103,4196.4,424574.6
7z,random_search,0,20260424,27,55091,9126.2,4678.4,0.001146586573709103,4196.4,424574.6
7z,random_search,0,20260424,28,10056,96987.0,4678.4,0.001146586573709103,4196.4,424574.6
7z,random_search,0,20260424,29,29027,37715.8,4678.4,0.001146586573709103,4196.4,424574.6
7z,random_search,0,20260424,30,50922,43250.8,4678.4,0.001146586573709103,4196.4,424574.6
7z,random_search,0,20260424,31,18559,91766.8,4678.4,0.001146586573709103,4196.4,424574.6
7z,random_search,0,20260424,32,14526,102009.2,4678.4,0.001146586573709103,4196.4,424574.6
7z,random_search,0,20260424,33,12687,103043.2,4678.4,0.001146586573709103,4196.4,424574.6
7z,random_search,0,20260424,34,7831,17757.6,4678.4,0.001146586573709103,4196.4,424574.6
7z,random_search,0,20260424,35,63391,298738.6,4678.4,0.001146586573709103,4196.4,424574.6
7z,random_search,0,20260424,36,34127,38153.0,4678.4,0.001146586573709103,4196.4,424574.6
7z,random_search,0,20260424,37,9524,17681.0,4678.4,0.001146586573709103,4196.4,424574.6
7z,random_search,0,20260424,38,7180,12458.6,4678.4,0.001146586573709103,4196.4,424574.6
7z,random_search,0,20260424,39,10314,17663.0,4678.4,0.001146586573709103,4196.4,424574.6
7z,random_search,0,20260424,40,11198,17932.6,4678.4,0.001146586573709103,4196.4,424574.6
7z,random_search,0,20260424,41,14591,11210.2,4678.4,0.001146586573709103,4196.4,424574.6
7z,random_search,0,20260424,42,27373,103669.0,4678.4,0.001146586573709103,4196.4,424574.6
7z,random_search,0,20260424,43,12802,102694.4,4678.4,0.001146586573709103,4196.4,424574.6
7z,random_search,0,20260424,44,65017,121411.8,4678.4,0.001146586573709103,4196.4,424574.6
7z,random_search,0,20260424,45,44233,20664.4,4678.4,0.001146586573709103,4196.4,424574.6
7z,random_search,0,20260424,46,32542,48729.6,4678.4,0.001146586573709103,4196.4,424574.6
7z,random_search,0,20260424,47,4854,91493.2,4678.4,0.001146586573709103,4196.4,424574.6
7z,random_search,0,20260424,48,20345,109416.4,4678.4,0.001146586573709103,4196.4,424574.6
7z,random_search,0,20260424,49,668,101349.0,4678.4,0.001146586573709103,4196.4,424574.6
7z,random_search,0,20260424,50,8342,96037.6,4678.4,0.001146586573709103,4196.4,424574.6
7z,rf_smbo,0,20260424,1,62566,301919.0,301919.0,0.7082255930493065,4196.4,424574.6
7z,rf_smbo,0,20260424,2,50770,35645.6,35645.6,0.0748116814811044,4196.4,424574.6
7z,rf_smbo,0,20260424,3,64769,9207.2,9207.2,0.011919742745936877,4196.4,424574.6
7z,rf_smbo,0,20260424,4,20403,102863.6,9207.2,0.011919742745936877,4196.4,424574.6
7z,rf_smbo,0,20260424,5,63487,304407.4,9207.2,0.011919742745936877,4196.4,424574.6
7z,rf_smbo,0,20260424,6,51058,48809.8,9207.2,0.011919742745936877,4196.4,424574.6
7z,rf_smbo,0,20260424,7,59225,9112.4,9112.4,0.011694231527705292,4196.4,424574.6
7z,rf_smbo,0,20260424,8,66146,9140.2,9112.4,0.011694231527705292,4196.4,424574.6
7z,rf_smbo,0,20260424,9,58345,9149.8,9112.4,0.011694231527705292,4196.4,424574.6
7z,rf_smbo,0,20260424,10,58422,9157.6,9112.4,0.011694231527705292,4196.4,424574.6
7z,rf_smbo,0,20260424,11,58456,9154.8,9112.4,0.011694231527705292,4196.4,424574.6
7z,rf_smbo,0,20260424,12,60171,9195.2,9112.4,0.011694231527705292,4196.4,424574.6
7z,rf_smbo,0,20260424,13,60159,9238.8,9112.4,0.011694231527705292,4196.4,424574.6
7z,rf_smbo,0,20260424,14,60468,9187.2,9112.4,0.011694231527705292,4196.4,424574.6
7z,rf_smbo,0,20260424,15,59137,303324.8,9112.4,0.011694231527705292,4196.4,424574.6
7z,rf_smbo,0,20260424,16,54989,9233.6,9112.4,0.011694231527705292,4196.4,424574.6
7z,rf_smbo,0,20260424,17,55045,9167.2,9112.4,0.011694231527705292,4196.4,424574.6
7z,rf_smbo,0,20260424,18,55886,9201.0,9112.4,0.011694231527705292,4196.4,424574.6
7z,rf_smbo,0,20260424,19,55848,9120.8,9112.4,0.011694231527705292,4196.4,424574.6
7z,rf_smbo,0,20260424,20,58405,9151.0,9112.4,0.011694231527705292,4196.4,424574.6
7z,rf_smbo,0,20260424,21,58707,9228.6,9112.4,0.011694231527705292,4196.4,424574.6
7z,rf_smbo,0,20260424,22,58619,9249.6,9112.4,0.011694231527705292,4196.4,424574.6
7z,rf_smbo,0,20260424,23,58449,9194.2,9112.4,0.011694231527705292,4196.4,424574.6
7z,rf_smbo,0,20260424,24,58733,9260.2,9112.4,0.011694231527705292,4196.4,424574.6
7z,rf_smbo,0,20260424,25,56432,121762.0,9112.4,0.011694231527705292,4196.4,424574.6
7z,rf_smbo,0,20260424,26,64430,9142.6,9112.4,0.011694231527705292,4196.4,424574.6
7z,rf_smbo,0,20260424,27,58430,9155.4,9112.4,0.011694231527705292,4196.4,424574.6
7z,rf_smbo,0,20260424,28,55883,9171.8,9112.4,0.011694231527705292,4196.4,424574.6
7z,rf_smbo,0,20260424,29,56475,121752.6,9112.4,0.011694231527705292,4196.4,424574.6
7z,rf_smbo,0,20260424,30,9420,101569.8,9112.4,0.011694231527705292,4196.4,424574.6
7z,rf_smbo,0,20260424,31,55132,9214.6,9112.4,0.011694231527705292,4196.4,424574.6
7z,rf_smbo,0,20260424,32,60612,47502.8,9112.4,0.011694231527705292,4196.4,424574.6
7z,rf_smbo,0,20260424,33,58461,9211.8,9112.4,0.011694231527705292,4196.4,424574.6
7z,rf_smbo,0,20260424,34,29251,12344.8,9112.4,0.011694231527705292,4196.4,424574.6
7z,rf_smbo,0,20260424,35,54999,9136.2,9112.4,0.011694231527705292,4196.4,424574.6
7z,rf_smbo,0,20260424,36,55889,9205.8,9112.4,0.011694231527705292,4196.4,424574.6
7z,rf_smbo,0,20260424,37,56023,9305.2,9112.4,0.011694231527705292,4196.4,424574.6
7z,rf_smbo,0,20260424,38,57597,9124.2,9112.4,0.011694231527705292,4196.4,424574.6
7z,rf_smbo,0,20260424,39,56026,9265.6,9112.4,0.011694231527705292,4196.4,424574.6
7z,rf_smbo,0,20260424,40,55905,9185.0,9112.4,0.011694231527705292,4196.4,424574.6
7z,rf_smbo,0,20260424,41,55276,9198.4,9112.4,0.011694231527705292,4196.4,424574.6
7z,rf_smbo,0,20260424,42,63598,9212.4,9112.4,0.011694231527705292,4196.4,424574.6
7z,rf_smbo,0,20260424,43,60309,9163.4,9112.4,0.011694231527705292,4196.4,424574.6
7z,rf_smbo,0,20260424,44,57606,9135.4,9112.4,0.011694231527705292,4196.4,424574.6
7z,rf_smbo,0,20260424,45,55287,9116.0,9112.4,0.011694231527705292,4196.4,424574.6
7z,rf_smbo,0,20260424,46,64571,9122.6,9112.4,0.011694231527705292,4196.4,424574.6
7z,rf_smbo,0,20260424,47,55901,9232.6,9112.4,0.011694231527705292,4196.4,424574.6
7z,rf_smbo,0,20260424,48,14572,101462.4,9112.4,0.011694231527705292,4196.4,424574.6
7z,rf_smbo,0,20260424,49,66709,121666.6,9112.4,0.011694231527705292,4196.4,424574.6
7z,rf_smbo,0,20260424,50,55306,9161.0,9112.4,0.011694231527705292,4196.4,424574.6
7z,random_search,1,20260425,1,14921,4773.0,4773.0,0.001371622029876907,4196.4,424574.6
7z,random_search,1,20260425,2,19519,101304.2,4773.0,0.001371622029876907,4196.4,424574.6
7z,random_search,1,20260425,3,7173,12559.8,4773.0,0.001371622029876907,4196.4,424574.6
7z,random_search,1,20260425,4,30228,15865.2,4773.0,0.001371622029876907,4196.4,424574.6
7z,random_search,1,20260425,5,11358,17736.2,4773.0,0.001371622029876907,4196.4,424574.6
7z,random_search,1,20260425,6,48198,10044.4,4773.0,0.001371622029876907,4196.4,424574.6
7z,random_search,1,20260425,7,2332,131615.2,4773.0,0.001371622029876907,4196.4,424574.6
7z,random_search,1,20260425,8,49658,148156.4,4773.0,0.001371622029876907,4196.4,424574.6
7z,random_search,1,20260425,9,36908,13126.8,4773.0,0.001371622029876907,4196.4,424574.6
7z,random_search,1,20260425,10,60138,9200.6,4773.0,0.001371622029876907,4196.4,424574.6
7z,random_search,1,20260425,11,64246,299629.8,4773.0,0.001371622029876907,4196.4,424574.6
7z,random_search,1,20260425,12,12356,11891.0,4773.0,0.001371622029876907,4196.4,424574.6
7z,random_search,1,20260425,13,24152,17672.0,4773.0,0.001371622029876907,4196.4,424574.6
7z,random_search,1,20260425,14,39074,12110.0,4773.0,0.001371622029876907,4196.4,424574.6
7z,random_search,1,20260425,15,64544,9244.2,4773.0,0.001371622029876907,4196.4,424574.6
7z,random_search,1,20260425,16,13341,98481.6,4773.0,0.001371622029876907,4196.4,424574.6
7z,random_search,1,20260425,17,64342,300572.4,4773.0,0.001371622029876907,4196.4,424574.6
7z,random_search,1,20260425,18,22513,4822.0,4773.0,0.001371622029876907,4196.4,424574.6
7z,random_search,1,20260425,19,59797,121419.8,4773.0,0.001371622029876907,4196.4,424574.6
7z,random_search,1,20260425,20,39240,38195.6,4773.0,0.001371622029876907,4196.4,424574.6
7z,random_search,1,20260425,21,42225,9139.2,4773.0,0.001371622029876907,4196.4,424574.6
7z,random_search,1,20260425,22,65779,47778.6,4773.0,0.001371622029876907,4196.4,424574.6
7z,random_search,1,20260425,23,44498,160222.0,4773.0,0.001371622029876907,4196.4,424574.6
7z,random_search,1,20260425,24,38522,48252.8,4773.0,0.001371622029876907,4196.4,424574.6
7z,random_search,1,20260425,25,26519,103646.8,4773.0,0.001371622029876907,4196.4,424574.6
7z,random_search,1,20260425,26,14406,100460.6,4773.0,0.001371622029876907,4196.4,424574.6
7z,random_search,1,20260425,27,7419,90170.6,4773.0,0.001371622029876907,4196.4,424574.6
7z,random_search,1,20260425,28,47491,43296.8,4773.0,0.001371622029876907,4196.4,424574.6
7z,random_search,1,20260425,29,30755,50276.6,4773.0,0.001371622029876907,4196.4,424574.6
7z,random_search,1,20260425,30,51064,48716.6,4773.0,0.001371622029876907,4196.4,424574.6
7z,random_search,1,20260425,31,4629,11904.8,4773.0,0.001371622029876907,4196.4,424574.6
7z,random_search,1,20260425,32,59947,301592.4,4773.0,0.001371622029876907,4196.4,424574.6
7z,random_search,1,20260425,33,32617,13282.6,4773.0,0.001371622029876907,4196.4,424574.6
7z,random_search,1,20260425,34,40916,39085.2,4773.0,0.001371622029876907,4196.4,424574.6
7z,random_search,1,20260425,35,48086,9134.8,4773.0,0.001371622029876907,4196.4,424574.6
7z,random_search,1,20260425,36,25387,90718.2,4773.0,0.001371622029876907,4196.4,424574.6
7z,random_search,1,20260425,37,64370,9138.4,4773.0,0.001371622029876907,4196.4,424574.6
7z,random_search,1,20260425,38,6130,17831.8,4773.0,0.001371622029876907,4196.4,424574.6
7z,random_search,1,20260425,39,61948,9182.4,4773.0,0.001371622029876907,4196.4,424574.6
7z,random_search,1,20260425,40,41896,39054.6,4773.0,0.001371622029876907,4196.4,424574.6
7z,random_search,1,20260425,41,6280,17755.6,4773.0,0.001371622029876907,4196.4,424574.6
7z,random_search,1,20260425,42,25998,17641.4,4773.0,0.001371622029876907,4196.4,424574.6
7z,random_search,1,20260425,43,15921,93845.0,4773.0,0.001371622029876907,4196.4,424574.6
7z,random_search,1,20260425,44,16954,103185.4,4773.0,0.001371622029876907,4196.4,424574.6
7z,random_search,1,20260425,45,37576,44250.8,4773.0,0.001371622029876907,4196.4,424574.6
7z,random_search,1,20260425,46,28463,14218.4,4773.0,0.001371622029876907,4196.4,424574.6
7z,random_search,1,20260425,47,55800,9192.0,4773.0,0.001371622029876907,4196.4,424574.6
7z,random_search,1,20260425,48,68333,47460.6,4773.0,0.001371622029876907,4196.4,424574.6
7z,random_search,1,20260425,49,7102,17834.4,4773.0,0.001371622029876907,4196.4,424574.6
7z,random_search,1,20260425,50,61685,299494.2,4773.0,0.001371622029876907,4196.4,424574.6
7z,rf_smbo,1,20260425,1,22681,4381.8,4381.8,0.0004410314331237932,4196.4,424574.6
7z,rf_smbo,1,20260425,2,26834,17649.4,4381.8,0.0004410314331237932,4196.4,424574.6
7z,rf_smbo,1,20260425,3,47533,43241.0,4381.8,0.0004410314331237932,4196.4,424574.6
7z,rf_smbo,1,20260425,4,18629,109410.8,4381.8,0.0004410314331237932,4196.4,424574.6
7z,rf_smbo,1,20260425,5,65134,301595.2,4381.8,0.0004410314331237932,4196.4,424574.6
7z,rf_smbo,1,20260425,6,42244,8983.8,4381.8,0.0004410314331237932,4196.4,424574.6
7z,rf_smbo,1,20260425,7,22536,4705.4,4381.8,0.0004410314331237932,4196.4,424574.6
7z,rf_smbo,1,20260425,8,17443,4709.6,4381.8,0.0004410314331237932,4196.4,424574.6
7z,rf_smbo,1,20260425,9,61002,9147.8,4381.8,0.0004410314331237932,4196.4,424574.6
7z,rf_smbo,1,20260425,10,20822,4650.4,4381.8,0.0004410314331237932,4196.4,424574.6
7z,rf_smbo,1,20260425,11,58596,9145.2,4381.8,0.0004410314331237932,4196.4,424574.6
7z,rf_smbo,1,20260425,12,21966,88271.8,4381.8,0.0004410314331237932,4196.4,424574.6
7z,rf_smbo,1,20260425,13,22384,4670.8,4381.8,0.0004410314331237932,4196.4,424574.6
7z,rf_smbo,1,20260425,14,8797,17725.0,4381.8,0.0004410314331237932,4196.4,424574.6
7z,rf_smbo,1,20260425,15,22387,5048.8,4381.8,0.0004410314331237932,4196.4,424574.6
7z,rf_smbo,1,20260425,16,60147,9124.8,4381.8,0.0004410314331237932,4196.4,424574.6
7z,rf_smbo,1,20260425,17,55865,9205.8,4381.8,0.0004410314331237932,4196.4,424574.6
7z,rf_smbo,1,20260425,18,22386,5732.6,4381.8,0.0004410314331237932,4196.4,424574.6
7z,rf_smbo,1,20260425,19,18017,101556.0,4381.8,0.0004410314331237932,4196.4,424574.6
7z,rf_smbo,1,20260425,20,27540,12323.0,4381.8,0.0004410314331237932,4196.4,424574.6
7z,rf_smbo,1,20260425,21,11274,17791.0,4381.8,0.0004410314331237932,4196.4,424574.6
7z,rf_smbo,1,20260425,22,22989,101580.6,4381.8,0.0004410314331237932,4196.4,424574.6
7z,rf_smbo,1,20260425,23,14100,4362.2,4362.2,0.0003944067508733807,4196.4,424574.6
7z,rf_smbo,1,20260425,24,17543,4352.8,4352.8,0.00037204593387573515,4196.4,424574.6
7z,rf_smbo,1,20260425,25,17554,4338.8,4338.8,0.0003387425894111554,4196.4,424574.6
7z,rf_smbo,1,20260425,26,20975,4360.2,4338.8,0.0003387425894111554,4196.4,424574.6
7z,rf_smbo,1,20260425,27,17478,11952.2,4338.8,0.0003387425894111554,4196.4,424574.6
7z,rf_smbo,1,20260425,28,20965,4393.2,4338.8,0.0003387425894111554,4196.4,424574.6
7z,rf_smbo,1,20260425,29,9380,101337.2,4338.8,0.0003387425894111554,4196.4,424574.6
7z,rf_smbo,1,20260425,30,20984,4382.6,4338.8,0.0003387425894111554,4196.4,424574.6
7z,rf_smbo,1,20260425,31,14156,4402.8,4338.8,0.0003387425894111554,4196.4,424574.6
7z,rf_smbo,1,20260425,32,15003,4383.4,4338.8,0.0003387425894111554,4196.4,424574.6
7z,rf_smbo,1,20260425,33,17587,4323.4,4323.4,0.00030210891050011637,4196.4,424574.6
7z,rf_smbo,1,20260425,34,55306,9161.0,4323.4,0.00030210891050011637,4196.4,424574.6
7z,rf_smbo,1,20260425,35,19304,4357.8,4323.4,0.00030210891050011637,4196.4,424574.6
7z,rf_smbo,1,20260425,36,23583,4354.8,4323.4,0.00030210891050011637,4196.4,424574.6
7z,rf_smbo,1,20260425,37,15902,103597.6,4323.4,0.00030210891050011637,4196.4,424574.6
7z,rf_smbo,1,20260425,38,23592,4277.8,4277.8,0.00019363515995834358,4196.4,424574.6
7z,rf_smbo,1,20260425,39,21867,4381.2,4277.8,0.00019363515995834358,4196.4,424574.6
7z,rf_smbo,1,20260425,40,21814,5751.0,4277.8,0.00019363515995834358,4196.4,424574.6
7z,rf_smbo,1,20260425,41,17445,4687.0,4277.8,0.00019363515995834358,4196.4,424574.6
7z,rf_smbo,1,20260425,42,21877,4297.8,4277.8,0.00019363515995834358,4196.4,424574.6
7z,rf_smbo,1,20260425,43,17577,4393.2,4277.8,0.00019363515995834358,4196.4,424574.6
7z,rf_smbo,1,20260425,44,23560,4318.0,4277.8,0.00019363515995834358,4196.4,424574.6
7z,rf_smbo,1,20260425,45,23550,4364.6,4277.8,0.00019363515995834358,4196.4,424574.6
7z,rf_smbo,1,20260425,46,21536,4692.2,4277.8,0.00019363515995834358,4196.4,424574.6
7z,rf_smbo,1,20260425,47,5520,11752.2,4277.8,0.00019363515995834358,4196.4,424574.6
7z,rf_smbo,1,20260425,48,20962,4399.8,4277.8,0.00019363515995834358,4196.4,424574.6
7z,rf_smbo,1,20260425,49,22395,4672.2,4277.8,0.00019363515995834358,4196.4,424574.6
7z,rf_smbo,1,20260425,50,14123,4382.0,4277.8,0.00019363515995834358,4196.4,424574.6
7z,random_search,2,20260426,1,66821,301168.0,301168.0,0.7064391064998138,4196.4,424574.6
7z,random_search,2,20260426,2,36693,37977.0,37977.0,0.08035763985858449,4196.4,424574.6
7z,random_search,2,20260426,3,4016,80167.6,37977.0,0.08035763985858449,4196.4,424574.6
7z,random_search,2,20260426,4,36783,46698.8,37977.0,0.08035763985858449,4196.4,424574.6
7z,random_search,2,20260426,5,59179,300863.8,37977.0,0.08035763985858449,4196.4,424574.6
7z,random_search,2,20260426,6,64462,9183.6,9183.6,0.01186360282241087,4196.4,424574.6
7z,random_search,2,20260426,7,6186,17697.4,9183.6,0.01186360282241087,4196.4,424574.6
7z,random_search,2,20260426,8,60994,9195.2,9183.6,0.01186360282241087,4196.4,424574.6
7z,random_search,2,20260426,9,61467,47598.0,9183.6,0.01186360282241087,4196.4,424574.6
7z,random_search,2,20260426,10,62461,121809.8,9183.6,0.01186360282241087,4196.4,424574.6
7z,random_search,2,20260426,11,63978,47545.2,9183.6,0.01186360282241087,4196.4,424574.6
7z,random_search,2,20260426,12,47891,125130.8,9183.6,0.01186360282241087,4196.4,424574.6
7z,random_search,2,20260426,13,38114,12221.0,9183.6,0.01186360282241087,4196.4,424574.6
7z,random_search,2,20260426,14,30431,12193.6,9183.6,0.01186360282241087,4196.4,424574.6
7z,random_search,2,20260426,15,50913,42729.6,9183.6,0.01186360282241087,4196.4,424574.6
7z,random_search,2,20260426,16,62463,122098.8,9183.6,0.01186360282241087,4196.4,424574.6
7z,random_search,2,20260426,17,27319,125228.0,9183.6,0.01186360282241087,4196.4,424574.6
7z,random_search,2,20260426,18,62261,47484.8,9183.6,0.01186360282241087,4196.4,424574.6
7z,random_search,2,20260426,19,25669,102804.6,9183.6,0.01186360282241087,4196.4,424574.6
7z,random_search,2,20260426,20,38352,37597.2,9183.6,0.01186360282241087,4196.4,424574.6
7z,random_search,2,20260426,21,40988,38603.2,9183.6,0.01186360282241087,4196.4,424574.6
7z,random_search,2,20260426,22,53466,8924.6,8924.6,0.011247490949816145,4196.4,424574.6
7z,random_search,2,20260426,23,40255,48336.2,8924.6,0.011247490949816145,4196.4,424574.6
7z,random_search,2,20260426,24,66496,47218.8,8924.6,0.011247490949816145,4196.4,424574.6
7z,random_search,2,20260426,25,41118,48321.2,8924.6,0.011247490949816145,4196.4,424574.6
7z,random_search,2,20260426,26,45898,43500.8,8924.6,0.011247490949816145,4196.4,424574.6
7z,random_search,2,20260426,27,40536,12405.8,8924.6,0.011247490949816145,4196.4,424574.6
7z,random_search,2,20260426,28,60613,47630.2,8924.6,0.011247490949816145,4196.4,424574.6
7z,random_search,2,20260426,29,13545,102970.0,8924.6,0.011247490949816145,4196.4,424574.6
7z,random_search,2,20260426,30,8350,98729.2,8924.6,0.011247490949816145,4196.4,424574.6
7z,random_search,2,20260426,31,46621,42867.4,8924.6,0.011247490949816145,4196.4,424574.6
7z,random_search,2,20260426,32,15788,11985.8,8924.6,0.011247490949816145,4196.4,424574.6
7z,random_search,2,20260426,33,40038,10779.0,8924.6,0.011247490949816145,4196.4,424574.6
7z,random_search,2,20260426,34,2112,18479.2,8924.6,0.011247490949816145,4196.4,424574.6
7z,random_search,2,20260426,35,62972,9167.6,8924.6,0.011247490949816145,4196.4,424574.6
7z,random_search,2,20260426,36,67921,9134.8,8924.6,0.011247490949816145,4196.4,424574.6
7z,random_search,2,20260426,37,23385,4651.2,4651.2,0.0010818829330350628,4196.4,424574.6
7z,random_search,2,20260426,38,2213,91626.8,4651.2,0.0010818829330350628,4196.4,424574.6
7z,random_search,2,20260426,39,34593,12059.8,4651.2,0.0010818829330350628,4196.4,424574.6
7z,random_search,2,20260426,40,41679,27499.8,4651.2,0.0010818829330350628,4196.4,424574.6
7z,random_search,2,20260426,41,17017,131648.2,4651.2,0.0010818829330350628,4196.4,424574.6
7z,random_search,2,20260426,42,41882,39398.8,4651.2,0.0010818829330350628,4196.4,424574.6
7z,random_search,2,20260426,43,68259,47533.6,4651.2,0.0010818829330350628,4196.4,424574.6
7z,random_search,2,20260426,44,5338,17638.6,4651.2,0.0010818829330350628,4196.4,424574.6
7z,random_search,2,20260426,45,51206,123799.0,4651.2,0.0010818829330350628,4196.4,424574.6
7z,random_search,2,20260426,46,34077,37349.8,4651.2,0.0010818829330350628,4196.4,424574.6
7z,random_search,2,20260426,47,52983,125002.2,4651.2,0.0010818829330350628,4196.4,424574.6
7z,random_search,2,20260426,48,52456,35820.4,4651.2,0.0010818829330350628,4196.4,424574.6
7z,random_search,2,20260426,49,6535,93651.8,4651.2,0.0010818829330350628,4196.4,424574.6
7z,random_search,2,20260426,50,11848,105536.0,4651.2,0.0010818829330350628,4196.4,424574.6
7z,rf_smbo,2,20260426,1,40573,12125.6,12125.6,0.018862062780610415,4196.4,424574.6
7z,rf_smbo,2,20260426,2,18271,17809.6,12125.6,0.018862062780610415,4196.4,424574.6
7z,rf_smbo,2,20260426,3,23088,99525.6,12125.6,0.018862062780610415,4196.4,424574.6
7z,rf_smbo,2,20260426,4,65323,9181.0,9181.0,0.011857417915581732,4196.4,424574.6
7z,rf_smbo,2,20260426,5,66520,47439.2,9181.0,0.011857417915581732,4196.4,424574.6
7z,rf_smbo,2,20260426,6,28855,10911.4,9181.0,0.011857417915581732,4196.4,424574.6
7z,rf_smbo,2,20260426,7,48168,8892.8,8892.8,0.011171844781675168,4196.4,424574.6
7z,rf_smbo,2,20260426,8,49893,35675.6,8892.8,0.011171844781675168,4196.4,424574.6
7z,rf_smbo,2,20260426,9,27879,12144.2,8892.8,0.011171844781675168,4196.4,424574.6
7z,rf_smbo,2,20260426,10,31004,12060.2,8892.8,0.011171844781675168,4196.4,424574.6
7z,rf_smbo,2,20260426,11,14844,4855.0,4855.0,0.0015666844760265884,4196.4,424574.6
7z,rf_smbo,2,20260426,12,14986,4593.6,4593.6,0.0009448634586665073,4196.4,424574.6
7z,rf_smbo,2,20260426,13,1654,101314.6,4593.6,0.0009448634586665073,4196.4,424574.6
7z,rf_smbo,2,20260426,14,14128,4597.8,4593.6,0.0009448634586665073,4196.4,424574.6
7z,rf_smbo,2,20260426,15,5550,11717.2,4593.6,0.0009448634586665073,4196.4,424574.6
7z,rf_smbo,2,20260426,16,686,101733.2,4593.6,0.0009448634586665073,4196.4,424574.6
7z,rf_smbo,2,20260426,17,1258,11871.2,4593.6,0.0009448634586665073,4196.4,424574.6
7z,rf_smbo,2,20260426,18,1259,11796.0,4593.6,0.0009448634586665073,4196.4,424574.6
7z,rf_smbo,2,20260426,19,20981,4604.8,4593.6,0.0009448634586665073,4196.4,424574.6
7z,rf_smbo,2,20260426,20,21839,4581.6,4581.6,0.0009163177348397247,4196.4,424574.6
7z,rf_smbo,2,20260426,21,21817,4575.2,4575.2,0.0009010933487987727,4196.4,424574.6
7z,rf_smbo,2,20260426,22,21762,11875.2,4575.2,0.0009010933487987727,4196.4,424574.6
7z,rf_smbo,2,20260426,23,20978,5783.4,4575.2,0.0009010933487987727,4196.4,424574.6
7z,rf_smbo,2,20260426,24,21124,89536.0,4575.2,0.0009010933487987727,4196.4,424574.6
7z,rf_smbo,2,20260426,25,14113,18008.6,4575.2,0.0009010933487987727,4196.4,424574.6
7z,rf_smbo,2,20260426,26,20992,4613.6,4575.2,0.0009010933487987727,4196.4,424574.6
7z,rf_smbo,2,20260426,27,8266,89515.6,4575.2,0.0009010933487987727,4196.4,424574.6
7z,rf_smbo,2,20260426,28,20827,4869.2,4575.2,0.0009010933487987727,4196.4,424574.6
7z,rf_smbo,2,20260426,29,20937,4584.6,4575.2,0.0009010933487987727,4196.4,424574.6
7z,rf_smbo,2,20260426,30,22686,4601.6,4575.2,0.0009010933487987727,4196.4,424574.6
7z,rf_smbo,2,20260426,31,29130,49332.2,4575.2,0.0009010933487987727,4196.4,424574.6
7z,rf_smbo,2,20260426,32,8814,17746.6,4575.2,0.0009010933487987727,4196.4,424574.6
7z,rf_smbo,2,20260426,33,20706,4867.8,4575.2,0.0009010933487987727,4196.4,424574.6
7z,rf_smbo,2,20260426,34,20695,4864.4,4575.2,0.0009010933487987727,4196.4,424574.6
7z,rf_smbo,2,20260426,35,20970,4588.2,4575.2,0.0009010933487987727,4196.4,424574.6
7z,rf_smbo,2,20260426,36,22631,9208.0,4575.2,0.0009010933487987727,4196.4,424574.6
7z,rf_smbo,2,20260426,37,29693,10635.4,4575.2,0.0009010933487987727,4196.4,424574.6
7z,rf_smbo,2,20260426,38,21696,4856.6,4575.2,0.0009010933487987727,4196.4,424574.6
7z,rf_smbo,2,20260426,39,5537,11934.2,4575.2,0.0009010933487987727,4196.4,424574.6
7z,rf_smbo,2,20260426,40,17560,4634.4,4575.2,0.0009010933487987727,4196.4,424574.6
7z,rf_smbo,2,20260426,41,22708,4596.2,4575.2,0.0009010933487987727,4196.4,424574.6
7z,rf_smbo,2,20260426,42,14117,4620.2,4575.2,0.0009010933487987727,4196.4,424574.6
7z,rf_smbo,2,20260426,43,15968,91367.4,4575.2,0.0009010933487987727,4196.4,424574.6
7z,rf_smbo,2,20260426,44,13988,4778.0,4575.2,0.0009010933487987727,4196.4,424574.6
7z,rf_smbo,2,20260426,45,22829,89442.2,4575.2,0.0009010933487987727,4196.4,424574.6
7z,rf_smbo,2,20260426,46,55526,121046.6,4575.2,0.0009010933487987727,4196.4,424574.6
7z,rf_smbo,2,20260426,47,20855,4668.6,4575.2,0.0009010933487987727,4196.4,424574.6
7z,rf_smbo,2,20260426,48,20854,4683.6,4575.2,0.0009010933487987727,4196.4,424574.6
7z,rf_smbo,2,20260426,49,13952,4867.0,4575.2,0.0009010933487987727,4196.4,424574.6
7z,rf_smbo,2,20260426,50,20998,4401.4,4401.4,0.00048765611537420357,4196.4,424574.6
7z,random_search,3,20260427,1,65389,9131.6,9131.6,0.011739904685828145,4196.4,424574.6
7z,random_search,3,20260427,2,12382,11794.2,9131.6,0.011739904685828145,4196.4,424574.6
7z,random_search,3,20260427,3,40610,11995.4,9131.6,0.011739904685828145,4196.4,424574.6
7z,random_search,3,20260427,4,22436,4780.6,4780.6,0.001389700988300537,4196.4,424574.6
7z,random_search,3,20260427,5,46997,125120.8,4780.6,0.001389700988300537,4196.4,424574.6
7z,random_search,3,20260427,6,39263,38056.6,4780.6,0.001389700988300537,4196.4,424574.6
7z,random_search,3,20260427,7,48342,20112.6,4780.6,0.001389700988300537,4196.4,424574.6
7z,random_search,3,20260427,8,64965,121342.2,4780.6,0.001389700988300537,4196.4,424574.6
7z,random_search,3,20260427,9,41092,47747.4,4780.6,0.001389700988300537,4196.4,424574.6
7z,random_search,3,20260427,10,65021,121283.8,4780.6,0.001389700988300537,4196.4,424574.6
7z,random_search,3,20260427,11,25262,11878.8,4780.6,0.001389700988300537,4196.4,424574.6
7z,random_search,3,20260427,12,41836,40801.0,4780.6,0.001389700988300537,4196.4,424574.6
7z,random_search,3,20260427,13,48400,22060.8,4780.6,0.001389700988300537,4196.4,424574.6
7z,random_search,3,20260427,14,14108,4440.4,4440.4,0.0005804297178112472,4196.4,424574.6
7z,random_search,3,20260427,15,61663,300027.4,4440.4,0.0005804297178112472,4196.4,424574.6
7z,random_search,3,20260427,16,53232,9169.2,4440.4,0.0005804297178112472,4196.4,424574.6
7z,random_search,3,20260427,17,14779,4957.6,4440.4,0.0005804297178112472,4196.4,424574.6
7z,random_search,3,20260427,18,30764,48998.6,4440.4,0.0005804297178112472,4196.4,424574.6
7z,random_search,3,20260427,19,56673,9151.6,4440.4,0.0005804297178112472,4196.4,424574.6
7z,random_search,3,20260427,20,41610,12795.6,4440.4,0.0005804297178112472,4196.4,424574.6
7z,random_search,3,20260427,21,36031,48440.2,4440.4,0.0005804297178112472,4196.4,424574.6
7z,random_search,3,20260427,22,9188,86124.0,4440.4,0.0005804297178112472,4196.4,424574.6
7z,random_search,3,20260427,23,46248,415829.8,4440.4,0.0005804297178112472,4196.4,424574.6
7z,random_search,3,20260427,24,20533,102878.0,4440.4,0.0005804297178112472,4196.4,424574.6
7z,random_search,3,20260427,25,43068,9409.0,4440.4,0.0005804297178112472,4196.4,424574.6
7z,random_search,3,20260427,26,48583,19678.6,4440.4,0.0005804297178112472,4196.4,424574.6
7z,random_search,3,20260427,27,66413,9259.4,4440.4,0.0005804297178112472,4196.4,424574.6
7z,random_search,3,20260427,28,27349,109456.8,4440.4,0.0005804297178112472,4196.4,424574.6
7z,random_search,3,20260427,29,22999,100282.6,4440.4,0.0005804297178112472,4196.4,424574.6
7z,random_search,3,20260427,30,17168,11230.6,4440.4,0.0005804297178112472,4196.4,424574.6
7z,random_search,3,20260427,31,39812,12213.4,4440.4,0.0005804297178112472,4196.4,424574.6
7z,random_search,3,20260427,32,56838,9118.4,4440.4,0.0005804297178112472,4196.4,424574.6
7z,random_search,3,20260427,33,59368,9146.2,4440.4,0.0005804297178112472,4196.4,424574.6
7z,random_search,3,20260427,34,22233,101124.6,4440.4,0.0005804297178112472,4196.4,424574.6
7z,random_search,3,20260427,35,37006,12159.4,4440.4,0.0005804297178112472,4196.4,424574.6
7z,random_search,3,20260427,36,53589,12866.2,4440.4,0.0005804297178112472,4196.4,424574.6
7z,random_search,3,20260427,37,50854,35713.4,4440.4,0.0005804297178112472,4196.4,424574.6
7z,random_search,3,20260427,38,44311,19825.8,4440.4,0.0005804297178112472,4196.4,424574.6
7z,random_search,3,20260427,39,56069,9184.4,4440.4,0.0005804297178112472,4196.4,424574.6
7z,random_search,3,20260427,40,65308,9253.4,4440.4,0.0005804297178112472,4196.4,424574.6
7z,random_search,3,20260427,41,36022,48766.6,4440.4,0.0005804297178112472,4196.4,424574.6
7z,random_search,3,20260427,42,57211,120722.4,4440.4,0.0005804297178112472,4196.4,424574.6
7z,random_search,3,20260427,43,4685,11825.8,4440.4,0.0005804297178112472,4196.4,424574.6
7z,random_search,3,20260427,44,4246,85346.8,4440.4,0.0005804297178112472,4196.4,424574.6
7z,random_search,3,20260427,45,66014,301341.4,4440.4,0.0005804297178112472,4196.4,424574.6
7z,random_search,3,20260427,46,51582,8991.6,4440.4,0.0005804297178112472,4196.4,424574.6
7z,random_search,3,20260427,47,64272,300843.8,4440.4,0.0005804297178112472,4196.4,424574.6
7z,random_search,3,20260427,48,38513,48007.4,4440.4,0.0005804297178112472,4196.4,424574.6
7z,random_search,3,20260427,49,29136,48468.4,4440.4,0.0005804297178112472,4196.4,424574.6
7z,random_search,3,20260427,50,65983,301355.6,4440.4,0.0005804297178112472,4196.4,424574.6
7z,rf_smbo,3,20260427,1,8642,17851.4,17851.4,0.03248265490455976,4196.4,424574.6
7z,rf_smbo,3,20260427,2,38412,44188.8,17851.4,0.03248265490455976,4196.4,424574.6
7z,rf_smbo,3,20260427,3,60268,9139.4,9139.4,0.011758459406315553,4196.4,424574.6
7z,rf_smbo,3,20260427,4,5781,99760.2,9139.4,0.011758459406315553,4196.4,424574.6
7z,rf_smbo,3,20260427,5,67708,301901.6,9139.4,0.011758459406315553,4196.4,424574.6
7z,rf_smbo,3,20260427,6,47439,35652.8,9139.4,0.011758459406315553,4196.4,424574.6
7z,rf_smbo,3,20260427,7,42360,14610.6,9139.4,0.011758459406315553,4196.4,424574.6
7z,rf_smbo,3,20260427,8,43966,8948.6,8948.6,0.01130458239746971,4196.4,424574.6
7z,rf_smbo,3,20260427,9,43800,9123.6,8948.6,0.01130458239746971,4196.4,424574.6
7z,rf_smbo,3,20260427,10,58530,9193.0,8948.6,0.01130458239746971,4196.4,424574.6
7z,rf_smbo,3,20260427,11,62687,9192.2,8948.6,0.01130458239746971,4196.4,424574.6
7z,rf_smbo,3,20260427,12,55989,9159.6,8948.6,0.01130458239746971,4196.4,424574.6
7z,rf_smbo,3,20260427,13,64569,9269.6,8948.6,0.01130458239746971,4196.4,424574.6
7z,rf_smbo,3,20260427,14,55978,9160.4,8948.6,0.01130458239746971,4196.4,424574.6
7z,rf_smbo,3,20260427,15,64426,9195.6,8948.6,0.01130458239746971,4196.4,424574.6
7z,rf_smbo,3,20260427,16,64844,47593.6,8948.6,0.01130458239746971,4196.4,424574.6
7z,rf_smbo,3,20260427,17,54965,9156.2,8948.6,0.01130458239746971,4196.4,424574.6
7z,rf_smbo,3,20260427,18,55142,9146.6,8948.6,0.01130458239746971,4196.4,424574.6
7z,rf_smbo,3,20260427,19,64415,9153.8,8948.6,0.01130458239746971,4196.4,424574.6
7z,rf_smbo,3,20260427,20,58406,9143.4,8948.6,0.01130458239746971,4196.4,424574.6
7z,rf_smbo,3,20260427,21,55229,9163.6,8948.6,0.01130458239746971,4196.4,424574.6
7z,rf_smbo,3,20260427,22,55263,9174.2,8948.6,0.01130458239746971,4196.4,424574.6
7z,rf_smbo,3,20260427,23,60267,9172.6,8948.6,0.01130458239746971,4196.4,424574.6
7z,rf_smbo,3,20260427,24,55824,9160.8,8948.6,0.01130458239746971,4196.4,424574.6
7z,rf_smbo,3,20260427,25,54962,9179.2,8948.6,0.01130458239746971,4196.4,424574.6
7z,rf_smbo,3,20260427,26,60976,9175.8,8948.6,0.01130458239746971,4196.4,424574.6
7z,rf_smbo,3,20260427,27,55827,9177.0,8948.6,0.01130458239746971,4196.4,424574.6
7z,rf_smbo,3,20260427,28,58695,9195.6,8948.6,0.01130458239746971,4196.4,424574.6
7z,rf_smbo,3,20260427,29,54959,9157.8,8948.6,0.01130458239746971,4196.4,424574.6
7z,rf_smbo,3,20260427,30,59278,9201.4,8948.6,0.01130458239746971,4196.4,424574.6
7z,rf_smbo,3,20260427,31,56836,9120.6,8948.6,0.01130458239746971,4196.4,424574.6
7z,rf_smbo,3,20260427,32,57536,9168.4,8948.6,0.01130458239746971,4196.4,424574.6
7z,rf_smbo,3,20260427,33,56684,9134.0,8948.6,0.01130458239746971,4196.4,424574.6
7z,rf_smbo,3,20260427,34,56696,9137.2,8948.6,0.01130458239746971,4196.4,424574.6
7z,rf_smbo,3,20260427,35,57378,301372.8,8948.6,0.01130458239746971,4196.4,424574.6
7z,rf_smbo,3,20260427,36,55247,9100.2,8948.6,0.01130458239746971,4196.4,424574.6
7z,rf_smbo,3,20260427,37,55267,9165.8,8948.6,0.01130458239746971,4196.4,424574.6
7z,rf_smbo,3,20260427,38,10203,96229.6,8948.6,0.01130458239746971,4196.4,424574.6
7z,rf_smbo,3,20260427,39,57416,300222.0,8948.6,0.01130458239746971,4196.4,424574.6
7z,rf_smbo,3,20260427,40,56665,9228.6,8948.6,0.01130458239746971,4196.4,424574.6
7z,rf_smbo,3,20260427,41,56980,9184.4,8948.6,0.01130458239746971,4196.4,424574.6
7z,rf_smbo,3,20260427,42,58523,9149.8,8948.6,0.01130458239746971,4196.4,424574.6
7z,rf_smbo,3,20260427,43,55260,9124.2,8948.6,0.01130458239746971,4196.4,424574.6
7z,rf_smbo,3,20260427,44,59552,9133.8,8948.6,0.01130458239746971,4196.4,424574.6
7z,rf_smbo,3,20260427,45,56966,9186.4,8948.6,0.01130458239746971,4196.4,424574.6
7z,rf_smbo,3,20260427,46,42881,119371.0,8948.6,0.01130458239746971,4196.4,424574.6
7z,rf_smbo,3,20260427,47,65279,9256.8,8948.6,0.01130458239746971,4196.4,424574.6
7z,rf_smbo,3,20260427,48,65265,9166.6,8948.6,0.01130458239746971,4196.4,424574.6
7z,rf_smbo,3,20260427,49,61975,9126.8,8948.6,0.01130458239746971,4196.4,424574.6
7z,rf_smbo,3,20260427,50,65552,9131.0,8948.6,0.01130458239746971,4196.4,424574.6
7z,random_search,4,20260428,1,62835,9181.4,9181.4,0.011858369439709292,4196.4,424574.6
7z,random_search,4,20260428,2,38814,12109.4,9181.4,0.011858369439709292,4196.4,424574.6
7z,random_search,4,20260428,3,61618,121257.6,9181.4,0.011858369439709292,4196.4,424574.6
7z,random_search,4,20260428,4,43062,9524.4,9181.4,0.011858369439709292,4196.4,424574.6
7z,random_search,4,20260428,5,31491,37494.0,9181.4,0.011858369439709292,4196.4,424574.6
7z,random_search,4,20260428,6,61208,9161.2,9161.2,0.011810317471267543,4196.4,424574.6
7z,random_search,4,20260428,7,37278,12325.6,9161.2,0.011810317471267543,4196.4,424574.6
7z,random_search,4,20260428,8,39206,37582.8,9161.2,0.011810317471267543,4196.4,424574.6
7z,random_search,4,20260428,9,42145,8967.2,8967.2,0.011348828269401224,4196.4,424574.6
7z,random_search,4,20260428,10,38624,13096.8,8967.2,0.011348828269401224,4196.4,424574.6
7z,random_search,4,20260428,11,38522,48252.8,8967.2,0.011348828269401224,4196.4,424574.6
7z,random_search,4,20260428,12,41113,48551.4,8967.2,0.011348828269401224,4196.4,424574.6
7z,random_search,4,20260428,13,7144,17726.0,8967.2,0.011348828269401224,4196.4,424574.6
7z,random_search,4,20260428,14,15938,91663.0,8967.2,0.011348828269401224,4196.4,424574.6
7z,random_search,4,20260428,15,7771,17716.4,8967.2,0.011348828269401224,4196.4,424574.6
7z,random_search,4,20260428,16,50495,418131.8,8967.2,0.011348828269401224,4196.4,424574.6
7z,random_search,4,20260428,17,61983,9174.0,8967.2,0.011348828269401224,4196.4,424574.6
7z,random_search,4,20260428,18,1011,17647.2,8967.2,0.011348828269401224,4196.4,424574.6
7z,random_search,4,20260428,19,57939,47364.6,8967.2,0.011348828269401224,4196.4,424574.6
7z,random_search,4,20260428,20,31095,12086.4,8967.2,0.011348828269401224,4196.4,424574.6
7z,random_search,4,20260428,21,57559,9135.6,8967.2,0.011348828269401224,4196.4,424574.6
7z,random_search,4,20260428,22,58176,121382.4,8967.2,0.011348828269401224,4196.4,424574.6
7z,random_search,4,20260428,23,65964,301841.2,8967.2,0.011348828269401224,4196.4,424574.6
7z,random_search,4,20260428,24,47093,415324.8,8967.2,0.011348828269401224,4196.4,424574.6
7z,random_search,4,20260428,25,11664,91156.8,8967.2,0.011348828269401224,4196.4,424574.6
7z,random_search,4,20260428,26,50016,35699.2,8967.2,0.011348828269401224,4196.4,424574.6
7z,random_search,4,20260428,27,36210,13005.0,8967.2,0.011348828269401224,4196.4,424574.6
7z,random_search,4,20260428,28,46014,48661.6,8967.2,0.011348828269401224,4196.4,424574.6
7z,random_search,4,20260428,29,66478,9146.8,8967.2,0.011348828269401224,4196.4,424574.6
7z,random_search,4,20260428,30,4695,11756.8,8967.2,0.011348828269401224,4196.4,424574.6
7z,random_search,4,20260428,31,12952,17744.8,8967.2,0.011348828269401224,4196.4,424574.6
7z,random_search,4,20260428,32,14117,4620.2,4620.2,0.0010081398131492076,4196.4,424574.6
7z,random_search,4,20260428,33,40419,12206.4,4620.2,0.0010081398131492076,4196.4,424574.6
7z,random_search,4,20260428,34,34679,12183.0,4620.2,0.0010081398131492076,4196.4,424574.6
7z,random_search,4,20260428,35,18117,17834.2,4620.2,0.0010081398131492076,4196.4,424574.6
7z,random_search,4,20260428,36,4448,17711.2,4620.2,0.0010081398131492076,4196.4,424574.6
7z,random_search,4,20260428,37,27927,12150.4,4620.2,0.0010081398131492076,4196.4,424574.6
7z,random_search,4,20260428,38,54595,48668.4,4620.2,0.0010081398131492076,4196.4,424574.6
7z,random_search,4,20260428,39,23225,4932.6,4620.2,0.0010081398131492076,4196.4,424574.6
7z,random_search,4,20260428,40,15048,81750.0,4620.2,0.0010081398131492076,4196.4,424574.6
7z,random_search,4,20260428,41,32892,14296.0,4620.2,0.0010081398131492076,4196.4,424574.6
7z,random_search,4,20260428,42,46183,124825.6,4620.2,0.0010081398131492076,4196.4,424574.6
7z,random_search,4,20260428,43,34629,13112.2,4620.2,0.0010081398131492076,4196.4,424574.6
7z,random_search,4,20260428,44,62657,9151.6,4620.2,0.0010081398131492076,4196.4,424574.6
7z,random_search,4,20260428,45,13454,117797.8,4620.2,0.0010081398131492076,4196.4,424574.6
7z,random_search,4,20260428,46,36295,11999.4,4620.2,0.0010081398131492076,4196.4,424574.6
7z,random_search,4,20260428,47,22814,82114.4,4620.2,0.0010081398131492076,4196.4,424574.6
7z,random_search,4,20260428,48,40131,38195.2,4620.2,0.0010081398131492076,4196.4,424574.6
7z,random_search,4,20260428,49,12557,90720.0,4620.2,0.0010081398131492076,4196.4,424574.6
7z,random_search,4,20260428,50,40382,12516.6,4620.2,0.0010081398131492076,4196.4,424574.6
7z,rf_smbo,4,20260428,1,19836,17630.6,17630.6,0.031957413586146954,4196.4,424574.6
7z,rf_smbo,4,20260428,2,1166,18458.8,17630.6,0.031957413586146954,4196.4,424574.6
7z,rf_smbo,4,20260428,3,46151,124564.2,17630.6,0.031957413586146954,4196.4,424574.6
7z,rf_smbo,4,20260428,4,51216,115682.2,17630.6,0.031957413586146954,4196.4,424574.6
7z,rf_smbo,4,20260428,5,20317,131559.0,17630.6,0.031957413586146954,4196.4,424574.6
7z,rf_smbo,4,20260428,6,13587,125354.6,17630.6,0.031957413586146954,4196.4,424574.6
7z,rf_smbo,4,20260428,7,24894,17624.2,17624.2,0.031942189200106004,4196.4,424574.6
7z,rf_smbo,4,20260428,8,68211,47207.8,17624.2,0.031942189200106004,4196.4,424574.6
7z,rf_smbo,4,20260428,9,14170,73591.4,17624.2,0.031942189200106004,4196.4,424574.6
7z,rf_smbo,4,20260428,10,54121,35687.0,17624.2,0.031942189200106004,4196.4,424574.6
7z,rf_smbo,4,20260428,11,12057,17695.6,17624.2,0.031942189200106004,4196.4,424574.6
7z,rf_smbo,4,20260428,12,7894,17707.8,17624.2,0.031942189200106004,4196.4,424574.6
7z,rf_smbo,4,20260428,13,10607,12471.2,12471.2,0.019684179626821757,4196.4,424574.6
7z,rf_smbo,4,20260428,14,10472,17924.0,12471.2,0.019684179626821757,4196.4,424574.6
7z,rf_smbo,4,20260428,15,1887,17715.8,12471.2,0.019684179626821757,4196.4,424574.6
7z,rf_smbo,4,20260428,16,10608,12461.6,12461.6,0.01966134304776033,4196.4,424574.6
7z,rf_smbo,4,20260428,17,7170,13347.0,12461.6,0.01966134304776033,4196.4,424574.6
7z,rf_smbo,4,20260428,18,301,13272.8,12461.6,0.01966134304776033,4196.4,424574.6
7z,rf_smbo,4,20260428,19,18333,12439.2,12439.2,0.019608057696617002,4196.4,424574.6
7z,rf_smbo,4,20260428,20,10763,98637.0,12439.2,0.019608057696617002,4196.4,424574.6
7z,rf_smbo,4,20260428,21,18313,15251.6,12439.2,0.019608057696617002,4196.4,424574.6
7z,rf_smbo,4,20260428,22,62946,9143.2,9143.2,0.01176749888552737,4196.4,424574.6
7z,rf_smbo,4,20260428,23,62958,9152.8,9143.2,0.01176749888552737,4196.4,424574.6
7z,rf_smbo,4,20260428,24,51938,23522.8,9143.2,0.01176749888552737,4196.4,424574.6
7z,rf_smbo,4,20260428,25,62968,9225.2,9143.2,0.01176749888552737,4196.4,424574.6
7z,rf_smbo,4,20260428,26,62935,9188.6,9143.2,0.01176749888552737,4196.4,424574.6
7z,rf_smbo,4,20260428,27,62938,9144.4,9143.2,0.01176749888552737,4196.4,424574.6
7z,rf_smbo,4,20260428,28,60384,9168.2,9143.2,0.01176749888552737,4196.4,424574.6
7z,rf_smbo,4,20260428,29,64673,9148.0,9143.2,0.01176749888552737,4196.4,424574.6
7z,rf_smbo,4,20260428,30,63828,9188.4,9143.2,0.01176749888552737,4196.4,424574.6
7z,rf_smbo,4,20260428,31,63783,9168.8,9143.2,0.01176749888552737,4196.4,424574.6
7z,rf_smbo,4,20260428,32,68118,9160.2,9143.2,0.01176749888552737,4196.4,424574.6
7z,rf_smbo,4,20260428,33,64719,9155.6,9143.2,0.01176749888552737,4196.4,424574.6
7z,rf_smbo,4,20260428,34,56059,9090.8,9090.8,0.011642849224817082,4196.4,424574.6
7z,rf_smbo,4,20260428,35,56176,9359.4,9090.8,0.011642849224817082,4196.4,424574.6
7z,rf_smbo,4,20260428,36,68159,9169.4,9090.8,0.011642849224817082,4196.4,424574.6
7z,rf_smbo,4,20260428,37,59493,9158.4,9090.8,0.011642849224817082,4196.4,424574.6
7z,rf_smbo,4,20260428,38,66356,9139.2,9090.8,0.011642849224817082,4196.4,424574.6
7z,rf_smbo,4,20260428,39,43255,13273.6,9090.8,0.011642849224817082,4196.4,424574.6
7z,rf_smbo,4,20260428,40,62942,9224.6,9090.8,0.011642849224817082,4196.4,424574.6
7z,rf_smbo,4,20260428,41,68243,47538.2,9090.8,0.011642849224817082,4196.4,424574.6
7z,rf_smbo,4,20260428,42,63789,9226.2,9090.8,0.011642849224817082,4196.4,424574.6
7z,rf_smbo,4,20260428,43,61664,299020.8,9090.8,0.011642849224817082,4196.4,424574.6
7z,rf_smbo,4,20260428,44,58630,9390.8,9090.8,0.011642849224817082,4196.4,424574.6
7z,rf_smbo,4,20260428,45,66362,9177.2,9090.8,0.011642849224817082,4196.4,424574.6
7z,rf_smbo,4,20260428,46,64693,9183.6,9090.8,0.011642849224817082,4196.4,424574.6
7z,rf_smbo,4,20260428,47,56927,9102.0,9090.8,0.011642849224817082,4196.4,424574.6
7z,rf_smbo,4,20260428,48,67233,9263.4,9090.8,0.011642849224817082,4196.4,424574.6
7z,rf_smbo,4,20260428,49,56935,9102.0,9090.8,0.011642849224817082,4196.4,424574.6
7z,rf_smbo,4,20260428,50,67210,9303.2,9090.8,0.011642849224817082,4196.4,424574.6
7z,random_search,5,20260429,1,40745,12388.2,12388.2,0.01948673837035318,4196.4,424574.6
7z,random_search,5,20260429,2,10179,80777.8,12388.2,0.01948673837035318,4196.4,424574.6
7z,random_search,5,20260429,3,58214,298383.4,12388.2,0.01948673837035318,4196.4,424574.6
7z,random_search,5,20260429,4,17965,101374.6,12388.2,0.01948673837035318,4196.4,424574.6
7z,random_search,5,20260429,5,2194,93615.8,12388.2,0.01948673837035318,4196.4,424574.6
7z,random_search,5,20260429,6,23791,95110.6,12388.2,0.01948673837035318,4196.4,424574.6
7z,random_search,5,20260429,7,21258,101543.6,12388.2,0.01948673837035318,4196.4,424574.6
7z,random_search,5,20260429,8,50637,35901.0,12388.2,0.01948673837035318,4196.4,424574.6
7z,random_search,5,20260429,9,67885,9199.2,9199.2,0.011900712263385689,4196.4,424574.6
7z,random_search,5,20260429,10,64723,9181.8,9181.8,0.01185932096383685,4196.4,424574.6
7z,random_search,5,20260429,11,15501,17762.8,9181.8,0.01185932096383685,4196.4,424574.6
7z,random_search,5,20260429,12,54377,43586.6,9181.8,0.01185932096383685,4196.4,424574.6
7z,random_search,5,20260429,13,40421,12143.8,9181.8,0.01185932096383685,4196.4,424574.6
7z,random_search,5,20260429,14,62059,9168.8,9168.8,0.01182839642969117,4196.4,424574.6
7z,random_search,5,20260429,15,26582,102630.2,9168.8,0.01182839642969117,4196.4,424574.6
7z,random_search,5,20260429,16,48056,9994.2,9168.8,0.01182839642969117,4196.4,424574.6
7z,random_search,5,20260429,17,33264,44218.0,9168.8,0.01182839642969117,4196.4,424574.6
7z,random_search,5,20260429,18,32644,12362.6,9168.8,0.01182839642969117,4196.4,424574.6
7z,random_search,5,20260429,19,35853,38089.6,9168.8,0.01182839642969117,4196.4,424574.6
7z,random_search,5,20260429,20,17601,73634.2,9168.8,0.01182839642969117,4196.4,424574.6
7z,random_search,5,20260429,21,27288,102652.6,9168.8,0.01182839642969117,4196.4,424574.6
7z,random_search,5,20260429,22,44123,13826.2,9168.8,0.01182839642969117,4196.4,424574.6
7z,random_search,5,20260429,23,64146,122812.6,9168.8,0.01182839642969117,4196.4,424574.6
7z,random_search,5,20260429,24,26167,11822.8,9168.8,0.01182839642969117,4196.4,424574.6
7z,random_search,5,20260429,25,38157,11980.8,9168.8,0.01182839642969117,4196.4,424574.6
7z,random_search,5,20260429,26,54120,35487.4,9168.8,0.01182839642969117,4196.4,424574.6
7z,random_search,5,20260429,27,7075,17784.2,9168.8,0.01182839642969117,4196.4,424574.6
7z,random_search,5,20260429,28,19395,89521.2,9168.8,0.01182839642969117,4196.4,424574.6
7z,random_search,5,20260429,29,43547,39360.4,9168.8,0.01182839642969117,4196.4,424574.6
7z,random_search,5,20260429,30,52416,35723.8,9168.8,0.01182839642969117,4196.4,424574.6
7z,random_search,5,20260429,31,45348,416962.4,9168.8,0.01182839642969117,4196.4,424574.6
7z,random_search,5,20260429,32,46274,416158.8,9168.8,0.01182839642969117,4196.4,424574.6
7z,random_search,5,20260429,33,40378,12294.8,9168.8,0.01182839642969117,4196.4,424574.6
7z,random_search,5,20260429,34,65145,301048.0,9168.8,0.01182839642969117,4196.4,424574.6
7z,random_search,5,20260429,35,37769,13006.0,9168.8,0.01182839642969117,4196.4,424574.6
7z,random_search,5,20260429,36,68438,121223.0,9168.8,0.01182839642969117,4196.4,424574.6
7z,random_search,5,20260429,37,30303,12068.0,9168.8,0.01182839642969117,4196.4,424574.6
7z,random_search,5,20260429,38,40060,39101.6,9168.8,0.01182839642969117,4196.4,424574.6
7z,random_search,5,20260429,39,24178,17848.4,9168.8,0.01182839642969117,4196.4,424574.6
7z,random_search,5,20260429,40,50785,35653.0,9168.8,0.01182839642969117,4196.4,424574.6
7z,random_search,5,20260429,41,46074,124340.8,9168.8,0.01182839642969117,4196.4,424574.6
7z,random_search,5,20260429,42,61951,9313.8,9168.8,0.01182839642969117,4196.4,424574.6
7z,random_search,5,20260429,43,54608,49365.6,9168.8,0.01182839642969117,4196.4,424574.6
7z,random_search,5,20260429,44,23621,72855.2,9168.8,0.01182839642969117,4196.4,424574.6
7z,random_search,5,20260429,45,14487,85489.4,9168.8,0.01182839642969117,4196.4,424574.6
7z,random_search,5,20260429,46,29605,18105.6,9168.8,0.01182839642969117,4196.4,424574.6
7z,random_search,5,20260429,47,33508,12196.8,9168.8,0.01182839642969117,4196.4,424574.6
7z,random_search,5,20260429,48,673,101232.0,9168.8,0.01182839642969117,4196.4,424574.6
7z,random_search,5,20260429,49,64102,121467.4,9168.8,0.01182839642969117,4196.4,424574.6
7z,random_search,5,20260429,50,29122,48757.2,9168.8,0.01182839642969117,4196.4,424574.6
7z,rf_smbo,5,20260429,1,27693,12081.8,12081.8,0.018757870888642655,4196.4,424574.6
7z,rf_smbo,5,20260429,2,22976,101400.6,12081.8,0.018757870888642655,4196.4,424574.6
7z,rf_smbo,5,20260429,3,29943,50381.4,12081.8,0.018757870888642655,4196.4,424574.6
7z,rf_smbo,5,20260429,4,23653,87029.2,12081.8,0.018757870888642655,4196.4,424574.6
7z,rf_smbo,5,20260429,5,45967,49597.4,12081.8,0.018757870888642655,4196.4,424574.6
7z,rf_smbo,5,20260429,6,17153,102914.8,12081.8,0.018757870888642655,4196.4,424574.6
7z,rf_smbo,5,20260429,7,55138,9139.4,9139.4,0.011758459406315553,4196.4,424574.6
7z,rf_smbo,5,20260429,8,54995,9190.2,9139.4,0.011758459406315553,4196.4,424574.6
7z,rf_smbo,5,20260429,9,56175,9221.6,9139.4,0.011758459406315553,4196.4,424574.6
7z,rf_smbo,5,20260429,10,65326,9169.2,9139.4,0.011758459406315553,4196.4,424574.6
7z,rf_smbo,5,20260429,11,66149,9222.2,9139.4,0.011758459406315553,4196.4,424574.6
7z,rf_smbo,5,20260429,12,56762,9117.0,9117.0,0.011705174055172225,4196.4,424574.6
7z,rf_smbo,5,20260429,13,59316,9106.4,9106.4,0.0116799586657919,4196.4,424574.6
7z,rf_smbo,5,20260429,14,57899,9159.6,9106.4,0.0116799586657919,4196.4,424574.6
7z,rf_smbo,5,20260429,15,66176,9287.4,9106.4,0.0116799586657919,4196.4,424574.6
7z,rf_smbo,5,20260429,16,59337,9111.6,9106.4,0.0116799586657919,4196.4,424574.6
7z,rf_smbo,5,20260429,17,61339,9156.0,9106.4,0.0116799586657919,4196.4,424574.6
7z,rf_smbo,5,20260429,18,57522,9279.0,9106.4,0.0116799586657919,4196.4,424574.6
7z,rf_smbo,5,20260429,19,59273,9135.2,9106.4,0.0116799586657919,4196.4,424574.6
7z,rf_smbo,5,20260429,20,57558,9165.2,9106.4,0.0116799586657919,4196.4,424574.6
7z,rf_smbo,5,20260429,21,56757,9144.8,9106.4,0.0116799586657919,4196.4,424574.6
7z,rf_smbo,5,20260429,22,67060,9187.2,9106.4,0.0116799586657919,4196.4,424574.6
7z,rf_smbo,5,20260429,23,59207,9099.8,9099.8,0.01166425851768717,4196.4,424574.6
7z,rf_smbo,5,20260429,24,59615,9123.8,9099.8,0.01166425851768717,4196.4,424574.6
7z,rf_smbo,5,20260429,25,59493,9158.4,9099.8,0.01166425851768717,4196.4,424574.6
7z,rf_smbo,5,20260429,26,56726,9163.2,9099.8,0.01166425851768717,4196.4,424574.6
7z,rf_smbo,5,20260429,27,59204,9141.0,9099.8,0.01166425851768717,4196.4,424574.6
7z,rf_smbo,5,20260429,28,21589,4765.0,4765.0,0.0013525915473257186,4196.4,424574.6
7z,rf_smbo,5,20260429,29,50762,35660.2,4765.0,0.0013525915473257186,4196.4,424574.6
7z,rf_smbo,5,20260429,30,59344,9167.8,4765.0,0.0013525915473257186,4196.4,424574.6
7z,rf_smbo,5,20260429,31,57771,9107.6,4765.0,0.0013525915473257186,4196.4,424574.6
7z,rf_smbo,5,20260429,32,61486,47553.8,4765.0,0.0013525915473257186,4196.4,424574.6
7z,rf_smbo,5,20260429,33,61058,9115.8,4765.0,0.0013525915473257186,4196.4,424574.6
7z,rf_smbo,5,20260429,34,59497,9125.8,4765.0,0.0013525915473257186,4196.4,424574.6
7z,rf_smbo,5,20260429,35,57627,9195.8,4765.0,0.0013525915473257186,4196.4,424574.6
7z,rf_smbo,5,20260429,36,5568,11934.2,4765.0,0.0013525915473257186,4196.4,424574.6
7z,rf_smbo,5,20260429,37,998,17736.0,4765.0,0.0013525915473257186,4196.4,424574.6
7z,rf_smbo,5,20260429,38,20731,4766.6,4765.0,0.0013525915473257186,4196.4,424574.6
7z,rf_smbo,5,20260429,39,23283,4767.0,4765.0,0.0013525915473257186,4196.4,424574.6
7z,rf_smbo,5,20260429,40,21127,84857.6,4765.0,0.0013525915473257186,4196.4,424574.6
7z,rf_smbo,5,20260429,41,22425,4782.6,4765.0,0.0013525915473257186,4196.4,424574.6
7z,rf_smbo,5,20260429,42,22623,11918.6,4765.0,0.0013525915473257186,4196.4,424574.6
7z,rf_smbo,5,20260429,43,32569,48420.4,4765.0,0.0013525915473257186,4196.4,424574.6
7z,rf_smbo,5,20260429,44,21644,4995.0,4765.0,0.0013525915473257186,4196.4,424574.6
7z,rf_smbo,5,20260429,45,21570,4655.0,4655.0,0.0010909224122468777,4196.4,424574.6
7z,rf_smbo,5,20260429,46,15123,83126.6,4655.0,0.0010909224122468777,4196.4,424574.6
7z,rf_smbo,5,20260429,47,21579,4688.8,4655.0,0.0010909224122468777,4196.4,424574.6
7z,rf_smbo,5,20260429,48,20724,11401.8,4655.0,0.0010909224122468777,4196.4,424574.6
7z,rf_smbo,5,20260429,49,36878,48508.6,4655.0,0.0010909224122468777,4196.4,424574.6
7z,rf_smbo,5,20260429,50,21502,4980.4,4655.0,0.0010909224122468777,4196.4,424574.6
7z,random_search,6,20260430,1,33242,44222.4,44222.4,0.09521426182423352,4196.4,424574.6
7z,random_search,6,20260430,2,509,88876.4,44222.4,0.09521426182423352,4196.4,424574.6
7z,random_search,6,20260430,3,30440,12095.6,12095.6,0.01879069847104346,4196.4,424574.6
7z,random_search,6,20260430,4,45525,35788.2,12095.6,0.01879069847104346,4196.4,424574.6
7z,random_search,6,20260430,5,3373,103007.6,12095.6,0.01879069847104346,4196.4,424574.6
7z,random_search,6,20260430,6,2102,12322.6,12095.6,0.01879069847104346,4196.4,424574.6
7z,random_search,6,20260430,7,50060,42861.2,12095.6,0.01879069847104346,4196.4,424574.6
7z,random_search,6,20260430,8,51620,8905.4,8905.4,0.01120181779169329,4196.4,424574.6
7z,random_search,6,20260430,9,60756,121742.2,8905.4,0.01120181779169329,4196.4,424574.6
7z,random_search,6,20260430,10,31605,50283.2,8905.4,0.01120181779169329,4196.4,424574.6
7z,random_search,6,20260430,11,6626,105452.0,8905.4,0.01120181779169329,4196.4,424574.6
7z,random_search,6,20260430,12,63792,9204.2,8905.4,0.01120181779169329,4196.4,424574.6
7z,random_search,6,20260430,13,2662,17916.4,8905.4,0.01120181779169329,4196.4,424574.6
7z,random_search,6,20260430,14,30688,37808.2,8905.4,0.01120181779169329,4196.4,424574.6
7z,random_search,6,20260430,15,24476,103531.4,8905.4,0.01120181779169329,4196.4,424574.6
7z,random_search,6,20260430,16,11954,102617.6,8905.4,0.01120181779169329,4196.4,424574.6
7z,random_search,6,20260430,17,16956,102910.2,8905.4,0.01120181779169329,4196.4,424574.6
7z,random_search,6,20260430,18,12812,102677.4,8905.4,0.01120181779169329,4196.4,424574.6
7z,random_search,6,20260430,19,51853,12778.8,8905.4,0.01120181779169329,4196.4,424574.6
7z,random_search,6,20260430,20,17420,4845.4,4845.4,0.0015438478969651615,4196.4,424574.6
7z,random_search,6,20260430,21,46891,49720.8,4845.4,0.0015438478969651615,4196.4,424574.6
7z,random_search,6,20260430,22,32177,18153.6,4845.4,0.0015438478969651615,4196.4,424574.6
7z,random_search,6,20260430,23,62822,9188.6,4845.4,0.0015438478969651615,4196.4,424574.6
7z,random_search,6,20260430,24,4011,83116.4,4845.4,0.0015438478969651615,4196.4,424574.6
7z,random_search,6,20260430,25,25992,17707.4,4845.4,0.0015438478969651615,4196.4,424574.6
7z,random_search,6,20260430,26,173,17715.0,4845.4,0.0015438478969651615,4196.4,424574.6
7z,random_search,6,20260430,27,39490,15917.4,4845.4,0.0015438478969651615,4196.4,424574.6
7z,random_search,6,20260430,28,29466,14681.8,4845.4,0.0015438478969651615,4196.4,424574.6
7z,random_search,6,20260430,29,47045,125767.4,4845.4,0.0015438478969651615,4196.4,424574.6
7z,random_search,6,20260430,30,16730,11813.4,4845.4,0.0015438478969651615,4196.4,424574.6
7z,random_search,6,20260430,31,39122,10573.8,4845.4,0.0015438478969651615,4196.4,424574.6
7z,random_search,6,20260430,32,36275,12044.0,4845.4,0.0015438478969651615,4196.4,424574.6
7z,random_search,6,20260430,33,8016,15212.8,4845.4,0.0015438478969651615,4196.4,424574.6
7z,random_search,6,20260430,34,21052,72842.2,4845.4,0.0015438478969651615,4196.4,424574.6
7z,random_search,6,20260430,35,7728,17707.2,4845.4,0.0015438478969651615,4196.4,424574.6
7z,random_search,6,20260430,36,47215,35951.4,4845.4,0.0015438478969651615,4196.4,424574.6
7z,random_search,6,20260430,37,63732,9193.8,4845.4,0.0015438478969651615,4196.4,424574.6
7z,random_search,6,20260430,38,47834,125053.6,4845.4,0.0015438478969651615,4196.4,424574.6
7z,random_search,6,20260430,39,17257,4679.0,4679.0,0.001148013859900443,4196.4,424574.6
7z,random_search,6,20260430,40,19105,4671.0,4671.0,0.0011289833773492546,4196.4,424574.6
7z,random_search,6,20260430,41,16808,123625.8,4671.0,0.0011289833773492546,4196.4,424574.6
7z,random_search,6,20260430,42,22925,96579.8,4671.0,0.0011289833773492546,4196.4,424574.6
7z,random_search,6,20260430,43,30042,13249.8,4671.0,0.0011289833773492546,4196.4,424574.6
7z,random_search,6,20260430,44,27814,12132.0,4671.0,0.0011289833773492546,4196.4,424574.6
7z,random_search,6,20260430,45,20949,4565.4,4565.4,0.0008777810076735664,4196.4,424574.6
7z,random_search,6,20260430,46,46459,35968.2,4565.4,0.0008777810076735664,4196.4,424574.6
7z,random_search,6,20260430,47,2470,109651.8,4565.4,0.0008777810076735664,4196.4,424574.6
7z,random_search,6,20260430,48,13839,5743.4,4565.4,0.0008777810076735664,4196.4,424574.6
7z,random_search,6,20260430,49,55415,47548.4,4565.4,0.0008777810076735664,4196.4,424574.6
7z,random_search,6,20260430,50,65147,301288.2,4565.4,0.0008777810076735664,4196.4,424574.6
7z,rf_smbo,6,20260430,1,19418,88829.0,88829.0,0.20132490219521376,4196.4,424574.6
7z,rf_smbo,6,20260430,2,39054,15627.2,15627.2,0.027191704993265592,4196.4,424574.6
7z,rf_smbo,6,20260430,3,40808,11088.0,11088.0,0.016393809193721274,4196.4,424574.6
7z,rf_smbo,6,20260430,4,58567,9177.8,9177.8,0.011849805722561255,4196.4,424574.6
7z,rf_smbo,6,20260430,5,49659,146218.4,9177.8,0.011849805722561255,4196.4,424574.6
7z,rf_smbo,6,20260430,6,211,17742.6,9177.8,0.011849805722561255,4196.4,424574.6
7z,rf_smbo,6,20260430,7,37818,16023.4,9177.8,0.011849805722561255,4196.4,424574.6
7z,rf_smbo,6,20260430,8,64104,121131.4,9177.8,0.011849805722561255,4196.4,424574.6
7z,rf_smbo,6,20260430,9,44113,13201.0,9177.8,0.011849805722561255,4196.4,424574.6
7z,rf_smbo,6,20260430,10,29242,12146.8,9177.8,0.011849805722561255,4196.4,424574.6
7z,rf_smbo,6,20260430,11,29387,12103.6,9177.8,0.011849805722561255,4196.4,424574.6
7z,rf_smbo,6,20260430,12,30248,12153.8,9177.8,0.011849805722561255,4196.4,424574.6
7z,rf_smbo,6,20260430,13,30227,12243.2,9177.8,0.011849805722561255,4196.4,424574.6
7z,rf_smbo,6,20260430,14,42107,8929.4,8929.4,0.011258909239346856,4196.4,424574.6
7z,rf_smbo,6,20260430,15,42248,8982.0,8929.4,0.011258909239346856,4196.4,424574.6
7z,rf_smbo,6,20260430,16,58395,9203.0,8929.4,0.011258909239346856,4196.4,424574.6
7z,rf_smbo,6,20260430,17,42061,9524.4,8929.4,0.011258909239346856,4196.4,424574.6
7z,rf_smbo,6,20260430,18,46351,35819.8,8929.4,0.011258909239346856,4196.4,424574.6
7z,rf_smbo,6,20260430,19,54977,9132.4,8929.4,0.011258909239346856,4196.4,424574.6
7z,rf_smbo,6,20260430,20,55119,9118.6,8929.4,0.011258909239346856,4196.4,424574.6
7z,rf_smbo,6,20260430,21,56691,9119.8,8929.4,0.011258909239346856,4196.4,424574.6
7z,rf_smbo,6,20260430,22,59548,9156.4,8929.4,0.011258909239346856,4196.4,424574.6
7z,rf_smbo,6,20260430,23,59118,299592.6,8929.4,0.011258909239346856,4196.4,424574.6
7z,rf_smbo,6,20260430,24,58405,9151.0,8929.4,0.011258909239346856,4196.4,424574.6
7z,rf_smbo,6,20260430,25,58689,9168.4,8929.4,0.011258909239346856,4196.4,424574.6
7z,rf_smbo,6,20260430,26,56690,9139.0,8929.4,0.011258909239346856,4196.4,424574.6
7z,rf_smbo,6,20260430,27,56120,9207.8,8929.4,0.011258909239346856,4196.4,424574.6
7z,rf_smbo,6,20260430,28,58574,9226.0,8929.4,0.011258909239346856,4196.4,424574.6
7z,rf_smbo,6,20260430,29,61263,9196.8,8929.4,0.011258909239346856,4196.4,424574.6
7z,rf_smbo,6,20260430,30,56726,9163.2,8929.4,0.011258909239346856,4196.4,424574.6
7z,rf_smbo,6,20260430,31,58486,9211.0,8929.4,0.011258909239346856,4196.4,424574.6
7z,rf_smbo,6,20260430,32,64254,301593.2,8929.4,0.011258909239346856,4196.4,424574.6
7z,rf_smbo,6,20260430,33,56880,9213.8,8929.4,0.011258909239346856,4196.4,424574.6
7z,rf_smbo,6,20260430,34,55103,9135.8,8929.4,0.011258909239346856,4196.4,424574.6
7z,rf_smbo,6,20260430,35,65415,9317.8,8929.4,0.011258909239346856,4196.4,424574.6
7z,rf_smbo,6,20260430,36,56962,9122.6,8929.4,0.011258909239346856,4196.4,424574.6
7z,rf_smbo,6,20260430,37,56746,9137.8,8929.4,0.011258909239346856,4196.4,424574.6
7z,rf_smbo,6,20260430,38,55195,9144.4,8929.4,0.011258909239346856,4196.4,424574.6
7z,rf_smbo,6,20260430,39,55030,9174.4,8929.4,0.011258909239346856,4196.4,424574.6
7z,rf_smbo,6,20260430,40,56719,9166.8,8929.4,0.011258909239346856,4196.4,424574.6
7z,rf_smbo,6,20260430,41,56743,9190.8,8929.4,0.011258909239346856,4196.4,424574.6
7z,rf_smbo,6,20260430,42,58413,9176.2,8929.4,0.011258909239346856,4196.4,424574.6
7z,rf_smbo,6,20260430,43,56757,9144.8,8929.4,0.011258909239346856,4196.4,424574.6
7z,rf_smbo,6,20260430,44,59315,9121.2,8929.4,0.011258909239346856,4196.4,424574.6
7z,rf_smbo,6,20260430,45,58556,9177.2,8929.4,0.011258909239346856,4196.4,424574.6
7z,rf_smbo,6,20260430,46,65281,9212.2,8929.4,0.011258909239346856,4196.4,424574.6
7z,rf_smbo,6,20260430,47,59256,9128.8,8929.4,0.011258909239346856,4196.4,424574.6
7z,rf_smbo,6,20260430,48,65271,9176.4,8929.4,0.011258909239346856,4196.4,424574.6
7z,rf_smbo,6,20260430,49,64110,121494.4,8929.4,0.011258909239346856,4196.4,424574.6
7z,rf_smbo,6,20260430,50,55111,9210.6,8929.4,0.011258909239346856,4196.4,424574.6
7z,random_search,7,20260431,1,53208,9655.6,9655.6,0.012986401292930988,4196.4,424574.6
7z,random_search,7,20260431,2,42231,9164.0,9164.0,0.011816978140160458,4196.4,424574.6
7z,random_search,7,20260431,3,59512,9155.8,9155.8,0.011797471895545487,4196.4,424574.6
7z,random_search,7,20260431,4,9132,89278.0,9155.8,0.011797471895545487,4196.4,424574.6
7z,random_search,7,20260431,5,21301,101054.6,9155.8,0.011797471895545487,4196.4,424574.6
7z,random_search,7,20260431,6,215,17670.4,9155.8,0.011797471895545487,4196.4,424574.6
7z,random_search,7,20260431,7,20410,103084.8,9155.8,0.011797471895545487,4196.4,424574.6
7z,random_search,7,20260431,8,41858,40883.0,9155.8,0.011797471895545487,4196.4,424574.6
7z,random_search,7,20260431,9,53489,20203.2,9155.8,0.011797471895545487,4196.4,424574.6
7z,random_search,7,20260431,10,37884,16080.2,9155.8,0.011797471895545487,4196.4,424574.6
7z,random_search,7,20260431,11,46053,123577.0,9155.8,0.011797471895545487,4196.4,424574.6
7z,random_search,7,20260431,12,64378,9187.0,9155.8,0.011797471895545487,4196.4,424574.6
7z,random_search,7,20260431,13,52038,19332.4,9155.8,0.011797471895545487,4196.4,424574.6
7z,random_search,7,20260431,14,48942,9190.6,9155.8,0.011797471895545487,4196.4,424574.6
7z,random_search,7,20260431,15,7689,85241.2,9155.8,0.011797471895545487,4196.4,424574.6
7z,random_search,7,20260431,16,28515,12218.6,9155.8,0.011797471895545487,4196.4,424574.6
7z,random_search,7,20260431,17,34162,38193.2,9155.8,0.011797471895545487,4196.4,424574.6
7z,random_search,7,20260431,18,52929,124232.4,9155.8,0.011797471895545487,4196.4,424574.6
7z,random_search,7,20260431,19,56986,9137.6,9137.6,0.011754177547741537,4196.4,424574.6
7z,random_search,7,20260431,20,141,17651.8,9137.6,0.011754177547741537,4196.4,424574.6
7z,random_search,7,20260431,21,66990,9200.2,9137.6,0.011754177547741537,4196.4,424574.6
7z,random_search,7,20260431,22,51648,9392.0,9137.6,0.011754177547741537,4196.4,424574.6
7z,random_search,7,20260431,23,14752,6124.0,6124.0,0.004585394770708854,4196.4,424574.6
7z,random_search,7,20260431,24,14840,5733.4,5733.4,0.0036562314601470774,4196.4,424574.6
7z,random_search,7,20260431,25,54693,124551.2,5733.4,0.0036562314601470774,4196.4,424574.6
7z,random_search,7,20260431,26,11865,103005.8,5733.4,0.0036562314601470774,4196.4,424574.6
7z,random_search,7,20260431,27,43095,8975.6,5733.4,0.0036562314601470774,4196.4,424574.6
7z,random_search,7,20260431,28,66405,9159.4,5733.4,0.0036562314601470774,4196.4,424574.6
7z,random_search,7,20260431,29,48269,9233.8,5733.4,0.0036562314601470774,4196.4,424574.6
7z,random_search,7,20260431,30,49618,39234.4,5733.4,0.0036562314601470774,4196.4,424574.6
7z,random_search,7,20260431,31,33098,10947.8,5733.4,0.0036562314601470774,4196.4,424574.6
7z,random_search,7,20260431,32,62005,9193.2,5733.4,0.0036562314601470774,4196.4,424574.6
7z,random_search,7,20260431,33,61909,9169.2,5733.4,0.0036562314601470774,4196.4,424574.6
7z,random_search,7,20260431,34,32175,20801.6,5733.4,0.0036562314601470774,4196.4,424574.6
7z,random_search,7,20260431,35,47176,414556.4,5733.4,0.0036562314601470774,4196.4,424574.6
7z,random_search,7,20260431,36,46685,43172.4,5733.4,0.0036562314601470774,4196.4,424574.6
7z,random_search,7,20260431,37,5501,12361.2,5733.4,0.0036562314601470774,4196.4,424574.6
7z,random_search,7,20260431,38,20669,11401.2,5733.4,0.0036562314601470774,4196.4,424574.6
7z,random_search,7,20260431,39,19093,4717.4,4717.4,0.0012393601761461466,4196.4,424574.6
7z,random_search,7,20260431,40,10553,17825.2,4717.4,0.0012393601761461466,4196.4,424574.6
7z,random_search,7,20260431,41,5276,17846.6,4717.4,0.0012393601761461466,4196.4,424574.6
7z,random_search,7,20260431,42,39442,48467.8,4717.4,0.0012393601761461466,4196.4,424574.6
7z,random_search,7,20260431,43,56283,47597.2,4717.4,0.0012393601761461466,4196.4,424574.6
7z,random_search,7,20260431,44,63266,121383.0,4717.4,0.0012393601761461466,4196.4,424574.6
7z,random_search,7,20260431,45,47557,43394.0,4717.4,0.0012393601761461466,4196.4,424574.6
7z,random_search,7,20260431,46,57005,9170.6,4717.4,0.0012393601761461466,4196.4,424574.6
7z,random_search,7,20260431,47,31861,12212.4,4717.4,0.0012393601761461466,4196.4,424574.6
7z,random_search,7,20260431,48,52125,39785.6,4717.4,0.0012393601761461466,4196.4,424574.6
7z,random_search,7,20260431,49,11602,107410.4,4717.4,0.0012393601761461466,4196.4,424574.6
7z,random_search,7,20260431,50,64244,299859.2,4717.4,0.0012393601761461466,4196.4,424574.6
7z,rf_smbo,7,20260431,1,2438,125648.8,125648.8,0.28891222237499475,4196.4,424574.6
7z,rf_smbo,7,20260431,2,38939,12486.2,12486.2,0.019719861781605237,4196.4,424574.6
7z,rf_smbo,7,20260431,3,18400,11864.4,11864.4,0.01824071752531411,4196.4,424574.6
7z,rf_smbo,7,20260431,4,47059,418818.6,11864.4,0.01824071752531411,4196.4,424574.6
7z,rf_smbo,7,20260431,5,66968,9193.6,9193.6,0.011887390925599857,4196.4,424574.6
7z,rf_smbo,7,20260431,6,56880,9213.8,9193.6,0.011887390925599857,4196.4,424574.6
7z,rf_smbo,7,20260431,7,67176,9195.6,9193.6,0.011887390925599857,4196.4,424574.6
7z,rf_smbo,7,20260431,8,61048,9131.4,9131.4,0.011739428923764363,4196.4,424574.6
7z,rf_smbo,7,20260431,9,61035,9198.2,9131.4,0.011739428923764363,4196.4,424574.6
7z,rf_smbo,7,20260431,10,56758,9235.8,9131.4,0.011739428923764363,4196.4,424574.6
7z,rf_smbo,7,20260431,11,19007,4653.6,4653.6,0.0010875920778004207,4196.4,424574.6
7z,rf_smbo,7,20260431,12,61043,9201.0,4653.6,0.0010875920778004207,4196.4,424574.6
7z,rf_smbo,7,20260431,13,57607,9227.2,4653.6,0.0010875920778004207,4196.4,424574.6
7z,rf_smbo,7,20260431,14,38752,12188.6,4653.6,0.0010875920778004207,4196.4,424574.6
7z,rf_smbo,7,20260431,15,48190,8905.8,4653.6,0.0010875920778004207,4196.4,424574.6
7z,rf_smbo,7,20260431,16,58221,298338.8,4653.6,0.0010875920778004207,4196.4,424574.6
7z,rf_smbo,7,20260431,17,56407,121383.8,4653.6,0.0010875920778004207,4196.4,424574.6
7z,rf_smbo,7,20260431,18,58313,301563.2,4653.6,0.0010875920778004207,4196.4,424574.6
7z,rf_smbo,7,20260431,19,51602,9238.6,4653.6,0.0010875920778004207,4196.4,424574.6
7z,rf_smbo,7,20260431,20,7754,17690.4,4653.6,0.0010875920778004207,4196.4,424574.6
7z,rf_smbo,7,20260431,21,49793,35925.8,4653.6,0.0010875920778004207,4196.4,424574.6
7z,rf_smbo,7,20260431,22,48608,19674.6,4653.6,0.0010875920778004207,4196.4,424574.6
7z,rf_smbo,7,20260431,23,57622,9171.2,4653.6,0.0010875920778004207,4196.4,424574.6
7z,rf_smbo,7,20260431,24,51591,9248.0,4653.6,0.0010875920778004207,4196.4,424574.6
7z,rf_smbo,7,20260431,25,7763,17901.2,4653.6,0.0010875920778004207,4196.4,424574.6
7z,rf_smbo,7,20260431,26,20584,103349.0,4653.6,0.0010875920778004207,4196.4,424574.6
7z,rf_smbo,7,20260431,27,55901,9232.6,4653.6,0.0010875920778004207,4196.4,424574.6
7z,rf_smbo,7,20260431,28,18908,5469.6,4653.6,0.0010875920778004207,4196.4,424574.6
7z,rf_smbo,7,20260431,29,23198,5547.4,4653.6,0.0010875920778004207,4196.4,424574.6
7z,rf_smbo,7,20260431,30,57608,9212.0,4653.6,0.0010875920778004207,4196.4,424574.6
7z,rf_smbo,7,20260431,31,23333,5653.4,4653.6,0.0010875920778004207,4196.4,424574.6
7z,rf_smbo,7,20260431,32,23326,7458.8,4653.6,0.0010875920778004207,4196.4,424574.6
7z,rf_smbo,7,20260431,33,52065,58867.8,4653.6,0.0010875920778004207,4196.4,424574.6
7z,rf_smbo,7,20260431,34,22466,7453.6,4653.6,0.0010875920778004207,4196.4,424574.6
7z,rf_smbo,7,20260431,35,23323,7400.6,4653.6,0.0010875920778004207,4196.4,424574.6
7z,rf_smbo,7,20260431,36,23173,11175.4,4653.6,0.0010875920778004207,4196.4,424574.6
7z,rf_smbo,7,20260431,37,22478,5507.8,4653.6,0.0010875920778004207,4196.4,424574.6
7z,rf_smbo,7,20260431,38,22475,5654.2,4653.6,0.0010875920778004207,4196.4,424574.6
7z,rf_smbo,7,20260431,39,17428,4878.4,4653.6,0.0010875920778004207,4196.4,424574.6
7z,rf_smbo,7,20260431,40,17427,4868.2,4653.6,0.0010875920778004207,4196.4,424574.6
7z,rf_smbo,7,20260431,41,17326,6125.8,4653.6,0.0010875920778004207,4196.4,424574.6
7z,rf_smbo,7,20260431,42,17436,5756.4,4653.6,0.0010875920778004207,4196.4,424574.6
7z,rf_smbo,7,20260431,43,17570,4586.4,4586.4,0.0009277360243704361,4196.4,424574.6
7z,rf_smbo,7,20260431,44,22616,18024.6,4586.4,0.0009277360243704361,4196.4,424574.6
7z,rf_smbo,7,20260431,45,19145,4851.2,4586.4,0.0009277360243704361,4196.4,424574.6
7z,rf_smbo,7,20260431,46,17330,5519.4,4586.4,0.0009277360243704361,4196.4,424574.6
7z,rf_smbo,7,20260431,47,17439,4871.6,4586.4,0.0009277360243704361,4196.4,424574.6
7z,rf_smbo,7,20260431,48,22589,4736.0,4586.4,0.0009277360243704361,4196.4,424574.6
7z,rf_smbo,7,20260431,49,17426,5043.2,4586.4,0.0009277360243704361,4196.4,424574.6
7z,rf_smbo,7,20260431,50,19441,89499.0,4586.4,0.0009277360243704361,4196.4,424574.6
7z,random_search,8,20260432,1,38265,10778.2,10778.2,0.015656853756926506,4196.4,424574.6
7z,random_search,8,20260432,2,3081,93815.6,10778.2,0.015656853756926506,4196.4,424574.6
7z,random_search,8,20260432,3,50303,40800.6,10778.2,0.015656853756926506,4196.4,424574.6
7z,random_search,8,20260432,4,28617,13214.2,10778.2,0.015656853756926506,4196.4,424574.6
7z,random_search,8,20260432,5,2181,98650.4,10778.2,0.015656853756926506,4196.4,424574.6
7z,random_search,8,20260432,6,62664,9168.0,9168.0,0.011826493381436052,4196.4,424574.6
7z,random_search,8,20260432,7,65608,9098.4,9098.4,0.011660928183240712,4196.4,424574.6
7z,random_search,8,20260432,8,9725,15257.0,9098.4,0.011660928183240712,4196.4,424574.6
7z,random_search,8,20260432,9,19822,17910.4,9098.4,0.011660928183240712,4196.4,424574.6
7z,random_search,8,20260432,10,34369,12282.2,9098.4,0.011660928183240712,4196.4,424574.6
7z,random_search,8,20260432,11,38811,12114.2,9098.4,0.011660928183240712,4196.4,424574.6
7z,random_search,8,20260432,12,57055,9198.0,9098.4,0.011660928183240712,4196.4,424574.6
7z,random_search,8,20260432,13,1995,17758.4,9098.4,0.011660928183240712,4196.4,424574.6
7z,random_search,8,20260432,14,13345,93812.4,9098.4,0.011660928183240712,4196.4,424574.6
7z,random_search,8,20260432,15,1301,73659.2,9098.4,0.011660928183240712,4196.4,424574.6
7z,random_search,8,20260432,16,63713,9226.8,9098.4,0.011660928183240712,4196.4,424574.6
7z,random_search,8,20260432,17,11199,17747.0,9098.4,0.011660928183240712,4196.4,424574.6
7z,random_search,8,20260432,18,55012,9147.4,9098.4,0.011660928183240712,4196.4,424574.6
7z,random_search,8,20260432,19,3501,17699.0,9098.4,0.011660928183240712,4196.4,424574.6
7z,random_search,8,20260432,20,25308,11839.4,9098.4,0.011660928183240712,4196.4,424574.6
7z,random_search,8,20260432,21,30106,12393.6,9098.4,0.011660928183240712,4196.4,424574.6
7z,random_search,8,20260432,22,3419,103022.2,9098.4,0.011660928183240712,4196.4,424574.6
7z,random_search,8,20260432,23,35046,48233.8,9098.4,0.011660928183240712,4196.4,424574.6
7z,random_search,8,20260432,24,57442,300749.0,9098.4,0.011660928183240712,4196.4,424574.6
7z,random_search,8,20260432,25,52813,49106.8,9098.4,0.011660928183240712,4196.4,424574.6
7z,random_search,8,20260432,26,1522,101939.6,9098.4,0.011660928183240712,4196.4,424574.6
7z,random_search,8,20260432,27,46172,124694.4,9098.4,0.011660928183240712,4196.4,424574.6
7z,random_search,8,20260432,28,42790,274472.0,9098.4,0.011660928183240712,4196.4,424574.6
7z,random_search,8,20260432,29,20071,11881.6,9098.4,0.011660928183240712,4196.4,424574.6
7z,random_search,8,20260432,30,61313,9182.4,9098.4,0.011660928183240712,4196.4,424574.6
7z,random_search,8,20260432,31,58734,9274.6,9098.4,0.011660928183240712,4196.4,424574.6
7z,random_search,8,20260432,32,26762,17606.6,9098.4,0.011660928183240712,4196.4,424574.6
7z,random_search,8,20260432,33,32868,15867.8,9098.4,0.011660928183240712,4196.4,424574.6
7z,random_search,8,20260432,34,40695,12130.2,9098.4,0.011660928183240712,4196.4,424574.6
7z,random_search,8,20260432,35,34902,42654.6,9098.4,0.011660928183240712,4196.4,424574.6
7z,random_search,8,20260432,36,748,85807.6,9098.4,0.011660928183240712,4196.4,424574.6
7z,random_search,8,20260432,37,44228,22197.0,9098.4,0.011660928183240712,4196.4,424574.6
7z,random_search,8,20260432,38,43164,11904.6,9098.4,0.011660928183240712,4196.4,424574.6
7z,random_search,8,20260432,39,46429,35913.2,9098.4,0.011660928183240712,4196.4,424574.6
7z,random_search,8,20260432,40,41373,9166.4,9098.4,0.011660928183240712,4196.4,424574.6
7z,random_search,8,20260432,41,15369,101153.0,9098.4,0.011660928183240712,4196.4,424574.6
7z,random_search,8,20260432,42,57293,122010.2,9098.4,0.011660928183240712,4196.4,424574.6
7z,random_search,8,20260432,43,1636,100039.2,9098.4,0.011660928183240712,4196.4,424574.6
7z,random_search,8,20260432,44,14678,4852.6,4852.6,0.0015609753312612329,4196.4,424574.6
7z,random_search,8,20260432,45,17512,18036.2,4852.6,0.0015609753312612329,4196.4,424574.6
7z,random_search,8,20260432,46,44918,43361.4,4852.6,0.0015609753312612329,4196.4,424574.6
7z,random_search,8,20260432,47,7482,96758.4,4852.6,0.0015609753312612329,4196.4,424574.6
7z,random_search,8,20260432,48,30373,12181.2,4852.6,0.0015609753312612329,4196.4,424574.6
7z,random_search,8,20260432,49,8741,17652.6,4852.6,0.0015609753312612329,4196.4,424574.6
7z,random_search,8,20260432,50,55446,47435.6,4852.6,0.0015609753312612329,4196.4,424574.6
7z,rf_smbo,8,20260432,1,47762,115787.8,115787.8,0.2654547738203361,4196.4,424574.6
7z,rf_smbo,8,20260432,2,68583,302230.6,115787.8,0.2654547738203361,4196.4,424574.6
7z,rf_smbo,8,20260432,3,3292,125170.8,115787.8,0.2654547738203361,4196.4,424574.6
7z,rf_smbo,8,20260432,4,46893,40946.8,40946.8,0.08742223074364942,4196.4,424574.6
7z,rf_smbo,8,20260432,5,16232,102935.8,40946.8,0.08742223074364942,4196.4,424574.6
7z,rf_smbo,8,20260432,6,62068,9183.2,9183.2,0.011862651298283311,4196.4,424574.6
7z,rf_smbo,8,20260432,7,55280,9211.4,9183.2,0.011862651298283311,4196.4,424574.6
7z,rf_smbo,8,20260432,8,63762,9171.8,9171.8,0.011835532860647865,4196.4,424574.6
7z,rf_smbo,8,20260432,9,62860,9234.2,9171.8,0.011835532860647865,4196.4,424574.6
7z,rf_smbo,8,20260432,10,62893,9207.0,9171.8,0.011835532860647865,4196.4,424574.6
7z,rf_smbo,8,20260432,11,55020,9124.4,9124.4,0.011722777251532075,4196.4,424574.6
7z,rf_smbo,8,20260432,12,62871,9290.8,9124.4,0.011722777251532075,4196.4,424574.6
7z,rf_smbo,8,20260432,13,61443,47605.2,9124.4,0.011722777251532075,4196.4,424574.6
7z,rf_smbo,8,20260432,14,65291,9169.8,9124.4,0.011722777251532075,4196.4,424574.6
7z,rf_smbo,8,20260432,15,65348,9130.0,9124.4,0.011722777251532075,4196.4,424574.6
7z,rf_smbo,8,20260432,16,67022,9198.6,9124.4,0.011722777251532075,4196.4,424574.6
7z,rf_smbo,8,20260432,17,66053,301263.6,9124.4,0.011722777251532075,4196.4,424574.6
7z,rf_smbo,8,20260432,18,61884,9276.6,9124.4,0.011722777251532075,4196.4,424574.6
7z,rf_smbo,8,20260432,19,65317,9130.2,9124.4,0.011722777251532075,4196.4,424574.6
7z,rf_smbo,8,20260432,20,65284,9169.4,9124.4,0.011722777251532075,4196.4,424574.6
7z,rf_smbo,8,20260432,21,15529,17635.4,9124.4,0.011722777251532075,4196.4,424574.6
7z,rf_smbo,8,20260432,22,62746,9148.0,9124.4,0.011722777251532075,4196.4,424574.6
7z,rf_smbo,8,20260432,23,65307,9251.8,9124.4,0.011722777251532075,4196.4,424574.6
7z,rf_smbo,8,20260432,24,66186,9266.0,9124.4,0.011722777251532075,4196.4,424574.6
7z,rf_smbo,8,20260432,25,65390,9129.4,9124.4,0.011722777251532075,4196.4,424574.6
7z,rf_smbo,8,20260432,26,67179,9159.6,9124.4,0.011722777251532075,4196.4,424574.6
7z,rf_smbo,8,20260432,27,67594,122183.8,9124.4,0.011722777251532075,4196.4,424574.6
7z,rf_smbo,8,20260432,28,67345,9215.0,9124.4,0.011722777251532075,4196.4,424574.6
7z,rf_smbo,8,20260432,29,50045,35675.2,9124.4,0.011722777251532075,4196.4,424574.6
7z,rf_smbo,8,20260432,30,67169,9242.2,9124.4,0.011722777251532075,4196.4,424574.6
7z,rf_smbo,8,20260432,31,65363,9155.8,9124.4,0.011722777251532075,4196.4,424574.6
7z,rf_smbo,8,20260432,32,67067,9221.0,9124.4,0.011722777251532075,4196.4,424574.6
7z,rf_smbo,8,20260432,33,65296,9229.6,9124.4,0.011722777251532075,4196.4,424574.6
7z,rf_smbo,8,20260432,34,66095,9123.6,9123.6,0.011720874203276957,4196.4,424574.6
7z,rf_smbo,8,20260432,35,65353,9156.8,9123.6,0.011720874203276957,4196.4,424574.6
7z,rf_smbo,8,20260432,36,56840,9149.2,9123.6,0.011720874203276957,4196.4,424574.6
7z,rf_smbo,8,20260432,37,56663,9173.6,9123.6,0.011720874203276957,4196.4,424574.6
7z,rf_smbo,8,20260432,38,66104,9193.4,9123.6,0.011720874203276957,4196.4,424574.6
7z,rf_smbo,8,20260432,39,65231,9174.6,9123.6,0.011720874203276957,4196.4,424574.6
7z,rf_smbo,8,20260432,40,65562,9183.6,9123.6,0.011720874203276957,4196.4,424574.6
7z,rf_smbo,8,20260432,41,56821,9138.8,9123.6,0.011720874203276957,4196.4,424574.6
7z,rf_smbo,8,20260432,42,65543,9170.8,9123.6,0.011720874203276957,4196.4,424574.6
7z,rf_smbo,8,20260432,43,60762,121790.8,9123.6,0.011720874203276957,4196.4,424574.6
7z,rf_smbo,8,20260432,44,25683,102956.2,9123.6,0.011720874203276957,4196.4,424574.6
7z,rf_smbo,8,20260432,45,65511,9124.0,9123.6,0.011720874203276957,4196.4,424574.6
7z,rf_smbo,8,20260432,46,57690,9163.8,9123.6,0.011720874203276957,4196.4,424574.6
7z,rf_smbo,8,20260432,47,66945,9115.6,9115.6,0.011701843720725769,4196.4,424574.6
7z,rf_smbo,8,20260432,48,57597,9124.2,9115.6,0.011701843720725769,4196.4,424574.6
7z,rf_smbo,8,20260432,49,66073,9166.2,9115.6,0.011701843720725769,4196.4,424574.6
7z,rf_smbo,8,20260432,50,65460,9165.8,9115.6,0.011701843720725769,4196.4,424574.6
7z,random_search,9,20260433,1,36214,12467.0,12467.0,0.019674188623482382,4196.4,424574.6
7z,random_search,9,20260433,2,53681,21750.2,12467.0,0.019674188623482382,4196.4,424574.6
7z,random_search,9,20260433,3,33682,15950.8,12467.0,0.019674188623482382,4196.4,424574.6
7z,random_search,9,20260433,4,56330,47771.6,12467.0,0.019674188623482382,4196.4,424574.6
7z,random_search,9,20260433,5,12053,17646.4,12467.0,0.019674188623482382,4196.4,424574.6
7z,random_search,9,20260433,6,53160,416650.8,12467.0,0.019674188623482382,4196.4,424574.6
7z,random_search,9,20260433,7,29741,10701.2,10701.2,0.015473685362371316,4196.4,424574.6
7z,random_search,9,20260433,8,54663,124516.4,10701.2,0.015473685362371316,4196.4,424574.6
7z,random_search,9,20260433,9,13549,102662.0,10701.2,0.015473685362371316,4196.4,424574.6
7z,random_search,9,20260433,10,37638,46879.2,10701.2,0.015473685362371316,4196.4,424574.6
7z,random_search,9,20260433,11,58446,9183.4,9183.4,0.01186312706034709,4196.4,424574.6
7z,random_search,9,20260433,12,299,13349.4,9183.4,0.01186312706034709,4196.4,424574.6
7z,random_search,9,20260433,13,32423,37940.0,9183.4,0.01186312706034709,4196.4,424574.6
7z,random_search,9,20260433,14,12752,113999.2,9183.4,0.01186312706034709,4196.4,424574.6
7z,random_search,9,20260433,15,29660,10815.4,9183.4,0.01186312706034709,4196.4,424574.6
7z,random_search,9,20260433,16,63202,47763.4,9183.4,0.01186312706034709,4196.4,424574.6
7z,random_search,9,20260433,17,12674,103881.4,9183.4,0.01186312706034709,4196.4,424574.6
7z,random_search,9,20260433,18,63410,300520.0,9183.4,0.01186312706034709,4196.4,424574.6
7z,random_search,9,20260433,19,30754,50108.6,9183.4,0.01186312706034709,4196.4,424574.6
7z,random_search,9,20260433,20,59964,301320.4,9183.4,0.01186312706034709,4196.4,424574.6
7z,random_search,9,20260433,21,9776,11938.6,9183.4,0.01186312706034709,4196.4,424574.6
7z,random_search,9,20260433,22,34311,49312.8,9183.4,0.01186312706034709,4196.4,424574.6
7z,random_search,9,20260433,23,54168,35653.4,9183.4,0.01186312706034709,4196.4,424574.6
7z,random_search,9,20260433,24,18049,17722.8,9183.4,0.01186312706034709,4196.4,424574.6
7z,random_search,9,20260433,25,17460,12793.6,9183.4,0.01186312706034709,4196.4,424574.6
7z,random_search,9,20260433,26,67377,47672.4,9183.4,0.01186312706034709,4196.4,424574.6
7z,random_search,9,20260433,27,28713,12111.6,9183.4,0.01186312706034709,4196.4,424574.6
7z,random_search,9,20260433,28,9128,88968.0,9183.4,0.01186312706034709,4196.4,424574.6
7z,random_search,9,20260433,29,24448,11861.2,9183.4,0.01186312706034709,4196.4,424574.6
7z,random_search,9,20260433,30,20830,4771.0,4771.0,0.00136686440923911,4196.4,424574.6
7z,random_search,9,20260433,31,45904,48256.6,4771.0,0.00136686440923911,4196.4,424574.6
7z,random_search,9,20260433,32,52949,124834.4,4771.0,0.00136686440923911,4196.4,424574.6
7z,random_search,9,20260433,33,60299,9163.6,4771.0,0.00136686440923911,4196.4,424574.6
7z,random_search,9,20260433,34,64329,299914.2,4771.0,0.00136686440923911,4196.4,424574.6
7z,random_search,9,20260433,35,67007,9189.4,4771.0,0.00136686440923911,4196.4,424574.6
7z,random_search,9,20260433,36,18353,12023.0,4771.0,0.00136686440923911,4196.4,424574.6
7z,random_search,9,20260433,37,7537,101288.6,4771.0,0.00136686440923911,4196.4,424574.6
7z,random_search,9,20260433,38,22474,6115.6,4771.0,0.00136686440923911,4196.4,424574.6
7z,random_search,9,20260433,39,2680,17778.2,4771.0,0.00136686440923911,4196.4,424574.6
7z,random_search,9,20260433,40,60306,9246.4,4771.0,0.00136686440923911,4196.4,424574.6
7z,random_search,9,20260433,41,3723,15292.2,4771.0,0.00136686440923911,4196.4,424574.6
7z,random_search,9,20260433,42,36700,38130.6,4771.0,0.00136686440923911,4196.4,424574.6
7z,random_search,9,20260433,43,5625,85114.4,4771.0,0.00136686440923911,4196.4,424574.6
7z,random_search,9,20260433,44,14810,4859.6,4771.0,0.00136686440923911,4196.4,424574.6
7z,random_search,9,20260433,45,24588,91501.0,4771.0,0.00136686440923911,4196.4,424574.6
7z,random_search,9,20260433,46,44443,41104.8,4771.0,0.00136686440923911,4196.4,424574.6
7z,random_search,9,20260433,47,41929,158150.6,4771.0,0.00136686440923911,4196.4,424574.6
7z,random_search,9,20260433,48,8641,17917.0,4771.0,0.00136686440923911,4196.4,424574.6
7z,random_search,9,20260433,49,19743,17600.6,4771.0,0.00136686440923911,4196.4,424574.6
7z,random_search,9,20260433,50,43492,58475.6,4771.0,0.00136686440923911,4196.4,424574.6
7z,rf_smbo,9,20260433,1,63079,47306.6,47306.6,0.10255098860978043,4196.4,424574.6
7z,rf_smbo,9,20260433,2,57808,9108.2,9108.2,0.01168424052436592,4196.4,424574.6
7z,rf_smbo,9,20260433,3,65385,9144.8,9108.2,0.01168424052436592,4196.4,424574.6
7z,rf_smbo,9,20260433,4,47918,416786.6,9108.2,0.01168424052436592,4196.4,424574.6
7z,rf_smbo,9,20260433,5,20998,4401.4,4401.4,0.00048765611537420357,4196.4,424574.6
7z,rf_smbo,9,20260433,6,56563,301120.2,4401.4,0.00048765611537420357,4196.4,424574.6
7z,rf_smbo,9,20260433,7,59388,9259.6,4401.4,0.00048765611537420357,4196.4,424574.6
7z,rf_smbo,9,20260433,8,59529,9136.6,4401.4,0.00048765611537420357,4196.4,424574.6
7z,rf_smbo,9,20260433,9,59271,9175.4,4401.4,0.00048765611537420357,4196.4,424574.6
7z,rf_smbo,9,20260433,10,59353,9089.0,4401.4,0.00048765611537420357,4196.4,424574.6
7z,rf_smbo,9,20260433,11,58420,9176.6,4401.4,0.00048765611537420357,4196.4,424574.6
7z,rf_smbo,9,20260433,12,22239,101464.6,4401.4,0.00048765611537420357,4196.4,424574.6
7z,rf_smbo,9,20260433,13,58409,9185.0,4401.4,0.00048765611537420357,4196.4,424574.6
7z,rf_smbo,9,20260433,14,59524,9159.6,4401.4,0.00048765611537420357,4196.4,424574.6
7z,rf_smbo,9,20260433,15,61104,9116.0,4401.4,0.00048765611537420357,4196.4,424574.6
7z,rf_smbo,9,20260433,16,53518,14069.0,4401.4,0.00048765611537420357,4196.4,424574.6
7z,rf_smbo,9,20260433,17,60129,9143.4,4401.4,0.00048765611537420357,4196.4,424574.6
7z,rf_smbo,9,20260433,18,61005,9222.0,4401.4,0.00048765611537420357,4196.4,424574.6
7z,rf_smbo,9,20260433,19,48915,10146.4,4401.4,0.00048765611537420357,4196.4,424574.6
7z,rf_smbo,9,20260433,20,58529,9238.8,4401.4,0.00048765611537420357,4196.4,424574.6
7z,rf_smbo,9,20260433,21,59411,9193.4,4401.4,0.00048765611537420357,4196.4,424574.6
7z,rf_smbo,9,20260433,22,58532,9213.0,4401.4,0.00048765611537420357,4196.4,424574.6
7z,rf_smbo,9,20260433,23,49127,9250.8,4401.4,0.00048765611537420357,4196.4,424574.6
7z,rf_smbo,9,20260433,24,58379,9180.2,4401.4,0.00048765611537420357,4196.4,424574.6
7z,rf_smbo,9,20260433,25,63696,9174.0,4401.4,0.00048765611537420357,4196.4,424574.6
7z,rf_smbo,9,20260433,26,63600,9159.0,4401.4,0.00048765611537420357,4196.4,424574.6
7z,rf_smbo,9,20260433,27,61315,9179.6,4401.4,0.00048765611537420357,4196.4,424574.6
7z,rf_smbo,9,20260433,28,58519,9158.8,4401.4,0.00048765611537420357,4196.4,424574.6
7z,rf_smbo,9,20260433,29,49027,11888.4,4401.4,0.00048765611537420357,4196.4,424574.6
7z,rf_smbo,9,20260433,30,59912,122113.4,4401.4,0.00048765611537420357,4196.4,424574.6
7z,rf_smbo,9,20260433,31,42434,12853.4,4401.4,0.00048765611537420357,4196.4,424574.6
7z,rf_smbo,9,20260433,32,63755,9160.4,4401.4,0.00048765611537420357,4196.4,424574.6
7z,rf_smbo,9,20260433,33,58660,9200.6,4401.4,0.00048765611537420357,4196.4,424574.6
7z,rf_smbo,9,20260433,34,58772,9135.6,4401.4,0.00048765611537420357,4196.4,424574.6
7z,rf_smbo,9,20260433,35,58651,9185.4,4401.4,0.00048765611537420357,4196.4,424574.6
7z,rf_smbo,9,20260433,36,59363,9112.0,4401.4,0.00048765611537420357,4196.4,424574.6
7z,rf_smbo,9,20260433,37,59259,9113.2,4401.4,0.00048765611537420357,4196.4,424574.6
7z,rf_smbo,9,20260433,38,58618,9155.2,4401.4,0.00048765611537420357,4196.4,424574.6
7z,rf_smbo,9,20260433,39,57034,9163.2,4401.4,0.00048765611537420357,4196.4,424574.6
7z,rf_smbo,9,20260433,40,58564,9223.2,4401.4,0.00048765611537420357,4196.4,424574.6
7z,rf_smbo,9,20260433,41,59495,9076.2,4401.4,0.00048765611537420357,4196.4,424574.6
7z,rf_smbo,9,20260433,42,58759,9194.8,4401.4,0.00048765611537420357,4196.4,424574.6
7z,rf_smbo,9,20260433,43,60458,9161.4,4401.4,0.00048765611537420357,4196.4,424574.6
7z,rf_smbo,9,20260433,44,66467,9147.8,4401.4,0.00048765611537420357,4196.4,424574.6
7z,rf_smbo,9,20260433,45,63898,9155.8,4401.4,0.00048765611537420357,4196.4,424574.6
7z,rf_smbo,9,20260433,46,58455,9146.2,4401.4,0.00048765611537420357,4196.4,424574.6
7z,rf_smbo,9,20260433,47,11560,11762.2,4401.4,0.00048765611537420357,4196.4,424574.6
7z,rf_smbo,9,20260433,48,68413,121353.2,4401.4,0.00048765611537420357,4196.4,424574.6
7z,rf_smbo,9,20260433,49,58765,9160.4,4401.4,0.00048765611537420357,4196.4,424574.6
7z,rf_smbo,9,20260433,50,59718,47690.6,4401.4,0.00048765611537420357,4196.4,424574.6
7z,random_search,10,20260434,1,51966,20687.8,20687.8,0.039229912493083614,4196.4,424574.6
7z,random_search,10,20260434,2,41876,38793.2,20687.8,0.039229912493083614,4196.4,424574.6
7z,random_search,10,20260434,3,35588,12203.0,12203.0,0.019046182699293163,4196.4,424574.6
7z,random_search,10,20260434,4,12708,103384.6,12203.0,0.019046182699293163,4196.4,424574.6
7z,random_search,10,20260434,5,30151,15886.0,12203.0,0.019046182699293163,4196.4,424574.6
7z,random_search,10,20260434,6,8564,101869.0,12203.0,0.019046182699293163,4196.4,424574.6
7z,random_search,10,20260434,7,15612,17636.8,12203.0,0.019046182699293163,4196.4,424574.6
7z,random_search,10,20260434,8,4640,11870.2,11870.2,0.018254514625163726,4196.4,424574.6
7z,random_search,10,20260434,9,42297,9119.4,9119.4,0.011710883199937582,4196.4,424574.6
7z,random_search,10,20260434,10,9463,17708.2,9119.4,0.011710883199937582,4196.4,424574.6
7z,random_search,10,20260434,11,9261,101583.6,9119.4,0.011710883199937582,4196.4,424574.6
7z,random_search,10,20260434,12,45263,125256.2,9119.4,0.011710883199937582,4196.4,424574.6
7z,random_search,10,20260434,13,57034,9163.2,9119.4,0.011710883199937582,4196.4,424574.6
7z,random_search,10,20260434,14,54019,111879.8,9119.4,0.011710883199937582,4196.4,424574.6
7z,random_search,10,20260434,15,185,17725.8,9119.4,0.011710883199937582,4196.4,424574.6
7z,random_search,10,20260434,16,58450,9141.0,9119.4,0.011710883199937582,4196.4,424574.6
7z,random_search,10,20260434,17,23018,101273.6,9119.4,0.011710883199937582,4196.4,424574.6
7z,random_search,10,20260434,18,66143,9204.2,9119.4,0.011710883199937582,4196.4,424574.6
7z,random_search,10,20260434,19,23132,101799.6,9119.4,0.011710883199937582,4196.4,424574.6
7z,random_search,10,20260434,20,9985,89726.2,9119.4,0.011710883199937582,4196.4,424574.6
7z,random_search,10,20260434,21,28426,12172.0,9119.4,0.011710883199937582,4196.4,424574.6
7z,random_search,10,20260434,22,13474,114115.2,9119.4,0.011710883199937582,4196.4,424574.6
7z,random_search,10,20260434,23,8570,99705.2,9119.4,0.011710883199937582,4196.4,424574.6
7z,random_search,10,20260434,24,61542,121378.6,9119.4,0.011710883199937582,4196.4,424574.6
7z,random_search,10,20260434,25,3499,17707.6,9119.4,0.011710883199937582,4196.4,424574.6
7z,random_search,10,20260434,26,12650,131504.8,9119.4,0.011710883199937582,4196.4,424574.6
7z,random_search,10,20260434,27,20369,103586.0,9119.4,0.011710883199937582,4196.4,424574.6
7z,random_search,10,20260434,28,62017,9354.6,9119.4,0.011710883199937582,4196.4,424574.6
7z,random_search,10,20260434,29,19767,17857.8,9119.4,0.011710883199937582,4196.4,424574.6
7z,random_search,10,20260434,30,39790,12432.0,9119.4,0.011710883199937582,4196.4,424574.6
7z,random_search,10,20260434,31,37419,10686.8,9119.4,0.011710883199937582,4196.4,424574.6
7z,random_search,10,20260434,32,28825,10743.0,9119.4,0.011710883199937582,4196.4,424574.6
7z,random_search,10,20260434,33,41476,20201.0,9119.4,0.011710883199937582,4196.4,424574.6
7z,random_search,10,20260434,34,20157,11924.4,9119.4,0.011710883199937582,4196.4,424574.6
7z,random_search,10,20260434,35,6239,17680.2,9119.4,0.011710883199937582,4196.4,424574.6
7z,random_search,10,20260434,36,61292,9299.0,9119.4,0.011710883199937582,4196.4,424574.6
7z,random_search,10,20260434,37,56955,9182.2,9119.4,0.011710883199937582,4196.4,424574.6
7z,random_search,10,20260434,38,40309,48825.8,9119.4,0.011710883199937582,4196.4,424574.6
7z,random_search,10,20260434,39,47318,35702.0,9119.4,0.011710883199937582,4196.4,424574.6
7z,random_search,10,20260434,40,2113,12357.4,9119.4,0.011710883199937582,4196.4,424574.6
7z,random_search,10,20260434,41,5635,87211.0,9119.4,0.011710883199937582,4196.4,424574.6
7z,random_search,10,20260434,42,15544,17672.4,9119.4,0.011710883199937582,4196.4,424574.6
7z,random_search,10,20260434,43,51806,13780.2,9119.4,0.011710883199937582,4196.4,424574.6
7z,random_search,10,20260434,44,17923,96270.8,9119.4,0.011710883199937582,4196.4,424574.6
7z,random_search,10,20260434,45,4567,17770.2,9119.4,0.011710883199937582,4196.4,424574.6
7z,random_search,10,20260434,46,52391,35932.4,9119.4,0.011710883199937582,4196.4,424574.6
7z,random_search,10,20260434,47,40391,12246.4,9119.4,0.011710883199937582,4196.4,424574.6
7z,random_search,10,20260434,48,12728,125687.0,9119.4,0.011710883199937582,4196.4,424574.6
7z,random_search,10,20260434,49,29272,12486.8,9119.4,0.011710883199937582,4196.4,424574.6
7z,random_search,10,20260434,50,13444,125352.6,9119.4,0.011710883199937582,4196.4,424574.6
7z,rf_smbo,10,20260434,1,28714,12159.0,12159.0,0.018941515045261627,4196.4,424574.6
7z,rf_smbo,10,20260434,2,5450,13261.0,12159.0,0.018941515045261627,4196.4,424574.6
7z,rf_smbo,10,20260434,3,14343,86064.6,12159.0,0.018941515045261627,4196.4,424574.6
7z,rf_smbo,10,20260434,4,46925,124640.4,12159.0,0.018941515045261627,4196.4,424574.6
7z,rf_smbo,10,20260434,5,64965,121342.2,12159.0,0.018941515045261627,4196.4,424574.6
7z,rf_smbo,10,20260434,6,58154,121074.4,12159.0,0.018941515045261627,4196.4,424574.6
7z,rf_smbo,10,20260434,7,960,17729.2,12159.0,0.018941515045261627,4196.4,424574.6
7z,rf_smbo,10,20260434,8,2852,17826.6,12159.0,0.018941515045261627,4196.4,424574.6
7z,rf_smbo,10,20260434,9,12410,12021.4,12021.4,0.018614190745381187,4196.4,424574.6
7z,rf_smbo,10,20260434,10,26151,11933.2,11933.2,0.018404379675254334,4196.4,424574.6
7z,rf_smbo,10,20260434,11,19298,4578.8,4578.8,0.0009096570659468084,4196.4,424574.6
7z,rf_smbo,10,20260434,12,52034,20138.0,4578.8,0.0009096570659468084,4196.4,424574.6
7z,rf_smbo,10,20260434,13,26943,11931.0,4578.8,0.0009096570659468084,4196.4,424574.6
7z,rf_smbo,10,20260434,14,25275,11852.2,4578.8,0.0009096570659468084,4196.4,424574.6
7z,rf_smbo,10,20260434,15,25239,11900.0,4578.8,0.0009096570659468084,4196.4,424574.6
7z,rf_smbo,10,20260434,16,25229,11927.6,4578.8,0.0009096570659468084,4196.4,424574.6
7z,rf_smbo,10,20260434,17,27023,11867.4,4578.8,0.0009096570659468084,4196.4,424574.6
7z,rf_smbo,10,20260434,18,27166,91112.6,4578.8,0.0009096570659468084,4196.4,424574.6
7z,rf_smbo,10,20260434,19,63058,9336.8,4578.8,0.0009096570659468084,4196.4,424574.6
7z,rf_smbo,10,20260434,20,64664,9155.6,4578.8,0.0009096570659468084,4196.4,424574.6
7z,rf_smbo,10,20260434,21,62959,9167.2,4578.8,0.0009096570659468084,4196.4,424574.6
7z,rf_smbo,10,20260434,22,52765,43648.2,4578.8,0.0009096570659468084,4196.4,424574.6
7z,rf_smbo,10,20260434,23,63057,9202.2,4578.8,0.0009096570659468084,4196.4,424574.6
7z,rf_smbo,10,20260434,24,63056,9118.2,4578.8,0.0009096570659468084,4196.4,424574.6
7z,rf_smbo,10,20260434,25,45892,39501.2,4578.8,0.0009096570659468084,4196.4,424574.6
7z,rf_smbo,10,20260434,26,68204,9154.4,4578.8,0.0009096570659468084,4196.4,424574.6
7z,rf_smbo,10,20260434,27,62914,9161.0,4578.8,0.0009096570659468084,4196.4,424574.6
7z,rf_smbo,10,20260434,28,62947,9267.4,4578.8,0.0009096570659468084,4196.4,424574.6
7z,rf_smbo,10,20260434,29,62198,9178.6,4578.8,0.0009096570659468084,4196.4,424574.6
7z,rf_smbo,10,20260434,30,37316,12071.0,4578.8,0.0009096570659468084,4196.4,424574.6
7z,rf_smbo,10,20260434,31,67225,9107.8,4578.8,0.0009096570659468084,4196.4,424574.6
7z,rf_smbo,10,20260434,32,57908,9098.0,4578.8,0.0009096570659468084,4196.4,424574.6
7z,rf_smbo,10,20260434,33,57050,9151.4,4578.8,0.0009096570659468084,4196.4,424574.6
7z,rf_smbo,10,20260434,34,56051,9189.8,4578.8,0.0009096570659468084,4196.4,424574.6
7z,rf_smbo,10,20260434,35,68215,47291.0,4578.8,0.0009096570659468084,4196.4,424574.6
7z,rf_smbo,10,20260434,36,57513,9172.0,4578.8,0.0009096570659468084,4196.4,424574.6
7z,rf_smbo,10,20260434,37,56060,9116.8,4578.8,0.0009096570659468084,4196.4,424574.6
7z,rf_smbo,10,20260434,38,57910,9141.4,4578.8,0.0009096570659468084,4196.4,424574.6
7z,rf_smbo,10,20260434,39,56052,9190.8,4578.8,0.0009096570659468084,4196.4,424574.6
7z,rf_smbo,10,20260434,40,55928,9203.8,4578.8,0.0009096570659468084,4196.4,424574.6
7z,rf_smbo,10,20260434,41,55887,9225.2,4578.8,0.0009096570659468084,4196.4,424574.6
7z,rf_smbo,10,20260434,42,57911,9201.2,4578.8,0.0009096570659468084,4196.4,424574.6
7z,rf_smbo,10,20260434,43,56140,9157.2,4578.8,0.0009096570659468084,4196.4,424574.6
7z,rf_smbo,10,20260434,44,57492,9087.6,4578.8,0.0009096570659468084,4196.4,424574.6
7z,rf_smbo,10,20260434,45,67038,9159.8,4578.8,0.0009096570659468084,4196.4,424574.6
7z,rf_smbo,10,20260434,46,67193,9191.4,4578.8,0.0009096570659468084,4196.4,424574.6
7z,rf_smbo,10,20260434,47,57515,9118.4,4578.8,0.0009096570659468084,4196.4,424574.6
7z,rf_smbo,10,20260434,48,66939,9123.6,4578.8,0.0009096570659468084,4196.4,424574.6
7z,rf_smbo,10,20260434,49,67071,9147.6,4578.8,0.0009096570659468084,4196.4,424574.6
7z,rf_smbo,10,20260434,50,57636,9137.4,4578.8,0.0009096570659468084,4196.4,424574.6
7z,random_search,11,20260435,1,25263,11913.8,11913.8,0.0183582307550677,4196.4,424574.6
7z,random_search,11,20260435,2,28734,12262.6,11913.8,0.0183582307550677,4196.4,424574.6
7z,random_search,11,20260435,3,54403,43490.4,11913.8,0.0183582307550677,4196.4,424574.6
7z,random_search,11,20260435,4,51816,13285.4,11913.8,0.0183582307550677,4196.4,424574.6
7z,random_search,11,20260435,5,29720,10626.6,10626.6,0.015296226112581484,4196.4,424574.6
7z,random_search,11,20260435,6,58276,300736.6,10626.6,0.015296226112581484,4196.4,424574.6
7z,random_search,11,20260435,7,4353,17764.6,10626.6,0.015296226112581484,4196.4,424574.6
7z,random_search,11,20260435,8,2864,15207.8,10626.6,0.015296226112581484,4196.4,424574.6
7z,random_search,11,20260435,9,67643,298058.8,10626.6,0.015296226112581484,4196.4,424574.6
7z,random_search,11,20260435,10,33659,12170.6,10626.6,0.015296226112581484,4196.4,424574.6
7z,random_search,11,20260435,11,12789,103636.4,10626.6,0.015296226112581484,4196.4,424574.6
7z,random_search,11,20260435,12,1612,85822.2,10626.6,0.015296226112581484,4196.4,424574.6
7z,random_search,11,20260435,13,32145,12272.4,10626.6,0.015296226112581484,4196.4,424574.6
7z,random_search,11,20260435,14,7587,83638.4,10626.6,0.015296226112581484,4196.4,424574.6
7z,random_search,11,20260435,15,65655,47497.2,10626.6,0.015296226112581484,4196.4,424574.6
7z,random_search,11,20260435,16,68468,121726.0,10626.6,0.015296226112581484,4196.4,424574.6
7z,random_search,11,20260435,17,58298,301374.8,10626.6,0.015296226112581484,4196.4,424574.6
7z,random_search,11,20260435,18,45541,35786.4,10626.6,0.015296226112581484,4196.4,424574.6
7z,random_search,11,20260435,19,41215,9402.8,9402.8,0.01238503804431343,4196.4,424574.6
7z,random_search,11,20260435,20,11722,91074.6,9402.8,0.01238503804431343,4196.4,424574.6
7z,random_search,11,20260435,21,63989,47607.8,9402.8,0.01238503804431343,4196.4,424574.6
7z,random_search,11,20260435,22,61382,47396.4,9402.8,0.01238503804431343,4196.4,424574.6
7z,random_search,11,20260435,23,3721,15316.6,9402.8,0.01238503804431343,4196.4,424574.6
7z,random_search,11,20260435,24,17339,5200.8,5200.8,0.002389277084301709,4196.4,424574.6
7z,random_search,11,20260435,25,22733,4401.2,4401.2,0.0004871803533104243,4196.4,424574.6
7z,random_search,11,20260435,26,65430,9136.6,4401.2,0.0004871803533104243,4196.4,424574.6
7z,random_search,11,20260435,27,59124,303133.2,4401.2,0.0004871803533104243,4196.4,424574.6
7z,random_search,11,20260435,28,21731,4738.8,4401.2,0.0004871803533104243,4196.4,424574.6
7z,random_search,11,20260435,29,26768,17716.2,4401.2,0.0004871803533104243,4196.4,424574.6
7z,random_search,11,20260435,30,56063,9107.6,4401.2,0.0004871803533104243,4196.4,424574.6
7z,random_search,11,20260435,31,11244,17740.6,4401.2,0.0004871803533104243,4196.4,424574.6
7z,random_search,11,20260435,32,30863,48771.6,4401.2,0.0004871803533104243,4196.4,424574.6
7z,random_search,11,20260435,33,22045,81271.0,4401.2,0.0004871803533104243,4196.4,424574.6
7z,random_search,11,20260435,34,66144,9182.0,4401.2,0.0004871803533104243,4196.4,424574.6
7z,random_search,11,20260435,35,58248,301874.2,4401.2,0.0004871803533104243,4196.4,424574.6
7z,random_search,11,20260435,36,2304,117412.2,4401.2,0.0004871803533104243,4196.4,424574.6
7z,random_search,11,20260435,37,56215,47385.0,4401.2,0.0004871803533104243,4196.4,424574.6
7z,random_search,11,20260435,38,11293,17705.8,4401.2,0.0004871803533104243,4196.4,424574.6
7z,random_search,11,20260435,39,14681,4762.6,4401.2,0.0004871803533104243,4196.4,424574.6
7z,random_search,11,20260435,40,53580,12702.6,4401.2,0.0004871803533104243,4196.4,424574.6
7z,random_search,11,20260435,41,49168,8898.4,4401.2,0.0004871803533104243,4196.4,424574.6
7z,random_search,11,20260435,42,9490,17680.2,4401.2,0.0004871803533104243,4196.4,424574.6
7z,random_search,11,20260435,43,39993,10620.4,4401.2,0.0004871803533104243,4196.4,424574.6
7z,random_search,11,20260435,44,65721,47883.2,4401.2,0.0004871803533104243,4196.4,424574.6
7z,random_search,11,20260435,45,55593,122109.6,4401.2,0.0004871803533104243,4196.4,424574.6
7z,random_search,11,20260435,46,6004,100675.2,4401.2,0.0004871803533104243,4196.4,424574.6
7z,random_search,11,20260435,47,49,17799.6,4401.2,0.0004871803533104243,4196.4,424574.6
7z,random_search,11,20260435,48,62924,9133.4,4401.2,0.0004871803533104243,4196.4,424574.6
7z,random_search,11,20260435,49,59858,121609.4,4401.2,0.0004871803533104243,4196.4,424574.6
7z,random_search,11,20260435,50,51314,124969.0,4401.2,0.0004871803533104243,4196.4,424574.6
7z,rf_smbo,11,20260435,1,48254,8937.0,8937.0,0.011276988197770486,4196.4,424574.6
7z,rf_smbo,11,20260435,2,63842,9174.4,8937.0,0.011276988197770486,4196.4,424574.6
7z,rf_smbo,11,20260435,3,59451,9182.4,8937.0,0.011276988197770486,4196.4,424574.6
7z,rf_smbo,11,20260435,4,31712,48519.6,8937.0,0.011276988197770486,4196.4,424574.6
7z,rf_smbo,11,20260435,5,29364,12289.4,8937.0,0.011276988197770486,4196.4,424574.6
7z,rf_smbo,11,20260435,6,26857,17652.8,8937.0,0.011276988197770486,4196.4,424574.6
7z,rf_smbo,11,20260435,7,62796,9229.6,8937.0,0.011276988197770486,4196.4,424574.6
7z,rf_smbo,11,20260435,8,59298,9157.4,8937.0,0.011276988197770486,4196.4,424574.6
7z,rf_smbo,11,20260435,9,56713,9187.8,8937.0,0.011276988197770486,4196.4,424574.6
7z,rf_smbo,11,20260435,10,65557,9139.6,8937.0,0.011276988197770486,4196.4,424574.6
7z,rf_smbo,11,20260435,11,56977,9149.6,8937.0,0.011276988197770486,4196.4,424574.6
7z,rf_smbo,11,20260435,12,56715,9133.2,8937.0,0.011276988197770486,4196.4,424574.6
7z,rf_smbo,11,20260435,13,65855,121917.2,8937.0,0.011276988197770486,4196.4,424574.6
7z,rf_smbo,11,20260435,14,56944,9128.6,8937.0,0.011276988197770486,4196.4,424574.6
7z,rf_smbo,11,20260435,15,57087,47552.4,8937.0,0.011276988197770486,4196.4,424574.6
7z,rf_smbo,11,20260435,16,56693,9133.6,8937.0,0.011276988197770486,4196.4,424574.6
7z,rf_smbo,11,20260435,17,55130,9131.6,8937.0,0.011276988197770486,4196.4,424574.6
7z,rf_smbo,11,20260435,18,65273,9161.2,8937.0,0.011276988197770486,4196.4,424574.6
7z,rf_smbo,11,20260435,19,66306,9215.2,8937.0,0.011276988197770486,4196.4,424574.6
7z,rf_smbo,11,20260435,20,57133,47853.4,8937.0,0.011276988197770486,4196.4,424574.6
7z,rf_smbo,11,20260435,21,65415,9317.8,8937.0,0.011276988197770486,4196.4,424574.6
7z,rf_smbo,11,20260435,22,66284,9202.8,8937.0,0.011276988197770486,4196.4,424574.6
7z,rf_smbo,11,20260435,23,66142,9139.2,8937.0,0.011276988197770486,4196.4,424574.6
7z,rf_smbo,11,20260435,24,59585,9189.8,8937.0,0.011276988197770486,4196.4,424574.6
7z,rf_smbo,11,20260435,25,59552,9133.8,8937.0,0.011276988197770486,4196.4,424574.6
7z,rf_smbo,11,20260435,26,63720,9231.2,8937.0,0.011276988197770486,4196.4,424574.6
7z,rf_smbo,11,20260435,27,63985,47717.4,8937.0,0.011276988197770486,4196.4,424574.6
7z,rf_smbo,11,20260435,28,58748,9158.2,8937.0,0.011276988197770486,4196.4,424574.6
7z,rf_smbo,11,20260435,29,55283,9137.2,8937.0,0.011276988197770486,4196.4,424574.6
7z,rf_smbo,11,20260435,30,55119,9118.6,8937.0,0.011276988197770486,4196.4,424574.6
7z,rf_smbo,11,20260435,31,66417,9190.4,8937.0,0.011276988197770486,4196.4,424574.6
7z,rf_smbo,11,20260435,32,61839,9143.0,8937.0,0.011276988197770486,4196.4,424574.6
7z,rf_smbo,11,20260435,33,55284,9187.6,8937.0,0.011276988197770486,4196.4,424574.6
7z,rf_smbo,11,20260435,34,62333,47507.4,8937.0,0.011276988197770486,4196.4,424574.6
7z,rf_smbo,11,20260435,35,62147,9202.8,8937.0,0.011276988197770486,4196.4,424574.6
7z,rf_smbo,11,20260435,36,65580,9158.4,8937.0,0.011276988197770486,4196.4,424574.6
7z,rf_smbo,11,20260435,37,62149,9208.8,8937.0,0.011276988197770486,4196.4,424574.6
7z,rf_smbo,11,20260435,38,55230,9135.6,8937.0,0.011276988197770486,4196.4,424574.6
7z,rf_smbo,11,20260435,39,61872,9149.8,8937.0,0.011276988197770486,4196.4,424574.6
7z,rf_smbo,11,20260435,40,55131,9146.0,8937.0,0.011276988197770486,4196.4,424574.6
7z,rf_smbo,11,20260435,41,58453,9147.2,8937.0,0.011276988197770486,4196.4,424574.6
7z,rf_smbo,11,20260435,42,59388,9259.6,8937.0,0.011276988197770486,4196.4,424574.6
7z,rf_smbo,11,20260435,43,61850,9270.0,8937.0,0.011276988197770486,4196.4,424574.6
7z,rf_smbo,11,20260435,44,66362,9177.2,8937.0,0.011276988197770486,4196.4,424574.6
7z,rf_smbo,11,20260435,45,58660,9200.6,8937.0,0.011276988197770486,4196.4,424574.6
7z,rf_smbo,11,20260435,46,65085,298756.6,8937.0,0.011276988197770486,4196.4,424574.6
7z,rf_smbo,11,20260435,47,57549,9115.6,8937.0,0.011276988197770486,4196.4,424574.6
7z,rf_smbo,11,20260435,48,62654,9168.6,8937.0,0.011276988197770486,4196.4,424574.6
7z,rf_smbo,11,20260435,49,58354,9117.2,8937.0,0.011276988197770486,4196.4,424574.6
7z,rf_smbo,11,20260435,50,66439,9206.0,8937.0,0.011276988197770486,4196.4,424574.6
7z,random_search,12,20260436,1,7592,80483.2,80483.2,0.1814718270357502,4196.4,424574.6
7z,random_search,12,20260436,2,47303,35607.4,35607.4,0.07472081092692248,4196.4,424574.6
7z,random_search,12,20260436,3,56671,9139.4,9139.4,0.011758459406315553,4196.4,424574.6
7z,random_search,12,20260436,4,36159,12257.6,9139.4,0.011758459406315553,4196.4,424574.6
7z,random_search,12,20260436,5,37973,12589.8,9139.4,0.011758459406315553,4196.4,424574.6
7z,random_search,12,20260436,6,36464,12047.6,9139.4,0.011758459406315553,4196.4,424574.6
7z,random_search,12,20260436,7,50679,35820.6,9139.4,0.011758459406315553,4196.4,424574.6
7z,random_search,12,20260436,8,16341,17709.0,9139.4,0.011758459406315553,4196.4,424574.6
7z,random_search,12,20260436,9,39771,13240.8,9139.4,0.011758459406315553,4196.4,424574.6
7z,random_search,12,20260436,10,51691,9111.0,9111.0,0.011690901193258834,4196.4,424574.6
7z,random_search,12,20260436,11,7625,97102.4,9111.0,0.011690901193258834,4196.4,424574.6
7z,random_search,12,20260436,12,46852,49341.2,9111.0,0.011690901193258834,4196.4,424574.6
7z,random_search,12,20260436,13,50177,43527.0,9111.0,0.011690901193258834,4196.4,424574.6
7z,random_search,12,20260436,14,5473,12098.4,9111.0,0.011690901193258834,4196.4,424574.6
7z,random_search,12,20260436,15,38448,38351.6,9111.0,0.011690901193258834,4196.4,424574.6
7z,random_search,12,20260436,16,5041,109669.0,9111.0,0.011690901193258834,4196.4,424574.6
7z,random_search,12,20260436,17,35030,37935.0,9111.0,0.011690901193258834,4196.4,424574.6
7z,random_search,12,20260436,18,46643,43395.0,9111.0,0.011690901193258834,4196.4,424574.6
7z,random_search,12,20260436,19,54240,35765.2,9111.0,0.011690901193258834,4196.4,424574.6
7z,random_search,12,20260436,20,43110,9262.8,9111.0,0.011690901193258834,4196.4,424574.6
7z,random_search,12,20260436,21,24189,17833.2,9111.0,0.011690901193258834,4196.4,424574.6
7z,random_search,12,20260436,22,41234,9004.8,9004.8,0.011438271537391806,4196.4,424574.6
7z,random_search,12,20260436,23,37109,12070.8,9004.8,0.011438271537391806,4196.4,424574.6
7z,random_search,12,20260436,24,37202,16032.6,9004.8,0.011438271537391806,4196.4,424574.6
7z,random_search,12,20260436,25,53027,124756.4,9004.8,0.011438271537391806,4196.4,424574.6
7z,random_search,12,20260436,26,14561,101575.4,9004.8,0.011438271537391806,4196.4,424574.6
7z,random_search,12,20260436,27,18235,17684.4,9004.8,0.011438271537391806,4196.4,424574.6
7z,random_search,12,20260436,28,4429,17788.8,9004.8,0.011438271537391806,4196.4,424574.6
7z,random_search,12,20260436,29,12707,104000.0,9004.8,0.011438271537391806,4196.4,424574.6
7z,random_search,12,20260436,30,28197,46724.8,9004.8,0.011438271537391806,4196.4,424574.6
7z,random_search,12,20260436,31,61373,47340.6,9004.8,0.011438271537391806,4196.4,424574.6
7z,random_search,12,20260436,32,40150,44563.0,9004.8,0.011438271537391806,4196.4,424574.6
7z,random_search,12,20260436,33,1349,87979.6,9004.8,0.011438271537391806,4196.4,424574.6
7z,random_search,12,20260436,34,49283,13175.2,9004.8,0.011438271537391806,4196.4,424574.6
7z,random_search,12,20260436,35,41410,8963.0,8963.0,0.011338837266061849,4196.4,424574.6
7z,random_search,12,20260436,36,5505,11835.6,8963.0,0.011338837266061849,4196.4,424574.6
7z,random_search,12,20260436,37,53638,26426.2,8963.0,0.011338837266061849,4196.4,424574.6
7z,random_search,12,20260436,38,46100,124892.8,8963.0,0.011338837266061849,4196.4,424574.6
7z,random_search,12,20260436,39,14366,85435.6,8963.0,0.011338837266061849,4196.4,424574.6
7z,random_search,12,20260436,40,21362,85657.8,8963.0,0.011338837266061849,4196.4,424574.6
7z,random_search,12,20260436,41,52059,82197.0,8963.0,0.011338837266061849,4196.4,424574.6
7z,random_search,12,20260436,42,105,17647.6,8963.0,0.011338837266061849,4196.4,424574.6
7z,random_search,12,20260436,43,29802,38325.2,8963.0,0.011338837266061849,4196.4,424574.6
7z,random_search,12,20260436,44,44178,13824.2,8963.0,0.011338837266061849,4196.4,424574.6
7z,random_search,12,20260436,45,50826,35961.8,8963.0,0.011338837266061849,4196.4,424574.6
7z,random_search,12,20260436,46,25131,17637.6,8963.0,0.011338837266061849,4196.4,424574.6
7z,random_search,12,20260436,47,55405,47955.2,8963.0,0.011338837266061849,4196.4,424574.6
7z,random_search,12,20260436,48,9484,17749.6,8963.0,0.011338837266061849,4196.4,424574.6
7z,random_search,12,20260436,49,59117,302070.6,8963.0,0.011338837266061849,4196.4,424574.6
7z,random_search,12,20260436,50,39064,13572.2,8963.0,0.011338837266061849,4196.4,424574.6
7z,rf_smbo,12,20260436,1,18116,17618.4,17618.4,0.03192839210025639,4196.4,424574.6
7z,rf_smbo,12,20260436,2,10952,102973.0,17618.4,0.03192839210025639,4196.4,424574.6
7z,rf_smbo,12,20260436,3,54072,35661.2,17618.4,0.03192839210025639,4196.4,424574.6
7z,rf_smbo,12,20260436,4,14663,11409.4,11409.4,0.01715835883021527,4196.4,424574.6
7z,rf_smbo,12,20260436,5,27884,12149.8,11409.4,0.01715835883021527,4196.4,424574.6
7z,rf_smbo,12,20260436,6,51691,9111.0,9111.0,0.011690901193258834,4196.4,424574.6
7z,rf_smbo,12,20260436,7,31836,12282.4,9111.0,0.011690901193258834,4196.4,424574.6
7z,rf_smbo,12,20260436,8,56895,9118.4,9111.0,0.011690901193258834,4196.4,424574.6
7z,rf_smbo,12,20260436,9,57761,9263.2,9111.0,0.011690901193258834,4196.4,424574.6
7z,rf_smbo,12,20260436,10,57189,47593.2,9111.0,0.011690901193258834,4196.4,424574.6
7z,rf_smbo,12,20260436,11,19131,5019.6,5019.6,0.0019582366545172914,4196.4,424574.6
7z,rf_smbo,12,20260436,12,19276,4594.8,4594.8,0.0009477180310491852,4196.4,424574.6
7z,rf_smbo,12,20260436,13,7120,17733.0,4594.8,0.0009477180310491852,4196.4,424574.6
7z,rf_smbo,12,20260436,14,19219,4838.0,4594.8,0.0009477180310491852,4196.4,424574.6
7z,rf_smbo,12,20260436,15,19538,101056.8,4594.8,0.0009477180310491852,4196.4,424574.6
7z,rf_smbo,12,20260436,16,19208,4867.2,4594.8,0.0009477180310491852,4196.4,424574.6
7z,rf_smbo,12,20260436,17,8035,12451.6,4594.8,0.0009477180310491852,4196.4,424574.6
7z,rf_smbo,12,20260436,18,19243,4625.2,4594.8,0.0009477180310491852,4196.4,424574.6
7z,rf_smbo,12,20260436,19,19273,5757.6,4594.8,0.0009477180310491852,4196.4,424574.6
7z,rf_smbo,12,20260436,20,19263,4973.6,4594.8,0.0009477180310491852,4196.4,424574.6
7z,rf_smbo,12,20260436,21,19253,4553.6,4553.6,0.0008497110459105652,4196.4,424574.6
7z,rf_smbo,12,20260436,22,19240,5752.4,4553.6,0.0008497110459105652,4196.4,424574.6
7z,rf_smbo,12,20260436,23,14962,4945.4,4553.6,0.0008497110459105652,4196.4,424574.6
7z,rf_smbo,12,20260436,24,19230,4961.2,4553.6,0.0008497110459105652,4196.4,424574.6
7z,rf_smbo,12,20260436,25,36412,12230.4,4553.6,0.0008497110459105652,4196.4,424574.6
7z,rf_smbo,12,20260436,26,23575,4965.6,4553.6,0.0008497110459105652,4196.4,424574.6
7z,rf_smbo,12,20260436,27,23576,4560.2,4553.6,0.0008497110459105652,4196.4,424574.6
7z,rf_smbo,12,20260436,28,8132,11859.4,4553.6,0.0008497110459105652,4196.4,424574.6
7z,rf_smbo,12,20260436,29,19267,4423.2,4423.2,0.0005395141803261925,4196.4,424574.6
7z,rf_smbo,12,20260436,30,19269,4275.6,4275.6,0.0001884017772567672,4196.4,424574.6
7z,rf_smbo,12,20260436,31,23549,4307.4,4275.6,0.0001884017772567672,4196.4,424574.6
7z,rf_smbo,12,20260436,32,22142,101125.2,4275.6,0.0001884017772567672,4196.4,424574.6
7z,rf_smbo,12,20260436,33,19282,4340.2,4275.6,0.0001884017772567672,4196.4,424574.6
7z,rf_smbo,12,20260436,34,23545,4536.0,4275.6,0.0001884017772567672,4196.4,424574.6
7z,rf_smbo,12,20260436,35,23537,4327.4,4275.6,0.0001884017772567672,4196.4,424574.6
7z,rf_smbo,12,20260436,36,19260,4376.8,4275.6,0.0001884017772567672,4196.4,424574.6
7z,rf_smbo,12,20260436,37,21810,4351.4,4275.6,0.0001884017772567672,4196.4,424574.6
7z,rf_smbo,12,20260436,38,19424,83346.2,4275.6,0.0001884017772567672,4196.4,424574.6
7z,rf_smbo,12,20260436,39,23550,4364.6,4275.6,0.0001884017772567672,4196.4,424574.6
7z,rf_smbo,12,20260436,40,21823,4379.8,4275.6,0.0001884017772567672,4196.4,424574.6
7z,rf_smbo,12,20260436,41,23560,4318.0,4275.6,0.0001884017772567672,4196.4,424574.6
7z,rf_smbo,12,20260436,42,21788,5082.0,4275.6,0.0001884017772567672,4196.4,424574.6
7z,rf_smbo,12,20260436,43,21834,4379.6,4275.6,0.0001884017772567672,4196.4,424574.6
7z,rf_smbo,12,20260436,44,21855,4299.2,4275.6,0.0001884017772567672,4196.4,424574.6
7z,rf_smbo,12,20260436,45,23503,5047.4,4275.6,0.0001884017772567672,4196.4,424574.6
7z,rf_smbo,12,20260436,46,14992,4376.4,4275.6,0.0001884017772567672,4196.4,424574.6
7z,rf_smbo,12,20260436,47,19304,4357.8,4275.6,0.0001884017772567672,4196.4,424574.6
7z,rf_smbo,12,20260436,48,23571,4315.8,4275.6,0.0001884017772567672,4196.4,424574.6
7z,rf_smbo,12,20260436,49,23591,4372.4,4275.6,0.0001884017772567672,4196.4,424574.6
7z,rf_smbo,12,20260436,50,21811,4345.0,4275.6,0.0001884017772567672,4196.4,424574.6
7z,random_search,13,20260437,1,59947,301592.4,301592.4,0.7074486735991543,4196.4,424574.6
7z,random_search,13,20260437,2,5490,12356.6,12356.6,0.019411567964275983,4196.4,424574.6
7z,random_search,13,20260437,3,6503,91864.2,12356.6,0.019411567964275983,4196.4,424574.6
7z,random_search,13,20260437,4,63502,9159.6,9159.6,0.011806511374757305,4196.4,424574.6
7z,random_search,13,20260437,5,56085,9139.6,9139.6,0.011758935168379335,4196.4,424574.6
7z,random_search,13,20260437,6,911,17802.4,9139.6,0.011758935168379335,4196.4,424574.6
7z,random_search,13,20260437,7,47010,124970.2,9139.6,0.011758935168379335,4196.4,424574.6
7z,random_search,13,20260437,8,39308,38099.8,9139.6,0.011758935168379335,4196.4,424574.6
7z,random_search,13,20260437,9,19689,101052.4,9139.6,0.011758935168379335,4196.4,424574.6
7z,random_search,13,20260437,10,23776,86035.2,9139.6,0.011758935168379335,4196.4,424574.6
7z,random_search,13,20260437,11,64462,9183.6,9139.6,0.011758935168379335,4196.4,424574.6
7z,random_search,13,20260437,12,43467,19357.4,9139.6,0.011758935168379335,4196.4,424574.6
7z,random_search,13,20260437,13,33986,10660.0,9139.6,0.011758935168379335,4196.4,424574.6
7z,random_search,13,20260437,14,2585,17919.6,9139.6,0.011758935168379335,4196.4,424574.6
7z,random_search,13,20260437,15,36883,48022.4,9139.6,0.011758935168379335,4196.4,424574.6
7z,random_search,13,20260437,16,60887,299166.2,9139.6,0.011758935168379335,4196.4,424574.6
7z,random_search,13,20260437,17,46850,48714.2,9139.6,0.011758935168379335,4196.4,424574.6
7z,random_search,13,20260437,18,15722,17657.8,9139.6,0.011758935168379335,4196.4,424574.6
7z,random_search,13,20260437,19,14023,14781.8,9139.6,0.011758935168379335,4196.4,424574.6
7z,random_search,13,20260437,20,55554,121868.4,9139.6,0.011758935168379335,4196.4,424574.6
7z,random_search,13,20260437,21,7067,17705.0,9139.6,0.011758935168379335,4196.4,424574.6
7z,random_search,13,20260437,22,54567,49678.2,9139.6,0.011758935168379335,4196.4,424574.6
7z,random_search,13,20260437,23,32474,48907.6,9139.6,0.011758935168379335,4196.4,424574.6
7z,random_search,13,20260437,24,48858,113860.6,9139.6,0.011758935168379335,4196.4,424574.6
7z,random_search,13,20260437,25,11029,117653.8,9139.6,0.011758935168379335,4196.4,424574.6
7z,random_search,13,20260437,26,16647,12017.2,9139.6,0.011758935168379335,4196.4,424574.6
7z,random_search,13,20260437,27,2928,11988.2,9139.6,0.011758935168379335,4196.4,424574.6
7z,random_search,13,20260437,28,3573,17730.2,9139.6,0.011758935168379335,4196.4,424574.6
7z,random_search,13,20260437,29,35991,48370.4,9139.6,0.011758935168379335,4196.4,424574.6
7z,random_search,13,20260437,30,21794,4573.0,4573.0,0.0008958599660971963,4196.4,424574.6
7z,random_search,13,20260437,31,46989,124826.6,4573.0,0.0008958599660971963,4196.4,424574.6
7z,random_search,13,20260437,32,22224,99967.6,4573.0,0.0008958599660971963,4196.4,424574.6
7z,random_search,13,20260437,33,31358,12043.2,4573.0,0.0008958599660971963,4196.4,424574.6
7z,random_search,13,20260437,34,21919,76640.8,4573.0,0.0008958599660971963,4196.4,424574.6
7z,random_search,13,20260437,35,33005,12266.2,4573.0,0.0008958599660971963,4196.4,424574.6
7z,random_search,13,20260437,36,21461,11390.6,4573.0,0.0008958599660971963,4196.4,424574.6
7z,random_search,13,20260437,37,54036,118717.8,4573.0,0.0008958599660971963,4196.4,424574.6
7z,random_search,13,20260437,38,34733,12100.2,4573.0,0.0008958599660971963,4196.4,424574.6
7z,random_search,13,20260437,39,63993,47758.2,4573.0,0.0008958599660971963,4196.4,424574.6
7z,random_search,13,20260437,40,57499,9234.4,4573.0,0.0008958599660971963,4196.4,424574.6
7z,random_search,13,20260437,41,2953,11835.6,4573.0,0.0008958599660971963,4196.4,424574.6
7z,random_search,13,20260437,42,21169,83233.0,4573.0,0.0008958599660971963,4196.4,424574.6
7z,random_search,13,20260437,43,12076,17758.2,4573.0,0.0008958599660971963,4196.4,424574.6
7z,random_search,13,20260437,44,2043,12171.6,4573.0,0.0008958599660971963,4196.4,424574.6
7z,random_search,13,20260437,45,57546,9125.8,4573.0,0.0008958599660971963,4196.4,424574.6
7z,random_search,13,20260437,46,61711,300238.8,4573.0,0.0008958599660971963,4196.4,424574.6
7z,random_search,13,20260437,47,56239,47382.0,4573.0,0.0008958599660971963,4196.4,424574.6
7z,random_search,13,20260437,48,29555,12075.8,4573.0,0.0008958599660971963,4196.4,424574.6
7z,random_search,13,20260437,49,24437,11881.2,4573.0,0.0008958599660971963,4196.4,424574.6
7z,random_search,13,20260437,50,25605,125262.0,4573.0,0.0008958599660971963,4196.4,424574.6
7z,rf_smbo,13,20260437,1,12309,18480.4,18480.4,0.03397892659514695,4196.4,424574.6
7z,rf_smbo,13,20260437,2,35505,12460.6,12460.6,0.019658964237441432,4196.4,424574.6
7z,rf_smbo,13,20260437,3,12404,11819.0,11819.0,0.01813271953683612,4196.4,424574.6
7z,rf_smbo,13,20260437,4,51291,125564.2,11819.0,0.01813271953683612,4196.4,424574.6
7z,rf_smbo,13,20260437,5,60316,9144.0,9144.0,0.011769401933782486,4196.4,424574.6
7z,rf_smbo,13,20260437,6,64113,121870.2,9144.0,0.011769401933782486,4196.4,424574.6
7z,rf_smbo,13,20260437,7,17546,5789.4,5789.4,0.0037894448380053963,4196.4,424574.6
7z,rf_smbo,13,20260437,8,7393,88299.4,5789.4,0.0037894448380053963,4196.4,424574.6
7z,rf_smbo,13,20260437,9,16405,17624.8,5789.4,0.0037894448380053963,4196.4,424574.6
7z,rf_smbo,13,20260437,10,56026,9265.6,5789.4,0.0037894448380053963,4196.4,424574.6
7z,rf_smbo,13,20260437,11,38140,12011.4,5789.4,0.0037894448380053963,4196.4,424574.6
7z,rf_smbo,13,20260437,12,60459,9147.4,5789.4,0.0037894448380053963,4196.4,424574.6
7z,rf_smbo,13,20260437,13,55333,9100.2,5789.4,0.0037894448380053963,4196.4,424574.6
7z,rf_smbo,13,20260437,14,55320,9139.8,5789.4,0.0037894448380053963,4196.4,424574.6
7z,rf_smbo,13,20260437,15,56186,9195.0,5789.4,0.0037894448380053963,4196.4,424574.6
7z,rf_smbo,13,20260437,16,60469,9142.8,5789.4,0.0037894448380053963,4196.4,424574.6
7z,rf_smbo,13,20260437,17,34870,20907.8,5789.4,0.0037894448380053963,4196.4,424574.6
7z,rf_smbo,13,20260437,18,55309,9146.4,5789.4,0.0037894448380053963,4196.4,424574.6
7z,rf_smbo,13,20260437,19,55032,9158.8,5789.4,0.0037894448380053963,4196.4,424574.6
7z,rf_smbo,13,20260437,20,55314,9155.8,5789.4,0.0037894448380053963,4196.4,424574.6
7z,rf_smbo,13,20260437,21,56145,9165.2,5789.4,0.0037894448380053963,4196.4,424574.6
7z,rf_smbo,13,20260437,22,56134,9176.4,5789.4,0.0037894448380053963,4196.4,424574.6
7z,rf_smbo,13,20260437,23,55980,9171.2,5789.4,0.0037894448380053963,4196.4,424574.6
7z,rf_smbo,13,20260437,24,55125,9168.2,5789.4,0.0037894448380053963,4196.4,424574.6
7z,rf_smbo,13,20260437,25,58587,9181.0,5789.4,0.0037894448380053963,4196.4,424574.6
7z,rf_smbo,13,20260437,26,56176,9359.4,5789.4,0.0037894448380053963,4196.4,424574.6
7z,rf_smbo,13,20260437,27,55254,9165.6,5789.4,0.0037894448380053963,4196.4,424574.6
7z,rf_smbo,13,20260437,28,56164,9177.4,5789.4,0.0037894448380053963,4196.4,424574.6
7z,rf_smbo,13,20260437,29,55419,47594.2,5789.4,0.0037894448380053963,4196.4,424574.6
7z,rf_smbo,13,20260437,30,57751,9229.6,5789.4,0.0037894448380053963,4196.4,424574.6
7z,rf_smbo,13,20260437,31,55145,9138.2,5789.4,0.0037894448380053963,4196.4,424574.6
7z,rf_smbo,13,20260437,32,56079,9189.8,5789.4,0.0037894448380053963,4196.4,424574.6
7z,rf_smbo,13,20260437,33,60336,9266.0,5789.4,0.0037894448380053963,4196.4,424574.6
7z,rf_smbo,13,20260437,34,57734,9225.4,5789.4,0.0037894448380053963,4196.4,424574.6
7z,rf_smbo,13,20260437,35,57871,9282.0,5789.4,0.0037894448380053963,4196.4,424574.6
7z,rf_smbo,13,20260437,36,14122,4330.6,4330.6,0.00031923634479618767,4196.4,424574.6
7z,rf_smbo,13,20260437,37,13815,4674.6,4330.6,0.00031923634479618767,4196.4,424574.6
7z,rf_smbo,13,20260437,38,3849,11697.6,4330.6,0.00031923634479618767,4196.4,424574.6
7z,rf_smbo,13,20260437,39,394,11743.8,4330.6,0.00031923634479618767,4196.4,424574.6
7z,rf_smbo,13,20260437,40,23132,101799.6,4330.6,0.00031923634479618767,4196.4,424574.6
7z,rf_smbo,13,20260437,41,13812,4795.2,4330.6,0.00031923634479618767,4196.4,424574.6
7z,rf_smbo,13,20260437,42,13769,5134.0,4330.6,0.00031923634479618767,4196.4,424574.6
7z,rf_smbo,13,20260437,43,18955,5032.0,4330.6,0.00031923634479618767,4196.4,424574.6
7z,rf_smbo,13,20260437,44,3516,17826.6,4330.6,0.00031923634479618767,4196.4,424574.6
7z,rf_smbo,13,20260437,45,13736,11228.4,4330.6,0.00031923634479618767,4196.4,424574.6
7z,rf_smbo,13,20260437,46,13806,5757.6,4330.6,0.00031923634479618767,4196.4,424574.6
7z,rf_smbo,13,20260437,47,14107,4541.0,4330.6,0.00031923634479618767,4196.4,424574.6
7z,rf_smbo,13,20260437,48,17494,4853.6,4330.6,0.00031923634479618767,4196.4,424574.6
7z,rf_smbo,13,20260437,49,14093,4975.4,4330.6,0.00031923634479618767,4196.4,424574.6
7z,rf_smbo,13,20260437,50,14096,4577.6,4330.6,0.00031923634479618767,4196.4,424574.6
7z,random_search,14,20260438,1,41813,42024.2,42024.2,0.08998516098123072,4196.4,424574.6
7z,random_search,14,20260438,2,31465,42615.8,42024.2,0.08998516098123072,4196.4,424574.6
7z,random_search,14,20260438,3,27968,10575.2,10575.2,0.015173955262190099,4196.4,424574.6
7z,random_search,14,20260438,4,38609,48435.2,10575.2,0.015173955262190099,4196.4,424574.6
7z,random_search,14,20260438,5,12220,17785.4,10575.2,0.015173955262190099,4196.4,424574.6
7z,random_search,14,20260438,6,40983,38037.2,10575.2,0.015173955262190099,4196.4,424574.6
7z,random_search,14,20260438,7,1620,96657.2,10575.2,0.015173955262190099,4196.4,424574.6
7z,random_search,14,20260438,8,17170,11205.0,10575.2,0.015173955262190099,4196.4,424574.6
7z,random_search,14,20260438,9,22253,85394.8,10575.2,0.015173955262190099,4196.4,424574.6
7z,random_search,14,20260438,10,3182,109396.4,10575.2,0.015173955262190099,4196.4,424574.6
7z,random_search,14,20260438,11,22614,12824.6,10575.2,0.015173955262190099,4196.4,424574.6
7z,random_search,14,20260438,12,67280,9197.8,9197.8,0.011897381928939228,4196.4,424574.6
7z,random_search,14,20260438,13,33563,12256.0,9197.8,0.011897381928939228,4196.4,424574.6
7z,random_search,14,20260438,14,67960,9253.4,9197.8,0.011897381928939228,4196.4,424574.6
7z,random_search,14,20260438,15,35058,47005.0,9197.8,0.011897381928939228,4196.4,424574.6
7z,random_search,14,20260438,16,1116,17719.0,9197.8,0.011897381928939228,4196.4,424574.6
7z,random_search,14,20260438,17,34422,12114.8,9197.8,0.011897381928939228,4196.4,424574.6
7z,random_search,14,20260438,18,17085,103685.2,9197.8,0.011897381928939228,4196.4,424574.6
7z,random_search,14,20260438,19,54349,42800.6,9197.8,0.011897381928939228,4196.4,424574.6
7z,random_search,14,20260438,20,30178,14322.4,9197.8,0.011897381928939228,4196.4,424574.6
7z,random_search,14,20260438,21,18648,103757.8,9197.8,0.011897381928939228,4196.4,424574.6
7z,random_search,14,20260438,22,42339,22095.4,9197.8,0.011897381928939228,4196.4,424574.6
7z,random_search,14,20260438,23,56943,9190.0,9190.0,0.01187882720845182,4196.4,424574.6
7z,random_search,14,20260438,24,61894,9202.6,9190.0,0.01187882720845182,4196.4,424574.6
7z,random_search,14,20260438,25,11950,103038.6,9190.0,0.01187882720845182,4196.4,424574.6
7z,random_search,14,20260438,26,60040,300671.0,9190.0,0.01187882720845182,4196.4,424574.6
7z,random_search,14,20260438,27,63474,300886.6,9190.0,0.01187882720845182,4196.4,424574.6
7z,random_search,14,20260438,28,51633,10003.4,9190.0,0.01187882720845182,4196.4,424574.6
7z,random_search,14,20260438,29,43777,9512.8,9190.0,0.01187882720845182,4196.4,424574.6
7z,random_search,14,20260438,30,5413,17809.6,9190.0,0.01187882720845182,4196.4,424574.6
7z,random_search,14,20260438,31,63207,120982.4,9190.0,0.01187882720845182,4196.4,424574.6
7z,random_search,14,20260438,32,26316,125214.4,9190.0,0.01187882720845182,4196.4,424574.6
7z,random_search,14,20260438,33,68117,9285.8,9190.0,0.01187882720845182,4196.4,424574.6
7z,random_search,14,20260438,34,49086,9132.6,9132.6,0.011742283496147045,4196.4,424574.6
7z,random_search,14,20260438,35,16302,17763.2,9132.6,0.011742283496147045,4196.4,424574.6
7z,random_search,14,20260438,36,17343,5180.2,5180.2,0.002340273591732398,4196.4,424574.6
7z,random_search,14,20260438,37,45137,49557.2,5180.2,0.002340273591732398,4196.4,424574.6
7z,random_search,14,20260438,38,68058,9112.4,5180.2,0.002340273591732398,4196.4,424574.6
7z,random_search,14,20260438,39,30568,10655.0,5180.2,0.002340273591732398,4196.4,424574.6
7z,random_search,14,20260438,40,62313,47796.6,5180.2,0.002340273591732398,4196.4,424574.6
7z,random_search,14,20260438,41,41633,26262.6,5180.2,0.002340273591732398,4196.4,424574.6
7z,random_search,14,20260438,42,44423,39548.4,5180.2,0.002340273591732398,4196.4,424574.6
7z,random_search,14,20260438,43,35849,44471.4,5180.2,0.002340273591732398,4196.4,424574.6
7z,random_search,14,20260438,44,17065,105322.2,5180.2,0.002340273591732398,4196.4,424574.6
7z,random_search,14,20260438,45,45502,35788.8,5180.2,0.002340273591732398,4196.4,424574.6
7z,random_search,14,20260438,46,4900,109653.8,5180.2,0.002340273591732398,4196.4,424574.6
7z,random_search,14,20260438,47,23972,100302.4,5180.2,0.002340273591732398,4196.4,424574.6
7z,random_search,14,20260438,48,43146,8985.8,5180.2,0.002340273591732398,4196.4,424574.6
7z,random_search,14,20260438,49,66512,47589.6,5180.2,0.002340273591732398,4196.4,424574.6
7z,random_search,14,20260438,50,8931,11842.0,5180.2,0.002340273591732398,4196.4,424574.6
7z,rf_smbo,14,20260438,1,38632,15855.2,15855.2,0.027734073745974464,4196.4,424574.6
7z,rf_smbo,14,20260438,2,13102,17771.0,15855.2,0.027734073745974464,4196.4,424574.6
7z,rf_smbo,14,20260438,3,50894,35768.8,15855.2,0.027734073745974464,4196.4,424574.6
7z,rf_smbo,14,20260438,4,5923,99839.0,15855.2,0.027734073745974464,4196.4,424574.6
7z,rf_smbo,14,20260438,5,18426,12443.2,12443.2,0.019617572937892597,4196.4,424574.6
7z,rf_smbo,14,20260438,6,9131,88318.0,12443.2,0.019617572937892597,4196.4,424574.6
7z,rf_smbo,14,20260438,7,19834,17617.2,12443.2,0.019617572937892597,4196.4,424574.6
7z,rf_smbo,14,20260438,8,19780,17639.8,12443.2,0.019617572937892597,4196.4,424574.6
7z,rf_smbo,14,20260438,9,18965,5705.4,5705.4,0.003589624771217918,4196.4,424574.6
7z,rf_smbo,14,20260438,10,18953,11372.6,5705.4,0.003589624771217918,4196.4,424574.6
7z,rf_smbo,14,20260438,11,13816,11415.2,5705.4,0.003589624771217918,4196.4,424574.6
7z,rf_smbo,14,20260438,12,17556,18091.6,5705.4,0.003589624771217918,4196.4,424574.6
7z,rf_smbo,14,20260438,13,14609,6099.4,5705.4,0.003589624771217918,4196.4,424574.6
7z,rf_smbo,14,20260438,14,56717,9160.8,5705.4,0.003589624771217918,4196.4,424574.6
7z,rf_smbo,14,20260438,15,15379,99392.8,5705.4,0.003589624771217918,4196.4,424574.6
7z,rf_smbo,14,20260438,16,903,17739.2,5705.4,0.003589624771217918,4196.4,424574.6
7z,rf_smbo,14,20260438,17,31406,11723.4,5705.4,0.003589624771217918,4196.4,424574.6
7z,rf_smbo,14,20260438,18,13818,5055.0,5055.0,0.0020424465398062993,4196.4,424574.6
7z,rf_smbo,14,20260438,19,13968,4683.4,4683.4,0.0011584806253035957,4196.4,424574.6
7z,rf_smbo,14,20260438,20,13961,5044.0,4683.4,0.0011584806253035957,4196.4,424574.6
7z,rf_smbo,14,20260438,21,41420,8951.4,4683.4,0.0011584806253035957,4196.4,424574.6
7z,rf_smbo,14,20260438,22,1091,17670.4,4683.4,0.0011584806253035957,4196.4,424574.6
7z,rf_smbo,14,20260438,23,14098,4383.8,4383.8,0.0004457890537615903,4196.4,424574.6
7z,rf_smbo,14,20260438,24,14088,4377.2,4377.2,0.000430088905656859,4196.4,424574.6
7z,rf_smbo,14,20260438,25,27828,12099.0,4377.2,0.000430088905656859,4196.4,424574.6
7z,rf_smbo,14,20260438,26,14035,12843.2,4377.2,0.000430088905656859,4196.4,424574.6
7z,rf_smbo,14,20260438,27,14105,4595.4,4377.2,0.000430088905656859,4196.4,424574.6
7z,rf_smbo,14,20260438,28,379,11773.6,4377.2,0.000430088905656859,4196.4,424574.6
7z,rf_smbo,14,20260438,29,14084,4600.0,4377.2,0.000430088905656859,4196.4,424574.6
7z,rf_smbo,14,20260438,30,14956,4369.4,4369.4,0.00041153418516944984,4196.4,424574.6
7z,rf_smbo,14,20260438,31,13813,4701.2,4369.4,0.00041153418516944984,4196.4,424574.6
7z,rf_smbo,14,20260438,32,14513,101593.2,4369.4,0.00041153418516944984,4196.4,424574.6
7z,rf_smbo,14,20260438,33,13801,4768.8,4369.4,0.00041153418516944984,4196.4,424574.6
7z,rf_smbo,14,20260438,34,14381,101611.6,4369.4,0.00041153418516944984,4196.4,424574.6
7z,rf_smbo,14,20260438,35,14083,4571.4,4369.4,0.00041153418516944984,4196.4,424574.6
7z,rf_smbo,14,20260438,36,14957,4280.4,4280.4,0.00019982006678747854,4196.4,424574.6
7z,rf_smbo,14,20260438,37,14085,4567.2,4280.4,0.00019982006678747854,4196.4,424574.6
7z,rf_smbo,14,20260438,38,14798,4885.0,4280.4,0.00019982006678747854,4196.4,424574.6
7z,rf_smbo,14,20260438,39,14942,4574.4,4280.4,0.00019982006678747854,4196.4,424574.6
7z,rf_smbo,14,20260438,40,21808,4396.6,4280.4,0.00019982006678747854,4196.4,424574.6
7z,rf_smbo,14,20260438,41,21674,4867.4,4280.4,0.00019982006678747854,4196.4,424574.6
7z,rf_smbo,14,20260438,42,15086,89579.6,4280.4,0.00019982006678747854,4196.4,424574.6
7z,rf_smbo,14,20260438,43,17615,72737.6,4280.4,0.00019982006678747854,4196.4,424574.6
7z,rf_smbo,14,20260438,44,21809,4416.2,4280.4,0.00019982006678747854,4196.4,424574.6
7z,rf_smbo,14,20260438,45,21805,4564.0,4280.4,0.00019982006678747854,4196.4,424574.6
7z,rf_smbo,14,20260438,46,23536,4375.2,4280.4,0.00019982006678747854,4196.4,424574.6
7z,rf_smbo,14,20260438,47,15954,91100.2,4280.4,0.00019982006678747854,4196.4,424574.6
7z,rf_smbo,14,20260438,48,19247,4302.6,4280.4,0.00019982006678747854,4196.4,424574.6
7z,rf_smbo,14,20260438,49,19235,4404.0,4280.4,0.00019982006678747854,4196.4,424574.6
7z,rf_smbo,14,20260438,50,17530,4548.2,4280.4,0.00019982006678747854,4196.4,424574.6
7z,random_search,15,20260439,1,65127,298964.6,298964.6,0.7011976358431526,4196.4,424574.6
7z,random_search,15,20260439,2,6312,13273.2,13273.2,0.021591985502578397,4196.4,424574.6
7z,random_search,15,20260439,3,28804,10745.4,10745.4,0.01557882877846663,4196.4,424574.6
7z,random_search,15,20260439,4,37077,12417.8,10745.4,0.01557882877846663,4196.4,424574.6
7z,random_search,15,20260439,5,66214,9136.2,9136.2,0.01175084721329508,4196.4,424574.6
7z,random_search,15,20260439,6,41047,50273.8,9136.2,0.01175084721329508,4196.4,424574.6
7z,random_search,15,20260439,7,11084,102852.0,9136.2,0.01175084721329508,4196.4,424574.6
7z,random_search,15,20260439,8,44643,35734.0,9136.2,0.01175084721329508,4196.4,424574.6
7z,random_search,15,20260439,9,44746,35791.4,9136.2,0.01175084721329508,4196.4,424574.6
7z,random_search,15,20260439,10,65177,299349.4,9136.2,0.01175084721329508,4196.4,424574.6
7z,random_search,15,20260439,11,48041,415250.8,9136.2,0.01175084721329508,4196.4,424574.6
7z,random_search,15,20260439,12,37174,12299.0,9136.2,0.01175084721329508,4196.4,424574.6
7z,random_search,15,20260439,13,63181,47532.2,9136.2,0.01175084721329508,4196.4,424574.6
7z,random_search,15,20260439,14,46282,416109.6,9136.2,0.01175084721329508,4196.4,424574.6
7z,random_search,15,20260439,15,22676,4549.4,4549.4,0.0008397200425711896,4196.4,424574.6
7z,random_search,15,20260439,16,41957,120139.2,4549.4,0.0008397200425711896,4196.4,424574.6
7z,random_search,15,20260439,17,62568,298581.2,4549.4,0.0008397200425711896,4196.4,424574.6
7z,random_search,15,20260439,18,50114,43573.2,4549.4,0.0008397200425711896,4196.4,424574.6
7z,random_search,15,20260439,19,38816,12328.2,4549.4,0.0008397200425711896,4196.4,424574.6
7z,random_search,15,20260439,20,55888,9198.8,4549.4,0.0008397200425711896,4196.4,424574.6
7z,random_search,15,20260439,21,50636,35698.0,4549.4,0.0008397200425711896,4196.4,424574.6
7z,random_search,15,20260439,22,47433,35556.6,4549.4,0.0008397200425711896,4196.4,424574.6
7z,random_search,15,20260439,23,36324,14303.4,4549.4,0.0008397200425711896,4196.4,424574.6
7z,random_search,15,20260439,24,43994,8966.6,4549.4,0.0008397200425711896,4196.4,424574.6
7z,random_search,15,20260439,25,65534,9097.2,4549.4,0.0008397200425711896,4196.4,424574.6
7z,random_search,15,20260439,26,36752,50371.6,4549.4,0.0008397200425711896,4196.4,424574.6
7z,random_search,15,20260439,27,7344,84053.2,4549.4,0.0008397200425711896,4196.4,424574.6
7z,random_search,15,20260439,28,40813,10719.8,4549.4,0.0008397200425711896,4196.4,424574.6
7z,random_search,15,20260439,29,68059,9217.4,4549.4,0.0008397200425711896,4196.4,424574.6
7z,random_search,15,20260439,30,22554,4877.2,4549.4,0.0008397200425711896,4196.4,424574.6
7z,random_search,15,20260439,31,17214,4928.2,4549.4,0.0008397200425711896,4196.4,424574.6
7z,random_search,15,20260439,32,36344,15964.0,4549.4,0.0008397200425711896,4196.4,424574.6
7z,random_search,15,20260439,33,34973,38220.6,4549.4,0.0008397200425711896,4196.4,424574.6
7z,random_search,15,20260439,34,20065,12386.4,4549.4,0.0008397200425711896,4196.4,424574.6
7z,random_search,15,20260439,35,4137,99376.6,4549.4,0.0008397200425711896,4196.4,424574.6
7z,random_search,15,20260439,36,42367,13880.4,4549.4,0.0008397200425711896,4196.4,424574.6
7z,random_search,15,20260439,37,61495,120739.0,4549.4,0.0008397200425711896,4196.4,424574.6
7z,random_search,15,20260439,38,40257,48520.8,4549.4,0.0008397200425711896,4196.4,424574.6
7z,random_search,15,20260439,39,33055,20834.8,4549.4,0.0008397200425711896,4196.4,424574.6
7z,random_search,15,20260439,40,4527,17808.8,4549.4,0.0008397200425711896,4196.4,424574.6
7z,random_search,15,20260439,41,66852,301825.0,4549.4,0.0008397200425711896,4196.4,424574.6
7z,random_search,15,20260439,42,2536,102686.4,4549.4,0.0008397200425711896,4196.4,424574.6
7z,random_search,15,20260439,43,55136,9160.0,4549.4,0.0008397200425711896,4196.4,424574.6
7z,random_search,15,20260439,44,41212,9381.8,4549.4,0.0008397200425711896,4196.4,424574.6
7z,random_search,15,20260439,45,52179,39412.0,4549.4,0.0008397200425711896,4196.4,424574.6
7z,random_search,15,20260439,46,65541,9151.0,4549.4,0.0008397200425711896,4196.4,424574.6
7z,random_search,15,20260439,47,37819,12452.8,4549.4,0.0008397200425711896,4196.4,424574.6
7z,random_search,15,20260439,48,67285,9161.2,4549.4,0.0008397200425711896,4196.4,424574.6
7z,random_search,15,20260439,49,16098,102941.0,4549.4,0.0008397200425711896,4196.4,424574.6
7z,random_search,15,20260439,50,49240,13431.6,4549.4,0.0008397200425711896,4196.4,424574.6
7z,rf_smbo,15,20260439,1,41918,180576.8,180576.8,0.4195755155714545,4196.4,424574.6
7z,rf_smbo,15,20260439,2,22540,5725.2,5725.2,0.00363672521553211,4196.4,424574.6
7z,rf_smbo,15,20260439,3,21616,6094.8,5725.2,0.00363672521553211,4196.4,424574.6
7z,rf_smbo,15,20260439,4,45201,123465.4,5725.2,0.00363672521553211,4196.4,424574.6
7z,rf_smbo,15,20260439,5,18819,102939.0,5725.2,0.00363672521553211,4196.4,424574.6
7z,rf_smbo,15,20260439,6,45725,35623.8,5725.2,0.00363672521553211,4196.4,424574.6
7z,rf_smbo,15,20260439,7,22704,18065.8,5725.2,0.00363672521553211,4196.4,424574.6
7z,rf_smbo,15,20260439,8,59148,301737.4,5725.2,0.00363672521553211,4196.4,424574.6
7z,rf_smbo,15,20260439,9,9527,17698.6,5725.2,0.00363672521553211,4196.4,424574.6
7z,rf_smbo,15,20260439,10,6237,17892.4,5725.2,0.00363672521553211,4196.4,424574.6
7z,rf_smbo,15,20260439,11,20680,11403.6,5725.2,0.00363672521553211,4196.4,424574.6
7z,rf_smbo,15,20260439,12,29338,13040.4,5725.2,0.00363672521553211,4196.4,424574.6
7z,rf_smbo,15,20260439,13,21673,4833.0,4833.0,0.0015143506490108204,4196.4,424574.6
7z,rf_smbo,15,20260439,14,21672,5029.0,4833.0,0.0015143506490108204,4196.4,424574.6
7z,rf_smbo,15,20260439,15,21614,7439.6,4833.0,0.0015143506490108204,4196.4,424574.6
7z,rf_smbo,15,20260439,16,13953,4887.8,4833.0,0.0015143506490108204,4196.4,424574.6
7z,rf_smbo,15,20260439,17,21817,4575.2,4575.2,0.0009010933487987727,4196.4,424574.6
7z,rf_smbo,15,20260439,18,21927,84927.2,4575.2,0.0009010933487987727,4196.4,424574.6
7z,rf_smbo,15,20260439,19,42254,9010.4,4575.2,0.0009010933487987727,4196.4,424574.6
7z,rf_smbo,15,20260439,20,59427,9149.8,4575.2,0.0009010933487987727,4196.4,424574.6
7z,rf_smbo,15,20260439,21,59271,9175.4,4575.2,0.0009010933487987727,4196.4,424574.6
7z,rf_smbo,15,20260439,22,49612,41797.0,4575.2,0.0009010933487987727,4196.4,424574.6
7z,rf_smbo,15,20260439,23,14800,4888.8,4575.2,0.0009010933487987727,4196.4,424574.6
7z,rf_smbo,15,20260439,24,55123,9144.0,4575.2,0.0009010933487987727,4196.4,424574.6
7z,rf_smbo,15,20260439,25,14742,7451.6,4575.2,0.0009010933487987727,4196.4,424574.6
7z,rf_smbo,15,20260439,26,21599,11174.0,4575.2,0.0009010933487987727,4196.4,424574.6
7z,rf_smbo,15,20260439,27,49134,8908.6,4575.2,0.0009010933487987727,4196.4,424574.6
7z,rf_smbo,15,20260439,28,21823,4379.8,4379.8,0.0004362738124859961,4196.4,424574.6
7z,rf_smbo,15,20260439,29,14085,4567.2,4379.8,0.0004362738124859961,4196.4,424574.6
7z,rf_smbo,15,20260439,30,19689,101052.4,4379.8,0.0004362738124859961,4196.4,424574.6
7z,rf_smbo,15,20260439,31,14777,5067.2,4379.8,0.0004362738124859961,4196.4,424574.6
7z,rf_smbo,15,20260439,32,13954,4733.8,4379.8,0.0004362738124859961,4196.4,424574.6
7z,rf_smbo,15,20260439,33,20953,4373.6,4373.6,0.0004215251885088255,4196.4,424574.6
7z,rf_smbo,15,20260439,34,14953,4585.0,4373.6,0.0004215251885088255,4196.4,424574.6
7z,rf_smbo,15,20260439,35,14734,11164.6,4373.6,0.0004215251885088255,4196.4,424574.6
7z,rf_smbo,15,20260439,36,14956,4369.4,4369.4,0.00041153418516944984,4196.4,424574.6
7z,rf_smbo,15,20260439,37,21810,4351.4,4351.4,0.0003687155994292759,4196.4,424574.6
7z,rf_smbo,15,20260439,38,14926,5068.8,4351.4,0.0003687155994292759,4196.4,424574.6
7z,rf_smbo,15,20260439,39,20958,4598.2,4351.4,0.0003687155994292759,4196.4,424574.6
7z,rf_smbo,15,20260439,40,14063,4788.0,4351.4,0.0003687155994292759,4196.4,424574.6
7z,rf_smbo,15,20260439,41,14095,4606.2,4351.4,0.0003687155994292759,4196.4,424574.6
7z,rf_smbo,15,20260439,42,14067,5048.8,4351.4,0.0003687155994292759,4196.4,424574.6
7z,rf_smbo,15,20260439,43,21783,4689.2,4351.4,0.0003687155994292759,4196.4,424574.6
7z,rf_smbo,15,20260439,44,60722,121965.4,4351.4,0.0003687155994292759,4196.4,424574.6
7z,rf_smbo,15,20260439,45,21798,4733.2,4351.4,0.0003687155994292759,4196.4,424574.6
7z,rf_smbo,15,20260439,46,20939,4612.6,4351.4,0.0003687155994292759,4196.4,424574.6
7z,rf_smbo,15,20260439,47,16663,11807.6,4351.4,0.0003687155994292759,4196.4,424574.6
7z,rf_smbo,15,20260439,48,21794,4573.0,4351.4,0.0003687155994292759,4196.4,424574.6
7z,rf_smbo,15,20260439,49,21785,4801.8,4351.4,0.0003687155994292759,4196.4,424574.6
7z,rf_smbo,15,20260439,50,56976,9157.4,4351.4,0.0003687155994292759,4196.4,424574.6
7z,random_search,16,20260440,1,22809,89822.8,89822.8,0.20368896389013516,4196.4,424574.6
7z,random_search,16,20260440,2,23069,97049.4,89822.8,0.20368896389013516,4196.4,424574.6
7z,random_search,16,20260440,3,43446,19200.2,19200.2,0.03569119426269013,4196.4,424574.6
7z,random_search,16,20260440,4,57328,121336.4,19200.2,0.03569119426269013,4196.4,424574.6
7z,random_search,16,20260440,5,65789,121083.6,19200.2,0.03569119426269013,4196.4,424574.6
7z,random_search,16,20260440,6,9680,17934.6,17934.6,0.032680571923092115,4196.4,424574.6
7z,random_search,16,20260440,7,50600,422252.6,17934.6,0.032680571923092115,4196.4,424574.6
7z,random_search,16,20260440,8,52869,49030.6,17934.6,0.032680571923092115,4196.4,424574.6
7z,random_search,16,20260440,9,42900,11895.4,11895.4,0.018314460645199968,4196.4,424574.6
7z,random_search,16,20260440,10,38421,37912.2,11895.4,0.018314460645199968,4196.4,424574.6
7z,random_search,16,20260440,11,49421,19363.4,11895.4,0.018314460645199968,4196.4,424574.6
7z,random_search,16,20260440,12,36837,48491.4,11895.4,0.018314460645199968,4196.4,424574.6
7z,random_search,16,20260440,13,44595,144008.0,11895.4,0.018314460645199968,4196.4,424574.6
7z,random_search,16,20260440,14,67455,47687.4,11895.4,0.018314460645199968,4196.4,424574.6
7z,random_search,16,20260440,15,48736,39388.4,11895.4,0.018314460645199968,4196.4,424574.6
7z,random_search,16,20260440,16,62793,9187.6,9187.6,0.011873118063686464,4196.4,424574.6
7z,random_search,16,20260440,17,50884,35881.4,9187.6,0.011873118063686464,4196.4,424574.6
7z,random_search,16,20260440,18,10497,17783.4,9187.6,0.011873118063686464,4196.4,424574.6
7z,random_search,16,20260440,19,15177,79975.0,9187.6,0.011873118063686464,4196.4,424574.6
7z,random_search,16,20260440,20,9989,88132.0,9187.6,0.011873118063686464,4196.4,424574.6
7z,random_search,16,20260440,21,46849,40917.2,9187.6,0.011873118063686464,4196.4,424574.6
7z,random_search,16,20260440,22,18236,17646.8,9187.6,0.011873118063686464,4196.4,424574.6
7z,random_search,16,20260440,23,18563,90683.0,9187.6,0.011873118063686464,4196.4,424574.6
7z,random_search,16,20260440,24,32830,12051.2,9187.6,0.011873118063686464,4196.4,424574.6
7z,random_search,16,20260440,25,64043,47508.4,9187.6,0.011873118063686464,4196.4,424574.6
7z,random_search,16,20260440,26,57778,9140.8,9140.8,0.011761789740762009,4196.4,424574.6
7z,random_search,16,20260440,27,13038,17766.2,9140.8,0.011761789740762009,4196.4,424574.6
7z,random_search,16,20260440,28,64841,47538.2,9140.8,0.011761789740762009,4196.4,424574.6
7z,random_search,16,20260440,29,15930,92605.0,9140.8,0.011761789740762009,4196.4,424574.6
7z,random_search,16,20260440,30,33949,10737.6,9140.8,0.011761789740762009,4196.4,424574.6
7z,random_search,16,20260440,31,4255,100783.4,9140.8,0.011761789740762009,4196.4,424574.6
7z,random_search,16,20260440,32,65595,9162.0,9140.8,0.011761789740762009,4196.4,424574.6
7z,random_search,16,20260440,33,40693,11992.6,9140.8,0.011761789740762009,4196.4,424574.6
7z,random_search,16,20260440,34,67066,9171.2,9140.8,0.011761789740762009,4196.4,424574.6
7z,random_search,16,20260440,35,54272,35459.0,9140.8,0.011761789740762009,4196.4,424574.6
7z,random_search,16,20260440,36,19306,78731.2,9140.8,0.011761789740762009,4196.4,424574.6
7z,random_search,16,20260440,37,63514,9226.0,9140.8,0.011761789740762009,4196.4,424574.6
7z,random_search,16,20260440,38,13866,4717.2,4717.2,0.0012388844140823673,4196.4,424574.6
7z,random_search,16,20260440,39,8911,12375.6,4717.2,0.0012388844140823673,4196.4,424574.6
7z,random_search,16,20260440,40,49188,8895.6,4717.2,0.0012388844140823673,4196.4,424574.6
7z,random_search,16,20260440,41,32756,14249.2,4717.2,0.0012388844140823673,4196.4,424574.6
7z,random_search,16,20260440,42,7509,101651.6,4717.2,0.0012388844140823673,4196.4,424574.6
7z,random_search,16,20260440,43,16408,17676.6,4717.2,0.0012388844140823673,4196.4,424574.6
7z,random_search,16,20260440,44,63569,9286.0,4717.2,0.0012388844140823673,4196.4,424574.6
7z,random_search,16,20260440,45,31983,12079.8,4717.2,0.0012388844140823673,4196.4,424574.6
7z,random_search,16,20260440,46,15708,17841.6,4717.2,0.0012388844140823673,4196.4,424574.6
7z,random_search,16,20260440,47,61635,298223.0,4717.2,0.0012388844140823673,4196.4,424574.6
7z,random_search,16,20260440,48,9095,88665.0,4717.2,0.0012388844140823673,4196.4,424574.6
7z,random_search,16,20260440,49,63815,9147.2,4717.2,0.0012388844140823673,4196.4,424574.6
7z,random_search,16,20260440,50,50061,39519.6,4717.2,0.0012388844140823673,4196.4,424574.6
7z,rf_smbo,16,20260440,1,68394,121861.4,121861.4,0.27990271617319834,4196.4,424574.6
7z,rf_smbo,16,20260440,2,28198,46724.8,46724.8,0.10116699676624527,4196.4,424574.6
7z,rf_smbo,16,20260440,3,11487,11915.0,11915.0,0.01836108532745038,4196.4,424574.6
7z,rf_smbo,16,20260440,4,4198,95562.2,11915.0,0.01836108532745038,4196.4,424574.6
7z,rf_smbo,16,20260440,5,5831,99280.0,11915.0,0.01836108532745038,4196.4,424574.6
7z,rf_smbo,16,20260440,6,40734,12472.2,11915.0,0.01836108532745038,4196.4,424574.6
7z,rf_smbo,16,20260440,7,45894,43393.4,11915.0,0.01836108532745038,4196.4,424574.6
7z,rf_smbo,16,20260440,8,40018,20783.8,11915.0,0.01836108532745038,4196.4,424574.6
7z,rf_smbo,16,20260440,9,39887,12619.8,11915.0,0.01836108532745038,4196.4,424574.6
7z,rf_smbo,16,20260440,10,11562,12423.8,11915.0,0.01836108532745038,4196.4,424574.6
7z,rf_smbo,16,20260440,11,13278,12310.4,11915.0,0.01836108532745038,4196.4,424574.6
7z,rf_smbo,16,20260440,12,26851,17786.2,11915.0,0.01836108532745038,4196.4,424574.6
7z,rf_smbo,16,20260440,13,11485,12411.8,11915.0,0.01836108532745038,4196.4,424574.6
7z,rf_smbo,16,20260440,14,12882,17703.4,11915.0,0.01836108532745038,4196.4,424574.6
7z,rf_smbo,16,20260440,15,8911,12375.6,11915.0,0.01836108532745038,4196.4,424574.6
7z,rf_smbo,16,20260440,16,3829,12889.4,11915.0,0.01836108532745038,4196.4,424574.6
7z,rf_smbo,16,20260440,17,9065,87309.2,11915.0,0.01836108532745038,4196.4,424574.6
7z,rf_smbo,16,20260440,18,4610,12306.6,11915.0,0.01836108532745038,4196.4,424574.6
7z,rf_smbo,16,20260440,19,8922,12395.6,11915.0,0.01836108532745038,4196.4,424574.6
7z,rf_smbo,16,20260440,20,12481,98148.4,11915.0,0.01836108532745038,4196.4,424574.6
7z,rf_smbo,16,20260440,21,13212,12367.8,11915.0,0.01836108532745038,4196.4,424574.6
7z,rf_smbo,16,20260440,22,11501,11864.2,11864.2,0.018240241763250335,4196.4,424574.6
7z,rf_smbo,16,20260440,23,8960,11816.6,11816.6,0.018127010392070764,4196.4,424574.6
7z,rf_smbo,16,20260440,24,11544,11831.0,11816.6,0.018127010392070764,4196.4,424574.6
7z,rf_smbo,16,20260440,25,4580,15247.2,11816.6,0.018127010392070764,4196.4,424574.6
7z,rf_smbo,16,20260440,26,8971,11757.4,11757.4,0.017986184821191967,4196.4,424574.6
7z,rf_smbo,16,20260440,27,8912,12073.2,11757.4,0.017986184821191967,4196.4,424574.6
7z,rf_smbo,16,20260440,28,7245,11841.0,11757.4,0.017986184821191967,4196.4,424574.6
7z,rf_smbo,16,20260440,29,11548,11785.4,11757.4,0.017986184821191967,4196.4,424574.6
7z,rf_smbo,16,20260440,30,40808,11088.0,11088.0,0.016393809193721274,4196.4,424574.6
7z,rf_smbo,16,20260440,31,8909,12262.2,11088.0,0.016393809193721274,4196.4,424574.6
7z,rf_smbo,16,20260440,32,11558,11847.0,11088.0,0.016393809193721274,4196.4,424574.6
7z,rf_smbo,16,20260440,33,11491,11866.6,11088.0,0.016393809193721274,4196.4,424574.6
7z,rf_smbo,16,20260440,34,33909,15540.6,11088.0,0.016393809193721274,4196.4,424574.6
7z,rf_smbo,16,20260440,35,25274,11913.0,11088.0,0.016393809193721274,4196.4,424574.6
7z,rf_smbo,16,20260440,36,47563,43629.2,11088.0,0.016393809193721274,4196.4,424574.6
7z,rf_smbo,16,20260440,37,7233,11791.8,11088.0,0.016393809193721274,4196.4,424574.6
7z,rf_smbo,16,20260440,38,8962,11859.2,11088.0,0.016393809193721274,4196.4,424574.6
7z,rf_smbo,16,20260440,39,7266,11835.8,11088.0,0.016393809193721274,4196.4,424574.6
7z,rf_smbo,16,20260440,40,7224,11810.0,11088.0,0.016393809193721274,4196.4,424574.6
7z,rf_smbo,16,20260440,41,13406,90734.8,11088.0,0.016393809193721274,4196.4,424574.6
7z,rf_smbo,16,20260440,42,10690,11752.2,11088.0,0.016393809193721274,4196.4,424574.6
7z,rf_smbo,16,20260440,43,9764,12043.8,11088.0,0.016393809193721274,4196.4,424574.6
7z,rf_smbo,16,20260440,44,8973,11753.2,11088.0,0.016393809193721274,4196.4,424574.6
7z,rf_smbo,16,20260440,45,10665,11847.0,11088.0,0.016393809193721274,4196.4,424574.6
7z,rf_smbo,16,20260440,46,10676,11837.8,11088.0,0.016393809193721274,4196.4,424574.6
7z,rf_smbo,16,20260440,47,12393,11835.2,11088.0,0.016393809193721274,4196.4,424574.6
7z,rf_smbo,16,20260440,48,13252,11781.4,11088.0,0.016393809193721274,4196.4,424574.6
7z,rf_smbo,16,20260440,49,8953,11710.6,11088.0,0.016393809193721274,4196.4,424574.6
7z,rf_smbo,16,20260440,50,12347,11894.0,11088.0,0.016393809193721274,4196.4,424574.6
7z,random_search,17,20260441,1,14488,96974.2,96974.2,0.22070078800470627,4196.4,424574.6
7z,random_search,17,20260441,2,29991,48636.6,48636.6,0.10571480633391551,4196.4,424574.6
7z,random_search,17,20260441,3,53020,115733.2,48636.6,0.10571480633391551,4196.4,424574.6
7z,random_search,17,20260441,4,42042,11898.2,11898.2,0.018321121314092886,4196.4,424574.6
7z,random_search,17,20260441,5,8204,84224.4,11898.2,0.018321121314092886,4196.4,424574.6
7z,random_search,17,20260441,6,41321,8951.8,8951.8,0.011312194590490182,4196.4,424574.6
7z,random_search,17,20260441,7,42547,19142.4,8951.8,0.011312194590490182,4196.4,424574.6
7z,random_search,17,20260441,8,15412,99385.4,8951.8,0.011312194590490182,4196.4,424574.6
7z,random_search,17,20260441,9,5960,100590.4,8951.8,0.011312194590490182,4196.4,424574.6
7z,random_search,17,20260441,10,9732,15259.2,8951.8,0.011312194590490182,4196.4,424574.6
7z,random_search,17,20260441,11,40815,10860.2,8951.8,0.011312194590490182,4196.4,424574.6
7z,random_search,17,20260441,12,21284,101455.8,8951.8,0.011312194590490182,4196.4,424574.6
7z,random_search,17,20260441,13,49785,35664.0,8951.8,0.011312194590490182,4196.4,424574.6
7z,random_search,17,20260441,14,54549,40849.6,8951.8,0.011312194590490182,4196.4,424574.6
7z,random_search,17,20260441,15,64445,9222.8,8951.8,0.011312194590490182,4196.4,424574.6
7z,random_search,17,20260441,16,12422,11962.4,8951.8,0.011312194590490182,4196.4,424574.6
7z,random_search,17,20260441,17,11627,123617.2,8951.8,0.011312194590490182,4196.4,424574.6
7z,random_search,17,20260441,18,29215,12438.0,8951.8,0.011312194590490182,4196.4,424574.6
7z,random_search,17,20260441,19,45249,124816.6,8951.8,0.011312194590490182,4196.4,424574.6
7z,random_search,17,20260441,20,2737,17698.0,8951.8,0.011312194590490182,4196.4,424574.6
7z,random_search,17,20260441,21,52913,123197.6,8951.8,0.011312194590490182,4196.4,424574.6
7z,random_search,17,20260441,22,68484,121752.8,8951.8,0.011312194590490182,4196.4,424574.6
7z,random_search,17,20260441,23,59190,301745.2,8951.8,0.011312194590490182,4196.4,424574.6
7z,random_search,17,20260441,24,22402,4724.4,4724.4,0.0012560118483784365,4196.4,424574.6
7z,random_search,17,20260441,25,5678,90156.0,4724.4,0.0012560118483784365,4196.4,424574.6
7z,random_search,17,20260441,26,44822,35821.0,4724.4,0.0012560118483784365,4196.4,424574.6
7z,random_search,17,20260441,27,20460,131561.2,4724.4,0.0012560118483784365,4196.4,424574.6
7z,random_search,17,20260441,28,11876,125042.2,4724.4,0.0012560118483784365,4196.4,424574.6
7z,random_search,17,20260441,29,1946,17705.2,4724.4,0.0012560118483784365,4196.4,424574.6
7z,random_search,17,20260441,30,37525,38110.4,4724.4,0.0012560118483784365,4196.4,424574.6
7z,random_search,17,20260441,31,1678,101691.6,4724.4,0.0012560118483784365,4196.4,424574.6
7z,random_search,17,20260441,32,36650,37398.2,4724.4,0.0012560118483784365,4196.4,424574.6
7z,random_search,17,20260441,33,1448,80151.8,4724.4,0.0012560118483784365,4196.4,424574.6
7z,random_search,17,20260441,34,2068,18455.6,4724.4,0.0012560118483784365,4196.4,424574.6
7z,random_search,17,20260441,35,34833,10703.8,4724.4,0.0012560118483784365,4196.4,424574.6
7z,random_search,17,20260441,36,29657,11720.0,4724.4,0.0012560118483784365,4196.4,424574.6
7z,random_search,17,20260441,37,2667,17787.6,4724.4,0.0012560118483784365,4196.4,424574.6
7z,random_search,17,20260441,38,18474,103280.0,4724.4,0.0012560118483784365,4196.4,424574.6
7z,random_search,17,20260441,39,17169,11228.0,4724.4,0.0012560118483784365,4196.4,424574.6
7z,random_search,17,20260441,40,51671,9012.0,4724.4,0.0012560118483784365,4196.4,424574.6
7z,random_search,17,20260441,41,16359,17695.6,4724.4,0.0012560118483784365,4196.4,424574.6
7z,random_search,17,20260441,42,27405,103017.0,4724.4,0.0012560118483784365,4196.4,424574.6
7z,random_search,17,20260441,43,13994,5053.2,4724.4,0.0012560118483784365,4196.4,424574.6
7z,random_search,17,20260441,44,47611,43458.8,4724.4,0.0012560118483784365,4196.4,424574.6
7z,random_search,17,20260441,45,52442,35694.6,4724.4,0.0012560118483784365,4196.4,424574.6
7z,random_search,17,20260441,46,29471,13145.8,4724.4,0.0012560118483784365,4196.4,424574.6
7z,random_search,17,20260441,47,29474,13230.2,4724.4,0.0012560118483784365,4196.4,424574.6
7z,random_search,17,20260441,48,36959,12166.0,4724.4,0.0012560118483784365,4196.4,424574.6
7z,random_search,17,20260441,49,55468,47504.2,4724.4,0.0012560118483784365,4196.4,424574.6
7z,random_search,17,20260441,50,28292,48156.8,4724.4,0.0012560118483784365,4196.4,424574.6
7z,rf_smbo,17,20260441,1,53227,9344.8,9344.8,0.012247067045817314,4196.4,424574.6
7z,rf_smbo,17,20260441,2,2047,12397.0,9344.8,0.012247067045817314,4196.4,424574.6
7z,rf_smbo,17,20260441,3,10114,101740.6,9344.8,0.012247067045817314,4196.4,424574.6
7z,rf_smbo,17,20260441,4,53609,12904.4,9344.8,0.012247067045817314,4196.4,424574.6
7z,rf_smbo,17,20260441,5,13372,90732.8,9344.8,0.012247067045817314,4196.4,424574.6
7z,rf_smbo,17,20260441,6,64683,9120.4,9120.4,0.01171326201025648,4196.4,424574.6
7z,rf_smbo,17,20260441,7,34513,12386.6,9120.4,0.01171326201025648,4196.4,424574.6
7z,rf_smbo,17,20260441,8,60066,9155.4,9120.4,0.01171326201025648,4196.4,424574.6
7z,rf_smbo,17,20260441,9,64372,9209.8,9120.4,0.01171326201025648,4196.4,424574.6
7z,rf_smbo,17,20260441,10,60581,47546.6,9120.4,0.01171326201025648,4196.4,424574.6
7z,rf_smbo,17,20260441,11,67788,9145.0,9120.4,0.01171326201025648,4196.4,424574.6
7z,rf_smbo,17,20260441,12,66070,9143.8,9120.4,0.01171326201025648,4196.4,424574.6
7z,rf_smbo,17,20260441,13,11246,17695.4,9120.4,0.01171326201025648,4196.4,424574.6
7z,rf_smbo,17,20260441,14,68079,9238.4,9120.4,0.01171326201025648,4196.4,424574.6
7z,rf_smbo,17,20260441,15,60950,9293.0,9120.4,0.01171326201025648,4196.4,424574.6
7z,rf_smbo,17,20260441,16,68108,9123.8,9120.4,0.01171326201025648,4196.4,424574.6
7z,rf_smbo,17,20260441,17,26602,17578.8,9120.4,0.01171326201025648,4196.4,424574.6
7z,rf_smbo,17,20260441,18,59496,9130.6,9120.4,0.01171326201025648,4196.4,424574.6
7z,rf_smbo,17,20260441,19,68008,9180.4,9120.4,0.01171326201025648,4196.4,424574.6
7z,rf_smbo,17,20260441,20,59560,9167.4,9120.4,0.01171326201025648,4196.4,424574.6
7z,rf_smbo,17,20260441,21,68163,9134.8,9120.4,0.01171326201025648,4196.4,424574.6
7z,rf_smbo,17,20260441,22,68251,47481.8,9120.4,0.01171326201025648,4196.4,424574.6
7z,rf_smbo,17,20260441,23,59591,9197.4,9120.4,0.01171326201025648,4196.4,424574.6
7z,rf_smbo,17,20260441,24,58674,9220.2,9120.4,0.01171326201025648,4196.4,424574.6
7z,rf_smbo,17,20260441,25,68110,9226.0,9120.4,0.01171326201025648,4196.4,424574.6
7z,rf_smbo,17,20260441,26,66301,9123.0,9120.4,0.01171326201025648,4196.4,424574.6
7z,rf_smbo,17,20260441,27,58723,9177.8,9120.4,0.01171326201025648,4196.4,424574.6
7z,rf_smbo,17,20260441,28,64730,9166.4,9120.4,0.01171326201025648,4196.4,424574.6
7z,rf_smbo,17,20260441,29,66169,9166.6,9120.4,0.01171326201025648,4196.4,424574.6
7z,rf_smbo,17,20260441,30,60350,9293.2,9120.4,0.01171326201025648,4196.4,424574.6
7z,rf_smbo,17,20260441,31,67987,9172.0,9120.4,0.01171326201025648,4196.4,424574.6
7z,rf_smbo,17,20260441,32,66314,9191.0,9120.4,0.01171326201025648,4196.4,424574.6
7z,rf_smbo,17,20260441,33,55059,9178.4,9120.4,0.01171326201025648,4196.4,424574.6
7z,rf_smbo,17,20260441,34,60152,9108.6,9108.6,0.011685192048493479,4196.4,424574.6
7z,rf_smbo,17,20260441,35,63903,9158.4,9108.6,0.011685192048493479,4196.4,424574.6
7z,rf_smbo,17,20260441,36,64728,9145.6,9108.6,0.011685192048493479,4196.4,424574.6
7z,rf_smbo,17,20260441,37,34009,10606.2,9108.6,0.011685192048493479,4196.4,424574.6
7z,rf_smbo,17,20260441,38,60397,9218.0,9108.6,0.011685192048493479,4196.4,424574.6
7z,rf_smbo,17,20260441,39,64454,9251.0,9108.6,0.011685192048493479,4196.4,424574.6
7z,rf_smbo,17,20260441,40,59209,9163.2,9108.6,0.011685192048493479,4196.4,424574.6
7z,rf_smbo,17,20260441,41,58721,9179.6,9108.6,0.011685192048493479,4196.4,424574.6
7z,rf_smbo,17,20260441,42,60096,9169.8,9108.6,0.011685192048493479,4196.4,424574.6
7z,rf_smbo,17,20260441,43,68152,9164.4,9108.6,0.011685192048493479,4196.4,424574.6
7z,rf_smbo,17,20260441,44,24716,102605.0,9108.6,0.011685192048493479,4196.4,424574.6
7z,rf_smbo,17,20260441,45,66084,9173.4,9108.6,0.011685192048493479,4196.4,424574.6
7z,rf_smbo,17,20260441,46,66373,9125.4,9108.6,0.011685192048493479,4196.4,424574.6
7z,rf_smbo,17,20260441,47,58750,9157.2,9108.6,0.011685192048493479,4196.4,424574.6
7z,rf_smbo,17,20260441,48,66076,9101.8,9101.8,0.011669016138324965,4196.4,424574.6
7z,rf_smbo,17,20260441,49,66960,9203.6,9101.8,0.011669016138324965,4196.4,424574.6
7z,rf_smbo,17,20260441,50,68076,9098.2,9098.2,0.011660452421176935,4196.4,424574.6
7z,random_search,18,20260442,1,19794,17648.8,17648.8,0.032000707933950906,4196.4,424574.6
7z,random_search,18,20260442,2,34484,13062.0,13062.0,0.02108958076322702,4196.4,424574.6
7z,random_search,18,20260442,3,36618,42874.6,13062.0,0.02108958076322702,4196.4,424574.6
7z,random_search,18,20260442,4,47417,35834.0,13062.0,0.02108958076322702,4196.4,424574.6
7z,random_search,18,20260442,5,63528,9128.8,9128.8,0.011733244016935226,4196.4,424574.6
7z,random_search,18,20260442,6,33506,16009.2,9128.8,0.011733244016935226,4196.4,424574.6
7z,random_search,18,20260442,7,39594,12112.2,9128.8,0.011733244016935226,4196.4,424574.6
7z,random_search,18,20260442,8,67348,9152.8,9128.8,0.011733244016935226,4196.4,424574.6
7z,random_search,18,20260442,9,50130,43377.8,9128.8,0.011733244016935226,4196.4,424574.6
7z,random_search,18,20260442,10,19624,85281.6,9128.8,0.011733244016935226,4196.4,424574.6
7z,random_search,18,20260442,11,11189,17737.6,9128.8,0.011733244016935226,4196.4,424574.6
7z,random_search,18,20260442,12,47903,125376.0,9128.8,0.011733244016935226,4196.4,424574.6
7z,random_search,18,20260442,13,52363,35758.6,9128.8,0.011733244016935226,4196.4,424574.6
7z,random_search,18,20260442,14,2667,17787.6,9128.8,0.011733244016935226,4196.4,424574.6
7z,random_search,18,20260442,15,48050,10059.2,9128.8,0.011733244016935226,4196.4,424574.6
7z,random_search,18,20260442,16,47289,35614.8,9128.8,0.011733244016935226,4196.4,424574.6
7z,random_search,18,20260442,17,26345,131558.4,9128.8,0.011733244016935226,4196.4,424574.6
7z,random_search,18,20260442,18,39933,12082.8,9128.8,0.011733244016935226,4196.4,424574.6
7z,random_search,18,20260442,19,54000,144151.0,9128.8,0.011733244016935226,4196.4,424574.6
7z,random_search,18,20260442,20,54595,48668.4,9128.8,0.011733244016935226,4196.4,424574.6
7z,random_search,18,20260442,21,26837,17656.0,9128.8,0.011733244016935226,4196.4,424574.6
7z,random_search,18,20260442,22,51190,49527.4,9128.8,0.011733244016935226,4196.4,424574.6
7z,random_search,18,20260442,23,51844,13892.4,9128.8,0.011733244016935226,4196.4,424574.6
7z,random_search,18,20260442,24,2976,11806.2,9128.8,0.011733244016935226,4196.4,424574.6
7z,random_search,18,20260442,25,64955,121087.2,9128.8,0.011733244016935226,4196.4,424574.6
7z,random_search,18,20260442,26,6183,17795.2,9128.8,0.011733244016935226,4196.4,424574.6
7z,random_search,18,20260442,27,34196,48724.8,9128.8,0.011733244016935226,4196.4,424574.6
7z,random_search,18,20260442,28,63477,298523.4,9128.8,0.011733244016935226,4196.4,424574.6
7z,random_search,18,20260442,29,34556,12219.8,9128.8,0.011733244016935226,4196.4,424574.6
7z,random_search,18,20260442,30,59799,121386.6,9128.8,0.011733244016935226,4196.4,424574.6
7z,random_search,18,20260442,31,44599,113551.8,9128.8,0.011733244016935226,4196.4,424574.6
7z,random_search,18,20260442,32,21807,4521.4,4521.4,0.00077311335364203,4196.4,424574.6
7z,random_search,18,20260442,33,18422,11854.0,4521.4,0.00077311335364203,4196.4,424574.6
7z,random_search,18,20260442,34,11866,102910.4,4521.4,0.00077311335364203,4196.4,424574.6
7z,random_search,18,20260442,35,54655,124132.2,4521.4,0.00077311335364203,4196.4,424574.6
7z,random_search,18,20260442,36,38895,12162.2,4521.4,0.00077311335364203,4196.4,424574.6
7z,random_search,18,20260442,37,8411,100421.4,4521.4,0.00077311335364203,4196.4,424574.6
7z,random_search,18,20260442,38,62693,9194.2,4521.4,0.00077311335364203,4196.4,424574.6
7z,random_search,18,20260442,39,44321,20158.2,4521.4,0.00077311335364203,4196.4,424574.6
7z,random_search,18,20260442,40,7816,17711.0,4521.4,0.00077311335364203,4196.4,424574.6
7z,random_search,18,20260442,41,17013,102918.8,4521.4,0.00077311335364203,4196.4,424574.6
7z,random_search,18,20260442,42,57907,9203.4,4521.4,0.00077311335364203,4196.4,424574.6
7z,random_search,18,20260442,43,12902,17682.8,4521.4,0.00077311335364203,4196.4,424574.6
7z,random_search,18,20260442,44,14113,18008.6,4521.4,0.00077311335364203,4196.4,424574.6
7z,random_search,18,20260442,45,1674,101220.8,4521.4,0.00077311335364203,4196.4,424574.6
7z,random_search,18,20260442,46,8630,17825.4,4521.4,0.00077311335364203,4196.4,424574.6
7z,random_search,18,20260442,47,11015,125510.2,4521.4,0.00077311335364203,4196.4,424574.6
7z,random_search,18,20260442,48,61483,47725.8,4521.4,0.00077311335364203,4196.4,424574.6
7z,random_search,18,20260442,49,19135,4708.2,4521.4,0.00077311335364203,4196.4,424574.6
7z,random_search,18,20260442,50,49163,8962.2,4521.4,0.00077311335364203,4196.4,424574.6
7z,rf_smbo,18,20260442,1,42381,13114.6,13114.6,0.021214706186001086,4196.4,424574.6
7z,rf_smbo,18,20260442,2,19334,72829.8,13114.6,0.021214706186001086,4196.4,424574.6
7z,rf_smbo,18,20260442,3,6353,11816.8,11816.8,0.01812748615413454,4196.4,424574.6
7z,rf_smbo,18,20260442,4,34414,12016.6,11816.8,0.01812748615413454,4196.4,424574.6
7z,rf_smbo,18,20260442,5,10572,17724.8,11816.8,0.01812748615413454,4196.4,424574.6
7z,rf_smbo,18,20260442,6,187,17965.0,11816.8,0.01812748615413454,4196.4,424574.6
7z,rf_smbo,18,20260442,7,38224,12042.4,11816.8,0.01812748615413454,4196.4,424574.6
7z,rf_smbo,18,20260442,8,46679,43629.6,11816.8,0.01812748615413454,4196.4,424574.6
7z,rf_smbo,18,20260442,9,8776,17728.8,11816.8,0.01812748615413454,4196.4,424574.6
7z,rf_smbo,18,20260442,10,8711,17787.0,11816.8,0.01812748615413454,4196.4,424574.6
7z,rf_smbo,18,20260442,11,3669,17775.4,11816.8,0.01812748615413454,4196.4,424574.6
7z,rf_smbo,18,20260442,12,3441,17650.8,11816.8,0.01812748615413454,4196.4,424574.6
7z,rf_smbo,18,20260442,13,29292,12181.0,11816.8,0.01812748615413454,4196.4,424574.6
7z,rf_smbo,18,20260442,14,31998,12157.4,11816.8,0.01812748615413454,4196.4,424574.6
7z,rf_smbo,18,20260442,15,31844,12215.0,11816.8,0.01812748615413454,4196.4,424574.6
7z,rf_smbo,18,20260442,16,38851,12264.2,11816.8,0.01812748615413454,4196.4,424574.6
7z,rf_smbo,18,20260442,17,31864,12062.4,11816.8,0.01812748615413454,4196.4,424574.6
7z,rf_smbo,18,20260442,18,32500,47506.2,11816.8,0.01812748615413454,4196.4,424574.6
7z,rf_smbo,18,20260442,19,38673,12219.2,11816.8,0.01812748615413454,4196.4,424574.6
7z,rf_smbo,18,20260442,20,36288,12196.4,11816.8,0.01812748615413454,4196.4,424574.6
7z,rf_smbo,18,20260442,21,38651,12411.4,11816.8,0.01812748615413454,4196.4,424574.6
7z,rf_smbo,18,20260442,22,36144,11994.2,11816.8,0.01812748615413454,4196.4,424574.6
7z,rf_smbo,18,20260442,23,36803,47905.6,11816.8,0.01812748615413454,4196.4,424574.6
7z,rf_smbo,18,20260442,24,36153,12198.0,11816.8,0.01812748615413454,4196.4,424574.6
7z,rf_smbo,18,20260442,25,31124,12158.6,11816.8,0.01812748615413454,4196.4,424574.6
7z,rf_smbo,18,20260442,26,36056,13013.0,11816.8,0.01812748615413454,4196.4,424574.6
7z,rf_smbo,18,20260442,27,36219,12393.6,11816.8,0.01812748615413454,4196.4,424574.6
7z,rf_smbo,18,20260442,28,38702,12127.8,11816.8,0.01812748615413454,4196.4,424574.6
7z,rf_smbo,18,20260442,29,38618,14203.8,11816.8,0.01812748615413454,4196.4,424574.6
7z,rf_smbo,18,20260442,30,38639,13073.0,11816.8,0.01812748615413454,4196.4,424574.6
7z,rf_smbo,18,20260442,31,36297,12058.8,11816.8,0.01812748615413454,4196.4,424574.6
7z,rf_smbo,18,20260442,32,32855,11968.2,11816.8,0.01812748615413454,4196.4,424574.6
7z,rf_smbo,18,20260442,33,36075,12379.8,11816.8,0.01812748615413454,4196.4,424574.6
7z,rf_smbo,18,20260442,34,32701,12266.6,11816.8,0.01812748615413454,4196.4,424574.6
7z,rf_smbo,18,20260442,35,32874,12062.2,11816.8,0.01812748615413454,4196.4,424574.6
7z,rf_smbo,18,20260442,36,36965,12183.0,11816.8,0.01812748615413454,4196.4,424574.6
7z,rf_smbo,18,20260442,37,33709,12116.4,11816.8,0.01812748615413454,4196.4,424574.6
7z,rf_smbo,18,20260442,38,33721,12082.2,11816.8,0.01812748615413454,4196.4,424574.6
7z,rf_smbo,18,20260442,39,40552,11963.4,11816.8,0.01812748615413454,4196.4,424574.6
7z,rf_smbo,18,20260442,40,36920,12919.0,11816.8,0.01812748615413454,4196.4,424574.6
7z,rf_smbo,18,20260442,41,32848,12156.4,11816.8,0.01812748615413454,4196.4,424574.6
7z,rf_smbo,18,20260442,42,36099,12115.6,11816.8,0.01812748615413454,4196.4,424574.6
7z,rf_smbo,18,20260442,43,27596,12124.0,11816.8,0.01812748615413454,4196.4,424574.6
7z,rf_smbo,18,20260442,44,33075,12191.0,11816.8,0.01812748615413454,4196.4,424574.6
7z,rf_smbo,18,20260442,45,39749,12183.8,11816.8,0.01812748615413454,4196.4,424574.6
7z,rf_smbo,18,20260442,46,31260,12097.8,11816.8,0.01812748615413454,4196.4,424574.6
7z,rf_smbo,18,20260442,47,38982,12207.4,11816.8,0.01812748615413454,4196.4,424574.6
7z,rf_smbo,18,20260442,48,36419,12090.8,11816.8,0.01812748615413454,4196.4,424574.6
7z,rf_smbo,18,20260442,49,31259,12259.4,11816.8,0.01812748615413454,4196.4,424574.6
7z,rf_smbo,18,20260442,50,33006,12235.8,11816.8,0.01812748615413454,4196.4,424574.6
7z,random_search,19,20260443,1,35356,12558.4,12558.4,0.019891611886629707,4196.4,424574.6
7z,random_search,19,20260443,2,17303,11409.8,11409.8,0.01715931035434283,4196.4,424574.6
7z,random_search,19,20260443,3,41646,27532.8,11409.8,0.01715931035434283,4196.4,424574.6
7z,random_search,19,20260443,4,9560,17744.0,11409.8,0.01715931035434283,4196.4,424574.6
7z,random_search,19,20260443,5,6802,103082.6,11409.8,0.01715931035434283,4196.4,424574.6
7z,random_search,19,20260443,6,18226,17721.6,11409.8,0.01715931035434283,4196.4,424574.6
7z,random_search,19,20260443,7,14798,4885.0,4885.0,0.001638048785593545,4196.4,424574.6
7z,random_search,19,20260443,8,65863,122147.4,4885.0,0.001638048785593545,4196.4,424574.6
7z,random_search,19,20260443,9,20830,4771.0,4771.0,0.00136686440923911,4196.4,424574.6
7z,random_search,19,20260443,10,11318,17761.4,4771.0,0.00136686440923911,4196.4,424574.6
7z,random_search,19,20260443,11,3001,11811.6,4771.0,0.00136686440923911,4196.4,424574.6
7z,random_search,19,20260443,12,43319,13885.0,4771.0,0.00136686440923911,4196.4,424574.6
7z,random_search,19,20260443,13,40857,10732.8,4771.0,0.00136686440923911,4196.4,424574.6
7z,random_search,19,20260443,14,25824,17642.0,4771.0,0.00136686440923911,4196.4,424574.6
7z,random_search,19,20260443,15,5971,100985.4,4771.0,0.00136686440923911,4196.4,424574.6
7z,random_search,19,20260443,16,22648,5084.0,4771.0,0.00136686440923911,4196.4,424574.6
7z,random_search,19,20260443,17,58242,301084.6,4771.0,0.00136686440923911,4196.4,424574.6
7z,random_search,19,20260443,18,14961,5733.0,4771.0,0.00136686440923911,4196.4,424574.6
7z,random_search,19,20260443,19,43375,20743.2,4771.0,0.00136686440923911,4196.4,424574.6
7z,random_search,19,20260443,20,33570,12104.8,4771.0,0.00136686440923911,4196.4,424574.6
7z,random_search,19,20260443,21,9519,17696.8,4771.0,0.00136686440923911,4196.4,424574.6
7z,random_search,19,20260443,22,54293,35792.6,4771.0,0.00136686440923911,4196.4,424574.6
7z,random_search,19,20260443,23,66860,301452.4,4771.0,0.00136686440923911,4196.4,424574.6
7z,random_search,19,20260443,24,33670,12095.2,4771.0,0.00136686440923911,4196.4,424574.6
7z,random_search,19,20260443,25,68244,47686.8,4771.0,0.00136686440923911,4196.4,424574.6
7z,random_search,19,20260443,26,56646,9092.4,4771.0,0.00136686440923911,4196.4,424574.6
7z,random_search,19,20260443,27,50727,35791.4,4771.0,0.00136686440923911,4196.4,424574.6
7z,random_search,19,20260443,28,35303,12131.8,4771.0,0.00136686440923911,4196.4,424574.6
7z,random_search,19,20260443,29,7512,101230.8,4771.0,0.00136686440923911,4196.4,424574.6
7z,random_search,19,20260443,30,61795,9172.0,4771.0,0.00136686440923911,4196.4,424574.6
7z,random_search,19,20260443,31,38474,50125.0,4771.0,0.00136686440923911,4196.4,424574.6
7z,random_search,19,20260443,32,41927,158154.0,4771.0,0.00136686440923911,4196.4,424574.6
7z,random_search,19,20260443,33,53189,415696.6,4771.0,0.00136686440923911,4196.4,424574.6
7z,random_search,19,20260443,34,23984,101358.0,4771.0,0.00136686440923911,4196.4,424574.6
7z,random_search,19,20260443,35,1127,17731.6,4771.0,0.00136686440923911,4196.4,424574.6
7z,random_search,19,20260443,36,27754,13266.4,4771.0,0.00136686440923911,4196.4,424574.6
7z,random_search,19,20260443,37,16927,105454.0,4771.0,0.00136686440923911,4196.4,424574.6
7z,random_search,19,20260443,38,48326,8990.6,4771.0,0.00136686440923911,4196.4,424574.6
7z,random_search,19,20260443,39,53719,19472.0,4771.0,0.00136686440923911,4196.4,424574.6
7z,random_search,19,20260443,40,4295,17650.8,4771.0,0.00136686440923911,4196.4,424574.6
7z,random_search,19,20260443,41,3743,12488.0,4771.0,0.00136686440923911,4196.4,424574.6
7z,random_search,19,20260443,42,48793,158324.8,4771.0,0.00136686440923911,4196.4,424574.6
7z,random_search,19,20260443,43,42584,19958.0,4771.0,0.00136686440923911,4196.4,424574.6
7z,random_search,19,20260443,44,52701,39723.4,4771.0,0.00136686440923911,4196.4,424574.6
7z,random_search,19,20260443,45,8627,17664.4,4771.0,0.00136686440923911,4196.4,424574.6
7z,random_search,19,20260443,46,25662,103485.8,4771.0,0.00136686440923911,4196.4,424574.6
7z,random_search,19,20260443,47,15444,17844.0,4771.0,0.00136686440923911,4196.4,424574.6
7z,random_search,19,20260443,48,6688,131630.6,4771.0,0.00136686440923911,4196.4,424574.6
7z,random_search,19,20260443,49,68320,47721.8,4771.0,0.00136686440923911,4196.4,424574.6
7z,random_search,19,20260443,50,37045,14203.6,4771.0,0.00136686440923911,4196.4,424574.6
7z,rf_smbo,19,20260443,1,21948,88853.2,88853.2,0.20138246940493112,4196.4,424574.6
7z,rf_smbo,19,20260443,2,45806,43177.8,43177.8,0.0927293565651121,4196.4,424574.6
7z,rf_smbo,19,20260443,3,55604,122620.0,43177.8,0.0927293565651121,4196.4,424574.6
7z,rf_smbo,19,20260443,4,54330,35781.2,35781.2,0.07513424816034704,4196.4,424574.6
7z,rf_smbo,19,20260443,5,18628,109539.4,35781.2,0.07513424816034704,4196.4,424574.6
7z,rf_smbo,19,20260443,6,67626,121965.4,35781.2,0.07513424816034704,4196.4,424574.6
7z,rf_smbo,19,20260443,7,54274,35579.6,35579.6,0.0746546800000571,4196.4,424574.6
7z,rf_smbo,19,20260443,8,51019,43151.0,35579.6,0.0746546800000571,4196.4,424574.6
7z,rf_smbo,19,20260443,9,56033,9160.0,9160.0,0.011807462898884864,4196.4,424574.6
7z,rf_smbo,19,20260443,10,40593,11987.6,9160.0,0.011807462898884864,4196.4,424574.6
7z,rf_smbo,19,20260443,11,45615,35833.6,9160.0,0.011807462898884864,4196.4,424574.6
7z,rf_smbo,19,20260443,12,55901,9232.6,9160.0,0.011807462898884864,4196.4,424574.6
7z,rf_smbo,19,20260443,13,56055,9162.6,9160.0,0.011807462898884864,4196.4,424574.6
7z,rf_smbo,19,20260443,14,59465,9162.4,9160.0,0.011807462898884864,4196.4,424574.6
7z,rf_smbo,19,20260443,15,55098,9149.4,9149.4,0.011782247509504538,4196.4,424574.6
7z,rf_smbo,19,20260443,16,58739,9237.8,9149.4,0.011782247509504538,4196.4,424574.6
7z,rf_smbo,19,20260443,17,58508,9157.8,9149.4,0.011782247509504538,4196.4,424574.6
7z,rf_smbo,19,20260443,18,13881,11177.4,9149.4,0.011782247509504538,4196.4,424574.6
7z,rf_smbo,19,20260443,19,56088,9216.0,9149.4,0.011782247509504538,4196.4,424574.6
7z,rf_smbo,19,20260443,20,58750,9157.2,9149.4,0.011782247509504538,4196.4,424574.6
7z,rf_smbo,19,20260443,21,59531,9134.6,9134.6,0.01174704111678484,4196.4,424574.6
7z,rf_smbo,19,20260443,22,56330,47771.6,9134.6,0.01174704111678484,4196.4,424574.6
7z,rf_smbo,19,20260443,23,5411,17772.8,9134.6,0.01174704111678484,4196.4,424574.6
7z,rf_smbo,19,20260443,24,55274,9203.6,9134.6,0.01174704111678484,4196.4,424574.6
7z,rf_smbo,19,20260443,25,56154,9157.4,9134.6,0.01174704111678484,4196.4,424574.6
7z,rf_smbo,19,20260443,26,56099,9122.6,9122.6,0.011718495392958059,4196.4,424574.6
7z,rf_smbo,19,20260443,27,42360,14610.6,9122.6,0.011718495392958059,4196.4,424574.6
7z,rf_smbo,19,20260443,28,64822,47511.0,9122.6,0.011718495392958059,4196.4,424574.6
7z,rf_smbo,19,20260443,29,57749,9173.4,9122.6,0.011718495392958059,4196.4,424574.6
7z,rf_smbo,19,20260443,30,57903,9302.0,9122.6,0.011718495392958059,4196.4,424574.6
7z,rf_smbo,19,20260443,31,57128,47515.0,9122.6,0.011718495392958059,4196.4,424574.6
7z,rf_smbo,19,20260443,32,44527,120477.4,9122.6,0.011718495392958059,4196.4,424574.6
7z,rf_smbo,19,20260443,33,58596,9145.2,9122.6,0.011718495392958059,4196.4,424574.6
7z,rf_smbo,19,20260443,34,57001,9098.8,9098.8,0.01166187970736827,4196.4,424574.6
7z,rf_smbo,19,20260443,35,60411,9225.4,9098.8,0.01166187970736827,4196.4,424574.6
7z,rf_smbo,19,20260443,36,57914,9195.4,9098.8,0.01166187970736827,4196.4,424574.6
7z,rf_smbo,19,20260443,37,60257,9123.6,9098.8,0.01166187970736827,4196.4,424574.6
7z,rf_smbo,19,20260443,38,58530,9193.0,9098.8,0.01166187970736827,4196.4,424574.6
7z,rf_smbo,19,20260443,39,61269,9130.2,9098.8,0.01166187970736827,4196.4,424574.6
7z,rf_smbo,19,20260443,40,56979,9149.4,9098.8,0.01166187970736827,4196.4,424574.6
7z,rf_smbo,19,20260443,41,56759,9121.6,9098.8,0.01166187970736827,4196.4,424574.6
7z,rf_smbo,19,20260443,42,8194,76371.4,9098.8,0.01166187970736827,4196.4,424574.6
7z,rf_smbo,19,20260443,43,55241,9146.8,9098.8,0.01166187970736827,4196.4,424574.6
7z,rf_smbo,19,20260443,44,56187,9158.6,9098.8,0.01166187970736827,4196.4,424574.6
7z,rf_smbo,19,20260443,45,60114,9147.4,9098.8,0.01166187970736827,4196.4,424574.6
7z,rf_smbo,19,20260443,46,60103,9157.6,9098.8,0.01166187970736827,4196.4,424574.6
7z,rf_smbo,19,20260443,47,55054,9181.8,9098.8,0.01166187970736827,4196.4,424574.6
7z,rf_smbo,19,20260443,48,56066,9124.6,9098.8,0.01166187970736827,4196.4,424574.6
7z,rf_smbo,19,20260443,49,55340,9160.8,9098.8,0.01166187970736827,4196.4,424574.6
7z,rf_smbo,19,20260443,50,56902,9153.0,9098.8,0.01166187970736827,4196.4,424574.6
7z,random_search,20,20260444,1,9199,96797.0,96797.0,0.22027926281619745,4196.4,424574.6
7z,random_search,20,20260444,2,22741,78730.8,78730.8,0.1773031998329124,4196.4,424574.6
7z,random_search,20,20260444,3,36411,12572.6,12572.6,0.01992539099315807,4196.4,424574.6
7z,random_search,20,20260444,4,30365,12217.6,12217.6,0.019080913329949083,4196.4,424574.6
7z,random_search,20,20260444,5,5655,88255.2,12217.6,0.019080913329949083,4196.4,424574.6
7z,random_search,20,20260444,6,13086,17770.0,12217.6,0.019080913329949083,4196.4,424574.6
7z,random_search,20,20260444,7,29964,48177.8,12217.6,0.019080913329949083,4196.4,424574.6
7z,random_search,20,20260444,8,18628,109539.4,12217.6,0.019080913329949083,4196.4,424574.6
7z,random_search,20,20260444,9,44353,53906.0,12217.6,0.019080913329949083,4196.4,424574.6
7z,random_search,20,20260444,10,11905,109575.6,12217.6,0.019080913329949083,4196.4,424574.6
7z,random_search,20,20260444,11,66914,301660.2,12217.6,0.019080913329949083,4196.4,424574.6
7z,random_search,20,20260444,12,51927,26421.6,12217.6,0.019080913329949083,4196.4,424574.6
7z,random_search,20,20260444,13,40291,48187.2,12217.6,0.019080913329949083,4196.4,424574.6
7z,random_search,20,20260444,14,15157,88842.8,12217.6,0.019080913329949083,4196.4,424574.6
7z,random_search,20,20260444,15,30671,38108.4,12217.6,0.019080913329949083,4196.4,424574.6
7z,random_search,20,20260444,16,57317,121857.4,12217.6,0.019080913329949083,4196.4,424574.6
7z,random_search,20,20260444,17,17910,86203.0,12217.6,0.019080913329949083,4196.4,424574.6
7z,random_search,20,20260444,18,6144,17650.0,12217.6,0.019080913329949083,4196.4,424574.6
7z,random_search,20,20260444,19,66442,9207.2,9207.2,0.011919742745936877,4196.4,424574.6
7z,random_search,20,20260444,20,17950,101561.8,9207.2,0.011919742745936877,4196.4,424574.6
7z,random_search,20,20260444,21,27494,12477.2,9207.2,0.011919742745936877,4196.4,424574.6
7z,random_search,20,20260444,22,29903,48867.6,9207.2,0.011919742745936877,4196.4,424574.6
7z,random_search,20,20260444,23,37364,12095.2,9207.2,0.011919742745936877,4196.4,424574.6
7z,random_search,20,20260444,24,44099,22130.8,9207.2,0.011919742745936877,4196.4,424574.6
7z,random_search,20,20260444,25,57181,47732.0,9207.2,0.011919742745936877,4196.4,424574.6
7z,random_search,20,20260444,26,22370,4793.8,4793.8,0.0014211012845099975,4196.4,424574.6
7z,random_search,20,20260444,27,53791,53856.6,4793.8,0.0014211012845099975,4196.4,424574.6
7z,random_search,20,20260444,28,24415,11858.6,4793.8,0.0014211012845099975,4196.4,424574.6
7z,random_search,20,20260444,29,18132,17633.8,4793.8,0.0014211012845099975,4196.4,424574.6
7z,random_search,20,20260444,30,55501,120842.6,4793.8,0.0014211012845099975,4196.4,424574.6
7z,random_search,20,20260444,31,67418,47490.8,4793.8,0.0014211012845099975,4196.4,424574.6
7z,random_search,20,20260444,32,21495,5892.8,4793.8,0.0014211012845099975,4196.4,424574.6
7z,random_search,20,20260444,33,28372,12304.8,4793.8,0.0014211012845099975,4196.4,424574.6
7z,random_search,20,20260444,34,44550,274825.4,4793.8,0.0014211012845099975,4196.4,424574.6
7z,random_search,20,20260444,35,46579,35942.2,4793.8,0.0014211012845099975,4196.4,424574.6
7z,random_search,20,20260444,36,39433,48151.2,4793.8,0.0014211012845099975,4196.4,424574.6
7z,random_search,20,20260444,37,11160,17691.6,4793.8,0.0014211012845099975,4196.4,424574.6
7z,random_search,20,20260444,38,8969,11923.0,4793.8,0.0014211012845099975,4196.4,424574.6
7z,random_search,20,20260444,39,29628,13680.2,4793.8,0.0014211012845099975,4196.4,424574.6
7z,random_search,20,20260444,40,37836,12205.8,4793.8,0.0014211012845099975,4196.4,424574.6
7z,random_search,20,20260444,41,7619,86452.4,4793.8,0.0014211012845099975,4196.4,424574.6
7z,random_search,20,20260444,42,60012,299507.4,4793.8,0.0014211012845099975,4196.4,424574.6
7z,random_search,20,20260444,43,19895,17635.2,4793.8,0.0014211012845099975,4196.4,424574.6
7z,random_search,20,20260444,44,26364,105393.4,4793.8,0.0014211012845099975,4196.4,424574.6
7z,random_search,20,20260444,45,3488,17814.6,4793.8,0.0014211012845099975,4196.4,424574.6
7z,random_search,20,20260444,46,20102,11870.8,4793.8,0.0014211012845099975,4196.4,424574.6
7z,random_search,20,20260444,47,5243,17772.0,4793.8,0.0014211012845099975,4196.4,424574.6
7z,random_search,20,20260444,48,12009,102947.4,4793.8,0.0014211012845099975,4196.4,424574.6
7z,random_search,20,20260444,49,36953,12174.8,4793.8,0.0014211012845099975,4196.4,424574.6
7z,random_search,20,20260444,50,1788,17723.0,4793.8,0.0014211012845099975,4196.4,424574.6
7z,rf_smbo,20,20260444,1,18739,125017.0,125017.0,0.28740929001551463,4196.4,424574.6
7z,rf_smbo,20,20260444,2,33548,12047.4,12047.4,0.018676039813672548,4196.4,424574.6
7z,rf_smbo,20,20260444,3,54155,35813.4,12047.4,0.018676039813672548,4196.4,424574.6
7z,rf_smbo,20,20260444,4,17841,101597.6,12047.4,0.018676039813672548,4196.4,424574.6
7z,rf_smbo,20,20260444,5,62735,9168.2,9168.2,0.011826969143499833,4196.4,424574.6
7z,rf_smbo,20,20260444,6,43196,20163.6,9168.2,0.011826969143499833,4196.4,424574.6
7z,rf_smbo,20,20260444,7,50642,35695.2,9168.2,0.011826969143499833,4196.4,424574.6
7z,rf_smbo,20,20260444,8,46571,35782.2,9168.2,0.011826969143499833,4196.4,424574.6
7z,rf_smbo,20,20260444,9,46132,125836.8,9168.2,0.011826969143499833,4196.4,424574.6
7z,rf_smbo,20,20260444,10,45556,35883.6,9168.2,0.011826969143499833,4196.4,424574.6
7z,rf_smbo,20,20260444,11,34417,12146.4,9168.2,0.011826969143499833,4196.4,424574.6
7z,rf_smbo,20,20260444,12,34440,12196.4,9168.2,0.011826969143499833,4196.4,424574.6
7z,rf_smbo,20,20260444,13,18984,4651.4,4651.4,0.001082358695098842,4196.4,424574.6
7z,rf_smbo,20,20260444,14,999,17702.6,4651.4,0.001082358695098842,4196.4,424574.6
7z,rf_smbo,20,20260444,15,18985,4664.8,4651.4,0.001082358695098842,4196.4,424574.6
7z,rf_smbo,20,20260444,16,18975,11406.4,4651.4,0.001082358695098842,4196.4,424574.6
7z,rf_smbo,20,20260444,17,7973,18075.0,4651.4,0.001082358695098842,4196.4,424574.6
7z,rf_smbo,20,20260444,18,18138,17702.8,4651.4,0.001082358695098842,4196.4,424574.6
7z,rf_smbo,20,20260444,19,14687,5017.6,4651.4,0.001082358695098842,4196.4,424574.6
7z,rf_smbo,20,20260444,20,18980,4873.2,4651.4,0.001082358695098842,4196.4,424574.6
7z,rf_smbo,20,20260444,21,14681,4762.6,4651.4,0.001082358695098842,4196.4,424574.6
7z,rf_smbo,20,20260444,22,19408,89310.2,4651.4,0.001082358695098842,4196.4,424574.6
7z,rf_smbo,20,20260444,23,18969,4859.2,4651.4,0.001082358695098842,4196.4,424574.6
7z,rf_smbo,20,20260444,24,19268,4418.6,4418.6,0.0005285716528592604,4196.4,424574.6
7z,rf_smbo,20,20260444,25,36425,12041.8,4418.6,0.0005285716528592604,4196.4,424574.6
7z,rf_smbo,20,20260444,26,19265,4573.4,4418.6,0.0005285716528592604,4196.4,424574.6
7z,rf_smbo,20,20260444,27,19256,4403.2,4403.2,0.0004919379739482214,4196.4,424574.6
7z,rf_smbo,20,20260444,28,18958,4871.6,4403.2,0.0004919379739482214,4196.4,424574.6
7z,rf_smbo,20,20260444,29,18949,4740.6,4403.2,0.0004919379739482214,4196.4,424574.6
7z,rf_smbo,20,20260444,30,20245,90995.8,4403.2,0.0004919379739482214,4196.4,424574.6
7z,rf_smbo,20,20260444,31,19167,14785.6,4403.2,0.0004919379739482214,4196.4,424574.6
7z,rf_smbo,20,20260444,32,17409,4780.0,4403.2,0.0004919379739482214,4196.4,424574.6
7z,rf_smbo,20,20260444,33,14242,85465.8,4403.2,0.0004919379739482214,4196.4,424574.6
7z,rf_smbo,20,20260444,34,18521,90690.4,4403.2,0.0004919379739482214,4196.4,424574.6
7z,rf_smbo,20,20260444,35,13824,4707.6,4403.2,0.0004919379739482214,4196.4,424574.6
7z,rf_smbo,20,20260444,36,15540,17692.0,4403.2,0.0004919379739482214,4196.4,424574.6
7z,rf_smbo,20,20260444,37,19687,101353.2,4403.2,0.0004919379739482214,4196.4,424574.6
7z,rf_smbo,20,20260444,38,20687,4799.6,4403.2,0.0004919379739482214,4196.4,424574.6
7z,rf_smbo,20,20260444,39,21556,4778.8,4403.2,0.0004919379739482214,4196.4,424574.6
7z,rf_smbo,20,20260444,40,21544,4831.4,4403.2,0.0004919379739482214,4196.4,424574.6
7z,rf_smbo,20,20260444,41,21842,4390.6,4390.6,0.0004619649639301009,4196.4,424574.6
7z,rf_smbo,20,20260444,42,21841,4403.8,4390.6,0.0004619649639301009,4196.4,424574.6
7z,rf_smbo,20,20260444,43,23547,4359.0,4359.0,0.0003867945578529057,4196.4,424574.6
7z,rf_smbo,20,20260444,44,14109,4395.4,4359.0,0.0003867945578529057,4196.4,424574.6
7z,rf_smbo,20,20260444,45,14120,4454.0,4359.0,0.0003867945578529057,4196.4,424574.6
7z,rf_smbo,20,20260444,46,22710,4443.6,4359.0,0.0003867945578529057,4196.4,424574.6
7z,rf_smbo,20,20260444,47,23579,4405.0,4359.0,0.0003867945578529057,4196.4,424574.6
7z,rf_smbo,20,20260444,48,21853,4400.8,4359.0,0.0003867945578529057,4196.4,424574.6
7z,rf_smbo,20,20260444,49,22711,4495.0,4359.0,0.0003867945578529057,4196.4,424574.6
7z,rf_smbo,20,20260444,50,14131,4429.4,4359.0,0.0003867945578529057,4196.4,424574.6
7z,random_search,21,20260445,1,20985,4321.4,4321.4,0.00029735128986231927,4196.4,424574.6
7z,random_search,21,20260445,2,42504,27565.2,4321.4,0.00029735128986231927,4196.4,424574.6
7z,random_search,21,20260445,3,8425,101624.2,4321.4,0.00029735128986231927,4196.4,424574.6
7z,random_search,21,20260445,4,11236,17732.0,4321.4,0.00029735128986231927,4196.4,424574.6
7z,random_search,21,20260445,5,13840,5030.0,4321.4,0.00029735128986231927,4196.4,424574.6
7z,random_search,21,20260445,6,1474,85280.6,4321.4,0.00029735128986231927,4196.4,424574.6
7z,random_search,21,20260445,7,16622,12298.8,4321.4,0.00029735128986231927,4196.4,424574.6
7z,random_search,21,20260445,8,59131,301383.4,4321.4,0.00029735128986231927,4196.4,424574.6
7z,random_search,21,20260445,9,8551,101918.0,4321.4,0.00029735128986231927,4196.4,424574.6
7z,random_search,21,20260445,10,54362,39568.4,4321.4,0.00029735128986231927,4196.4,424574.6
7z,random_search,21,20260445,11,28996,44525.2,4321.4,0.00029735128986231927,4196.4,424574.6
7z,random_search,21,20260445,12,44246,19993.8,4321.4,0.00029735128986231927,4196.4,424574.6
7z,random_search,21,20260445,13,8491,95139.0,4321.4,0.00029735128986231927,4196.4,424574.6
7z,random_search,21,20260445,14,30381,12198.6,4321.4,0.00029735128986231927,4196.4,424574.6
7z,random_search,21,20260445,15,17497,5055.4,4321.4,0.00029735128986231927,4196.4,424574.6
7z,random_search,21,20260445,16,9397,100472.8,4321.4,0.00029735128986231927,4196.4,424574.6
7z,random_search,21,20260445,17,1107,17791.2,4321.4,0.00029735128986231927,4196.4,424574.6
7z,random_search,21,20260445,18,43097,8991.2,4321.4,0.00029735128986231927,4196.4,424574.6
7z,random_search,21,20260445,19,28459,14252.6,4321.4,0.00029735128986231927,4196.4,424574.6
7z,random_search,21,20260445,20,50704,35743.0,4321.4,0.00029735128986231927,4196.4,424574.6
7z,random_search,21,20260445,21,2112,18479.2,4321.4,0.00029735128986231927,4196.4,424574.6
7z,random_search,21,20260445,22,34817,10936.2,4321.4,0.00029735128986231927,4196.4,424574.6
7z,random_search,21,20260445,23,15581,17706.0,4321.4,0.00029735128986231927,4196.4,424574.6
7z,random_search,21,20260445,24,8735,17680.4,4321.4,0.00029735128986231927,4196.4,424574.6
7z,random_search,21,20260445,25,37381,10809.4,4321.4,0.00029735128986231927,4196.4,424574.6
7z,random_search,21,20260445,26,40671,12121.6,4321.4,0.00029735128986231927,4196.4,424574.6
7z,random_search,21,20260445,27,46009,49690.0,4321.4,0.00029735128986231927,4196.4,424574.6
7z,random_search,21,20260445,28,59320,9237.6,4321.4,0.00029735128986231927,4196.4,424574.6
7z,random_search,21,20260445,29,20968,4984.6,4321.4,0.00029735128986231927,4196.4,424574.6
7z,random_search,21,20260445,30,28664,12162.6,4321.4,0.00029735128986231927,4196.4,424574.6
7z,random_search,21,20260445,31,50676,35883.2,4321.4,0.00029735128986231927,4196.4,424574.6
7z,random_search,21,20260445,32,35980,48583.4,4321.4,0.00029735128986231927,4196.4,424574.6
7z,random_search,21,20260445,33,18741,125167.2,4321.4,0.00029735128986231927,4196.4,424574.6
7z,random_search,21,20260445,34,60734,121908.6,4321.4,0.00029735128986231927,4196.4,424574.6
7z,random_search,21,20260445,35,47145,415441.8,4321.4,0.00029735128986231927,4196.4,424574.6
7z,random_search,21,20260445,36,35557,12283.8,4321.4,0.00029735128986231927,4196.4,424574.6
7z,random_search,21,20260445,37,67530,121490.4,4321.4,0.00029735128986231927,4196.4,424574.6
7z,random_search,21,20260445,38,30460,18160.0,4321.4,0.00029735128986231927,4196.4,424574.6
7z,random_search,21,20260445,39,48723,40935.6,4321.4,0.00029735128986231927,4196.4,424574.6
7z,random_search,21,20260445,40,53907,39539.8,4321.4,0.00029735128986231927,4196.4,424574.6
7z,random_search,21,20260445,41,65841,121506.2,4321.4,0.00029735128986231927,4196.4,424574.6
7z,random_search,21,20260445,42,12353,18408.8,4321.4,0.00029735128986231927,4196.4,424574.6
7z,random_search,21,20260445,43,53047,124810.2,4321.4,0.00029735128986231927,4196.4,424574.6
7z,random_search,21,20260445,44,48426,13114.2,4321.4,0.00029735128986231927,4196.4,424574.6
7z,random_search,21,20260445,45,54964,9199.8,4321.4,0.00029735128986231927,4196.4,424574.6
7z,random_search,21,20260445,46,44125,13079.2,4321.4,0.00029735128986231927,4196.4,424574.6
7z,random_search,21,20260445,47,37762,14293.6,4321.4,0.00029735128986231927,4196.4,424574.6
7z,random_search,21,20260445,48,41495,14813.2,4321.4,0.00029735128986231927,4196.4,424574.6
7z,random_search,21,20260445,49,52141,47027.6,4321.4,0.00029735128986231927,4196.4,424574.6
7z,random_search,21,20260445,50,11091,103259.0,4321.4,0.00029735128986231927,4196.4,424574.6
7z,rf_smbo,21,20260445,1,25640,109258.2,109258.2,0.2499220939620561,4196.4,424574.6
7z,rf_smbo,21,20260445,2,42002,118936.2,109258.2,0.2499220939620561,4196.4,424574.6
7z,rf_smbo,21,20260445,3,62264,47479.4,47479.4,0.10296204703288611,4196.4,424574.6
7z,rf_smbo,21,20260445,4,49861,35806.0,35806.0,0.07519324265625572,4196.4,424574.6
7z,rf_smbo,21,20260445,5,1756,17702.0,17702.0,0.03212726064291631,4196.4,424574.6
7z,rf_smbo,21,20260445,6,60112,9125.8,9125.8,0.01172610758597853,4196.4,424574.6
7z,rf_smbo,21,20260445,7,65392,9253.6,9125.8,0.01172610758597853,4196.4,424574.6
7z,rf_smbo,21,20260445,8,54084,35973.8,9125.8,0.01172610758597853,4196.4,424574.6
7z,rf_smbo,21,20260445,9,55228,9124.4,9124.4,0.011722777251532075,4196.4,424574.6
7z,rf_smbo,21,20260445,10,55966,9161.4,9124.4,0.011722777251532075,4196.4,424574.6
7z,rf_smbo,21,20260445,11,60224,9161.2,9124.4,0.011722777251532075,4196.4,424574.6
7z,rf_smbo,21,20260445,12,56059,9090.8,9090.8,0.011642849224817082,4196.4,424574.6
7z,rf_smbo,21,20260445,13,60216,9141.6,9090.8,0.011642849224817082,4196.4,424574.6
7z,rf_smbo,21,20260445,14,56077,9143.2,9090.8,0.011642849224817082,4196.4,424574.6
7z,rf_smbo,21,20260445,15,55261,9226.6,9090.8,0.011642849224817082,4196.4,424574.6
7z,rf_smbo,21,20260445,16,55656,298158.4,9090.8,0.011642849224817082,4196.4,424574.6
7z,rf_smbo,21,20260445,17,58493,9199.6,9090.8,0.011642849224817082,4196.4,424574.6
7z,rf_smbo,21,20260445,18,55216,9191.0,9090.8,0.011642849224817082,4196.4,424574.6
7z,rf_smbo,21,20260445,19,58781,47270.0,9090.8,0.011642849224817082,4196.4,424574.6
7z,rf_smbo,21,20260445,20,56084,9165.8,9090.8,0.011642849224817082,4196.4,424574.6
7z,rf_smbo,21,20260445,21,56062,9117.0,9090.8,0.011642849224817082,4196.4,424574.6
7z,rf_smbo,21,20260445,22,56122,9198.8,9090.8,0.011642849224817082,4196.4,424574.6
7z,rf_smbo,21,20260445,23,55225,9146.0,9090.8,0.011642849224817082,4196.4,424574.6
7z,rf_smbo,21,20260445,24,55233,9159.0,9090.8,0.011642849224817082,4196.4,424574.6
7z,rf_smbo,21,20260445,25,56151,9225.8,9090.8,0.011642849224817082,4196.4,424574.6
7z,rf_smbo,21,20260445,26,55076,9111.6,9090.8,0.011642849224817082,4196.4,424574.6
7z,rf_smbo,21,20260445,27,55304,9156.8,9090.8,0.011642849224817082,4196.4,424574.6
7z,rf_smbo,21,20260445,28,55229,9163.6,9090.8,0.011642849224817082,4196.4,424574.6
7z,rf_smbo,21,20260445,29,56096,9249.6,9090.8,0.011642849224817082,4196.4,424574.6
7z,rf_smbo,21,20260445,30,55226,9155.8,9090.8,0.011642849224817082,4196.4,424574.6
7z,rf_smbo,21,20260445,31,58648,9159.2,9090.8,0.011642849224817082,4196.4,424574.6
7z,rf_smbo,21,20260445,32,55223,9097.8,9090.8,0.011642849224817082,4196.4,424574.6
7z,rf_smbo,21,20260445,33,58707,9228.6,9090.8,0.011642849224817082,4196.4,424574.6
7z,rf_smbo,21,20260445,34,59506,9102.4,9090.8,0.011642849224817082,4196.4,424574.6
7z,rf_smbo,21,20260445,35,60278,9148.6,9090.8,0.011642849224817082,4196.4,424574.6
7z,rf_smbo,21,20260445,36,58538,9220.0,9090.8,0.011642849224817082,4196.4,424574.6
7z,rf_smbo,21,20260445,37,56790,9131.4,9090.8,0.011642849224817082,4196.4,424574.6
7z,rf_smbo,21,20260445,38,58649,9152.8,9090.8,0.011642849224817082,4196.4,424574.6
7z,rf_smbo,21,20260445,39,59519,9126.8,9090.8,0.011642849224817082,4196.4,424574.6
7z,rf_smbo,21,20260445,40,60233,9206.0,9090.8,0.011642849224817082,4196.4,424574.6
7z,rf_smbo,21,20260445,41,60168,9142.4,9090.8,0.011642849224817082,4196.4,424574.6
7z,rf_smbo,21,20260445,42,56063,9107.6,9090.8,0.011642849224817082,4196.4,424574.6
7z,rf_smbo,21,20260445,43,60312,9202.2,9090.8,0.011642849224817082,4196.4,424574.6
7z,rf_smbo,21,20260445,44,56943,9190.0,9090.8,0.011642849224817082,4196.4,424574.6
7z,rf_smbo,21,20260445,45,60323,9168.0,9090.8,0.011642849224817082,4196.4,424574.6
7z,rf_smbo,21,20260445,46,57658,9192.0,9090.8,0.011642849224817082,4196.4,424574.6
7z,rf_smbo,21,20260445,47,58657,9181.4,9090.8,0.011642849224817082,4196.4,424574.6
7z,rf_smbo,21,20260445,48,60375,9210.2,9090.8,0.011642849224817082,4196.4,424574.6
7z,rf_smbo,21,20260445,49,57650,9168.0,9090.8,0.011642849224817082,4196.4,424574.6
7z,rf_smbo,21,20260445,50,55128,9175.6,9090.8,0.011642849224817082,4196.4,424574.6
7z,random_search,22,20260446,1,2392,102921.0,102921.0,0.2348470972091322,4196.4,424574.6
7z,random_search,22,20260446,2,36889,48413.6,48413.6,0.10518433163280114,4196.4,424574.6
7z,random_search,22,20260446,3,49686,114030.8,48413.6,0.10518433163280114,4196.4,424574.6
7z,random_search,22,20260446,4,4617,12175.6,12175.6,0.018981003296555343,4196.4,424574.6
7z,random_search,22,20260446,5,28705,12009.6,12009.6,0.018586120783618185,4196.4,424574.6
7z,random_search,22,20260446,6,30159,12171.4,12009.6,0.018586120783618185,4196.4,424574.6
7z,random_search,22,20260446,7,61650,297678.0,12009.6,0.018586120783618185,4196.4,424574.6
7z,random_search,22,20260446,8,35677,10734.0,10734.0,0.015551710340831188,4196.4,424574.6
7z,random_search,22,20260446,9,37950,15904.6,10734.0,0.015551710340831188,4196.4,424574.6
7z,random_search,22,20260446,10,44219,23352.2,10734.0,0.015551710340831188,4196.4,424574.6
7z,random_search,22,20260446,11,60054,300630.6,10734.0,0.015551710340831188,4196.4,424574.6
7z,random_search,22,20260446,12,56404,121150.0,10734.0,0.015551710340831188,4196.4,424574.6
7z,random_search,22,20260446,13,45175,49353.6,10734.0,0.015551710340831188,4196.4,424574.6
7z,random_search,22,20260446,14,36479,15561.6,10734.0,0.015551710340831188,4196.4,424574.6
7z,random_search,22,20260446,15,4436,17672.6,10734.0,0.015551710340831188,4196.4,424574.6
7z,random_search,22,20260446,16,39107,10982.2,10734.0,0.015551710340831188,4196.4,424574.6
7z,random_search,22,20260446,17,3674,17885.4,10734.0,0.015551710340831188,4196.4,424574.6
7z,random_search,22,20260446,18,21259,100515.8,10734.0,0.015551710340831188,4196.4,424574.6
7z,random_search,22,20260446,19,26083,12018.6,10734.0,0.015551710340831188,4196.4,424574.6
7z,random_search,22,20260446,20,65397,9229.2,9229.2,0.011972076572952645,4196.4,424574.6
7z,random_search,22,20260446,21,7166,13303.0,9229.2,0.011972076572952645,4196.4,424574.6
7z,random_search,22,20260446,22,19175,12773.4,9229.2,0.011972076572952645,4196.4,424574.6
7z,random_search,22,20260446,23,10209,98253.2,9229.2,0.011972076572952645,4196.4,424574.6
7z,random_search,22,20260446,24,1571,100545.0,9229.2,0.011972076572952645,4196.4,424574.6
7z,random_search,22,20260446,25,31780,12551.8,9229.2,0.011972076572952645,4196.4,424574.6
7z,random_search,22,20260446,26,7945,17707.0,9229.2,0.011972076572952645,4196.4,424574.6
7z,random_search,22,20260446,27,20342,109639.2,9229.2,0.011972076572952645,4196.4,424574.6
7z,random_search,22,20260446,28,31738,48734.8,9229.2,0.011972076572952645,4196.4,424574.6
7z,random_search,22,20260446,29,57453,298453.4,9229.2,0.011972076572952645,4196.4,424574.6
7z,random_search,22,20260446,30,67365,47567.6,9229.2,0.011972076572952645,4196.4,424574.6
7z,random_search,22,20260446,31,24731,103398.8,9229.2,0.011972076572952645,4196.4,424574.6
7z,random_search,22,20260446,32,30082,12293.0,9229.2,0.011972076572952645,4196.4,424574.6
7z,random_search,22,20260446,33,34147,38117.2,9229.2,0.011972076572952645,4196.4,424574.6
7z,random_search,22,20260446,34,44516,145888.0,9229.2,0.011972076572952645,4196.4,424574.6
7z,random_search,22,20260446,35,65706,47713.0,9229.2,0.011972076572952645,4196.4,424574.6
7z,random_search,22,20260446,36,8477,86108.8,9229.2,0.011972076572952645,4196.4,424574.6
7z,random_search,22,20260446,37,31488,37462.8,9229.2,0.011972076572952645,4196.4,424574.6
7z,random_search,22,20260446,38,53969,119990.6,9229.2,0.011972076572952645,4196.4,424574.6
7z,random_search,22,20260446,39,13196,12168.0,9229.2,0.011972076572952645,4196.4,424574.6
7z,random_search,22,20260446,40,25403,91186.6,9229.2,0.011972076572952645,4196.4,424574.6
7z,random_search,22,20260446,41,57165,47590.2,9229.2,0.011972076572952645,4196.4,424574.6
7z,random_search,22,20260446,42,6755,109824.2,9229.2,0.011972076572952645,4196.4,424574.6
7z,random_search,22,20260446,43,58209,298004.2,9229.2,0.011972076572952645,4196.4,424574.6
7z,random_search,22,20260446,44,30768,47032.6,9229.2,0.011972076572952645,4196.4,424574.6
7z,random_search,22,20260446,45,50041,35876.4,9229.2,0.011972076572952645,4196.4,424574.6
7z,random_search,22,20260446,46,31272,12121.6,9229.2,0.011972076572952645,4196.4,424574.6
7z,random_search,22,20260446,47,7460,80831.8,9229.2,0.011972076572952645,4196.4,424574.6
7z,random_search,22,20260446,48,456,72628.2,9229.2,0.011972076572952645,4196.4,424574.6
7z,random_search,22,20260446,49,17173,7484.0,7484.0,0.007820576804410888,4196.4,424574.6
7z,random_search,22,20260446,50,29362,12096.2,7484.0,0.007820576804410888,4196.4,424574.6
7z,rf_smbo,22,20260446,1,59591,9197.4,9197.4,0.011896430404811668,4196.4,424574.6
7z,rf_smbo,22,20260446,2,24135,17632.8,9197.4,0.011896430404811668,4196.4,424574.6
7z,rf_smbo,22,20260446,3,3110,90824.6,9197.4,0.011896430404811668,4196.4,424574.6
7z,rf_smbo,22,20260446,4,16434,17784.8,9197.4,0.011896430404811668,4196.4,424574.6
7z,rf_smbo,22,20260446,5,62988,9181.2,9181.2,0.011857893677645514,4196.4,424574.6
7z,rf_smbo,22,20260446,6,48138,9114.0,9114.0,0.01169803762421553,4196.4,424574.6
7z,rf_smbo,22,20260446,7,55959,9182.8,9114.0,0.01169803762421553,4196.4,424574.6
7z,rf_smbo,22,20260446,8,57643,9111.4,9111.4,0.011691852717386392,4196.4,424574.6
7z,rf_smbo,22,20260446,9,58402,9143.0,9111.4,0.011691852717386392,4196.4,424574.6
7z,rf_smbo,22,20260446,10,57632,9126.6,9111.4,0.011691852717386392,4196.4,424574.6
7z,rf_smbo,22,20260446,11,57676,9086.8,9086.8,0.011633333983541487,4196.4,424574.6
7z,rf_smbo,22,20260446,12,57961,47393.2,9086.8,0.011633333983541487,4196.4,424574.6
7z,rf_smbo,22,20260446,13,43684,119728.4,9086.8,0.011633333983541487,4196.4,424574.6
7z,rf_smbo,22,20260446,14,51681,9119.6,9086.8,0.011633333983541487,4196.4,424574.6
7z,rf_smbo,22,20260446,15,57832,9102.4,9086.8,0.011633333983541487,4196.4,424574.6
7z,rf_smbo,22,20260446,16,51695,8914.2,8914.2,0.011222751322499601,4196.4,424574.6
7z,rf_smbo,22,20260446,17,43103,8964.0,8914.2,0.011222751322499601,4196.4,424574.6
7z,rf_smbo,22,20260446,18,48273,8930.2,8914.2,0.011222751322499601,4196.4,424574.6
7z,rf_smbo,22,20260446,19,51696,8919.6,8914.2,0.011222751322499601,4196.4,424574.6
7z,rf_smbo,22,20260446,20,57852,9170.4,8914.2,0.011222751322499601,4196.4,424574.6
7z,rf_smbo,22,20260446,21,57830,9237.6,8914.2,0.011222751322499601,4196.4,424574.6
7z,rf_smbo,22,20260446,22,43129,8901.4,8901.4,0.011192302550417697,4196.4,424574.6
7z,rf_smbo,22,20260446,23,52111,41357.8,8901.4,0.011192302550417697,4196.4,424574.6
7z,rf_smbo,22,20260446,24,55281,9152.8,8901.4,0.011192302550417697,4196.4,424574.6
7z,rf_smbo,22,20260446,25,43261,12795.6,8901.4,0.011192302550417697,4196.4,424574.6
7z,rf_smbo,22,20260446,26,41396,9002.6,8901.4,0.011192302550417697,4196.4,424574.6
7z,rf_smbo,22,20260446,27,41486,15651.2,8901.4,0.011192302550417697,4196.4,424574.6
7z,rf_smbo,22,20260446,28,61427,47472.6,8901.4,0.011192302550417697,4196.4,424574.6
7z,rf_smbo,22,20260446,29,51682,8978.0,8901.4,0.011192302550417697,4196.4,424574.6
7z,rf_smbo,22,20260446,30,9652,17694.2,8901.4,0.011192302550417697,4196.4,424574.6
7z,rf_smbo,22,20260446,31,48276,8941.4,8901.4,0.011192302550417697,4196.4,424574.6
7z,rf_smbo,22,20260446,32,42972,8931.2,8901.4,0.011192302550417697,4196.4,424574.6
7z,rf_smbo,22,20260446,33,48404,13043.8,8901.4,0.011192302550417697,4196.4,424574.6
7z,rf_smbo,22,20260446,34,43995,8963.2,8901.4,0.011192302550417697,4196.4,424574.6
7z,rf_smbo,22,20260446,35,53275,9119.6,8901.4,0.011192302550417697,4196.4,424574.6
7z,rf_smbo,22,20260446,36,51977,20298.8,8901.4,0.011192302550417697,4196.4,424574.6
7z,rf_smbo,22,20260446,37,55965,9135.4,8901.4,0.011192302550417697,4196.4,424574.6
7z,rf_smbo,22,20260446,38,61284,9130.6,8901.4,0.011192302550417697,4196.4,424574.6
7z,rf_smbo,22,20260446,39,52554,35809.0,8901.4,0.011192302550417697,4196.4,424574.6
7z,rf_smbo,22,20260446,40,57853,9126.4,8901.4,0.011192302550417697,4196.4,424574.6
7z,rf_smbo,22,20260446,41,29812,38455.0,8901.4,0.011192302550417697,4196.4,424574.6
7z,rf_smbo,22,20260446,42,7144,17726.0,8901.4,0.011192302550417697,4196.4,424574.6
7z,rf_smbo,22,20260446,43,51679,9233.0,8901.4,0.011192302550417697,4196.4,424574.6
7z,rf_smbo,22,20260446,44,57691,9195.8,8901.4,0.011192302550417697,4196.4,424574.6
7z,rf_smbo,22,20260446,45,34818,10608.6,8901.4,0.011192302550417697,4196.4,424574.6
7z,rf_smbo,22,20260446,46,51564,8891.8,8891.8,0.01116946597135627,4196.4,424574.6
7z,rf_smbo,22,20260446,47,57732,9158.8,8891.8,0.01116946597135627,4196.4,424574.6
7z,rf_smbo,22,20260446,48,57702,9186.0,8891.8,0.01116946597135627,4196.4,424574.6
7z,rf_smbo,22,20260446,49,43106,8947.0,8891.8,0.01116946597135627,4196.4,424574.6
7z,rf_smbo,22,20260446,50,51680,9107.8,8891.8,0.01116946597135627,4196.4,424574.6
7z,random_search,23,20260447,1,36717,37796.6,37796.6,0.07992850247705519,4196.4,424574.6
7z,random_search,23,20260447,2,5656,89841.0,37796.6,0.07992850247705519,4196.4,424574.6
7z,random_search,23,20260447,3,3701,17783.0,17783.0,0.03231994427874709,4196.4,424574.6
7z,random_search,23,20260447,4,12183,17664.8,17664.8,0.032038768899053285,4196.4,424574.6
7z,random_search,23,20260447,5,67942,9171.6,9171.6,0.011835057098584088,4196.4,424574.6
7z,random_search,23,20260447,6,68030,9158.2,9158.2,0.011803181040310848,4196.4,424574.6
7z,random_search,23,20260447,7,63791,9130.2,9130.2,0.011736574351381689,4196.4,424574.6
7z,random_search,23,20260447,8,21195,80884.6,9130.2,0.011736574351381689,4196.4,424574.6
7z,random_search,23,20260447,9,45840,43541.8,9130.2,0.011736574351381689,4196.4,424574.6
7z,random_search,23,20260447,10,15424,101434.2,9130.2,0.011736574351381689,4196.4,424574.6
7z,random_search,23,20260447,11,4264,100651.4,9130.2,0.011736574351381689,4196.4,424574.6
7z,random_search,23,20260447,12,24907,17658.2,9130.2,0.011736574351381689,4196.4,424574.6
7z,random_search,23,20260447,13,9419,100695.8,9130.2,0.011736574351381689,4196.4,424574.6
7z,random_search,23,20260447,14,7611,81140.0,9130.2,0.011736574351381689,4196.4,424574.6
7z,random_search,23,20260447,15,12166,17938.4,9130.2,0.011736574351381689,4196.4,424574.6
7z,random_search,23,20260447,16,13773,5925.2,5925.2,0.004112487279311821,4196.4,424574.6
7z,random_search,23,20260447,17,2543,103756.6,5925.2,0.004112487279311821,4196.4,424574.6
7z,random_search,23,20260447,18,26406,102667.4,5925.2,0.004112487279311821,4196.4,424574.6
7z,random_search,23,20260447,19,62793,9187.6,5925.2,0.004112487279311821,4196.4,424574.6
7z,random_search,23,20260447,20,54210,35688.4,5925.2,0.004112487279311821,4196.4,424574.6
7z,random_search,23,20260447,21,60125,9172.6,5925.2,0.004112487279311821,4196.4,424574.6
7z,random_search,23,20260447,22,21598,11205.6,5925.2,0.004112487279311821,4196.4,424574.6
7z,random_search,23,20260447,23,18170,17622.8,5925.2,0.004112487279311821,4196.4,424574.6
7z,random_search,23,20260447,24,36564,20861.2,5925.2,0.004112487279311821,4196.4,424574.6
7z,random_search,23,20260447,25,18722,131717.2,5925.2,0.004112487279311821,4196.4,424574.6
7z,random_search,23,20260447,26,12799,102632.8,5925.2,0.004112487279311821,4196.4,424574.6
7z,random_search,23,20260447,27,35669,10988.8,5925.2,0.004112487279311821,4196.4,424574.6
7z,random_search,23,20260447,28,46351,35819.8,5925.2,0.004112487279311821,4196.4,424574.6
7z,random_search,23,20260447,29,7956,17700.2,5925.2,0.004112487279311821,4196.4,424574.6
7z,random_search,23,20260447,30,58546,9254.8,5925.2,0.004112487279311821,4196.4,424574.6
7z,random_search,23,20260447,31,15491,17638.8,5925.2,0.004112487279311821,4196.4,424574.6
7z,random_search,23,20260447,32,59032,122043.8,5925.2,0.004112487279311821,4196.4,424574.6
7z,random_search,23,20260447,33,31270,12204.2,5925.2,0.004112487279311821,4196.4,424574.6
7z,random_search,23,20260447,34,27052,103460.4,5925.2,0.004112487279311821,4196.4,424574.6
7z,random_search,23,20260447,35,49631,265684.0,5925.2,0.004112487279311821,4196.4,424574.6
7z,random_search,23,20260447,36,12317,13306.0,5925.2,0.004112487279311821,4196.4,424574.6
7z,random_search,23,20260447,37,48632,60148.8,5925.2,0.004112487279311821,4196.4,424574.6
7z,random_search,23,20260447,38,32802,15803.0,5925.2,0.004112487279311821,4196.4,424574.6
7z,random_search,23,20260447,39,57714,9195.4,5925.2,0.004112487279311821,4196.4,424574.6
7z,random_search,23,20260447,40,39596,12108.2,5925.2,0.004112487279311821,4196.4,424574.6
7z,random_search,23,20260447,41,30539,10797.2,5925.2,0.004112487279311821,4196.4,424574.6
7z,random_search,23,20260447,42,1408,82358.8,5925.2,0.004112487279311821,4196.4,424574.6
7z,random_search,23,20260447,43,40149,37841.2,5925.2,0.004112487279311821,4196.4,424574.6
7z,random_search,23,20260447,44,59020,121507.2,5925.2,0.004112487279311821,4196.4,424574.6
7z,random_search,23,20260447,45,46629,39561.8,5925.2,0.004112487279311821,4196.4,424574.6
7z,random_search,23,20260447,46,8501,99112.6,5925.2,0.004112487279311821,4196.4,424574.6
7z,random_search,23,20260447,47,22744,78841.0,5925.2,0.004112487279311821,4196.4,424574.6
7z,random_search,23,20260447,48,26986,11965.2,5925.2,0.004112487279311821,4196.4,424574.6
7z,random_search,23,20260447,49,8683,17725.0,5925.2,0.004112487279311821,4196.4,424574.6
7z,random_search,23,20260447,50,22114,101336.8,5925.2,0.004112487279311821,4196.4,424574.6
7z,rf_smbo,23,20260447,1,6899,17842.6,17842.6,0.032461721373753444,4196.4,424574.6
7z,rf_smbo,23,20260447,2,18175,17646.4,17646.4,0.031994998789185554,4196.4,424574.6
7z,rf_smbo,23,20260447,3,43891,9248.0,9248.0,0.012016798206947937,4196.4,424574.6
7z,rf_smbo,23,20260447,4,42763,266125.2,9248.0,0.012016798206947937,4196.4,424574.6
7z,rf_smbo,23,20260447,5,63544,9179.4,9179.4,0.011853611819071495,4196.4,424574.6
7z,rf_smbo,23,20260447,6,1198,11887.4,9179.4,0.011853611819071495,4196.4,424574.6
7z,rf_smbo,23,20260447,7,39753,12235.4,9179.4,0.011853611819071495,4196.4,424574.6
7z,rf_smbo,23,20260447,8,42063,9530.4,9179.4,0.011853611819071495,4196.4,424574.6
7z,rf_smbo,23,20260447,9,66174,9164.6,9164.6,0.011818405426351798,4196.4,424574.6
7z,rf_smbo,23,20260447,10,58452,9140.6,9140.6,0.011761313978698233,4196.4,424574.6
7z,rf_smbo,23,20260447,11,58474,9177.4,9140.6,0.011761313978698233,4196.4,424574.6
7z,rf_smbo,23,20260447,12,58447,9210.0,9140.6,0.011761313978698233,4196.4,424574.6
7z,rf_smbo,23,20260447,13,63743,9242.4,9140.6,0.011761313978698233,4196.4,424574.6
7z,rf_smbo,23,20260447,14,66183,9205.6,9140.6,0.011761313978698233,4196.4,424574.6
7z,rf_smbo,23,20260447,15,59452,9215.8,9140.6,0.011761313978698233,4196.4,424574.6
7z,rf_smbo,23,20260447,16,63619,9203.0,9140.6,0.011761313978698233,4196.4,424574.6
7z,rf_smbo,23,20260447,17,59273,9135.2,9135.2,0.011748468402976182,4196.4,424574.6
7z,rf_smbo,23,20260447,18,66282,9169.4,9135.2,0.011748468402976182,4196.4,424574.6
7z,rf_smbo,23,20260447,19,58396,9115.2,9115.2,0.011700892196598209,4196.4,424574.6
7z,rf_smbo,23,20260447,20,58397,9178.2,9115.2,0.011700892196598209,4196.4,424574.6
7z,rf_smbo,23,20260447,21,58570,9189.6,9115.2,0.011700892196598209,4196.4,424574.6
7z,rf_smbo,23,20260447,22,63685,9191.4,9115.2,0.011700892196598209,4196.4,424574.6
7z,rf_smbo,23,20260447,23,66103,9113.4,9113.4,0.01169661033802419,4196.4,424574.6
7z,rf_smbo,23,20260447,24,58581,9163.0,9113.4,0.01169661033802419,4196.4,424574.6
7z,rf_smbo,23,20260447,25,59790,120915.0,9113.4,0.01169661033802419,4196.4,424574.6
7z,rf_smbo,23,20260447,26,59243,9123.0,9113.4,0.01169661033802419,4196.4,424574.6
7z,rf_smbo,23,20260447,27,59388,9259.6,9113.4,0.01169661033802419,4196.4,424574.6
7z,rf_smbo,23,20260447,28,63533,9186.4,9113.4,0.01169661033802419,4196.4,424574.6
7z,rf_smbo,23,20260447,29,58713,9184.0,9113.4,0.01169661033802419,4196.4,424574.6
7z,rf_smbo,23,20260447,30,66424,9181.6,9113.4,0.01169661033802419,4196.4,424574.6
7z,rf_smbo,23,20260447,31,66416,9215.2,9113.4,0.01169661033802419,4196.4,424574.6
7z,rf_smbo,23,20260447,32,59549,9162.0,9113.4,0.01169661033802419,4196.4,424574.6
7z,rf_smbo,23,20260447,33,58726,9198.8,9113.4,0.01169661033802419,4196.4,424574.6
7z,rf_smbo,23,20260447,34,42081,9142.6,9113.4,0.01169661033802419,4196.4,424574.6
7z,rf_smbo,23,20260447,35,49233,13771.6,9113.4,0.01169661033802419,4196.4,424574.6
7z,rf_smbo,23,20260447,36,58668,9193.6,9113.4,0.01169661033802419,4196.4,424574.6
7z,rf_smbo,23,20260447,37,63818,9329.6,9113.4,0.01169661033802419,4196.4,424574.6
7z,rf_smbo,23,20260447,38,46898,49600.4,9113.4,0.01169661033802419,4196.4,424574.6
7z,rf_smbo,23,20260447,39,58415,9127.6,9113.4,0.01169661033802419,4196.4,424574.6
7z,rf_smbo,23,20260447,40,59232,9160.0,9113.4,0.01169661033802419,4196.4,424574.6
7z,rf_smbo,23,20260447,41,58372,9121.2,9113.4,0.01169661033802419,4196.4,424574.6
7z,rf_smbo,23,20260447,42,58374,9209.4,9113.4,0.01169661033802419,4196.4,424574.6
7z,rf_smbo,23,20260447,43,66083,9199.8,9113.4,0.01169661033802419,4196.4,424574.6
7z,rf_smbo,23,20260447,44,66853,303079.8,9113.4,0.01169661033802419,4196.4,424574.6
7z,rf_smbo,23,20260447,45,66425,9175.6,9113.4,0.01169661033802419,4196.4,424574.6
7z,rf_smbo,23,20260447,46,66413,9259.4,9113.4,0.01169661033802419,4196.4,424574.6
7z,rf_smbo,23,20260447,47,58746,9212.4,9113.4,0.01169661033802419,4196.4,424574.6
7z,rf_smbo,23,20260447,48,66215,9141.0,9113.4,0.01169661033802419,4196.4,424574.6
7z,rf_smbo,23,20260447,49,64675,9125.2,9113.4,0.01169661033802419,4196.4,424574.6
7z,rf_smbo,23,20260447,50,66448,9209.4,9113.4,0.01169661033802419,4196.4,424574.6
7z,random_search,24,20260448,1,66296,9179.0,9179.0,0.011852660294943937,4196.4,424574.6
7z,random_search,24,20260448,2,22664,4610.2,4610.2,0.000984351709960222,4196.4,424574.6
7z,random_search,24,20260448,3,7502,85218.0,4610.2,0.000984351709960222,4196.4,424574.6
7z,random_search,24,20260448,4,66700,121485.6,4610.2,0.000984351709960222,4196.4,424574.6
7z,random_search,24,20260448,5,37762,14293.6,4610.2,0.000984351709960222,4196.4,424574.6
7z,random_search,24,20260448,6,19376,89037.6,4610.2,0.000984351709960222,4196.4,424574.6
7z,random_search,24,20260448,7,17223,4710.2,4610.2,0.000984351709960222,4196.4,424574.6
7z,random_search,24,20260448,8,2930,11888.8,4610.2,0.000984351709960222,4196.4,424574.6
7z,random_search,24,20260448,9,43586,41048.0,4610.2,0.000984351709960222,4196.4,424574.6
7z,random_search,24,20260448,10,64809,47387.8,4610.2,0.000984351709960222,4196.4,424574.6
7z,random_search,24,20260448,11,12234,17695.2,4610.2,0.000984351709960222,4196.4,424574.6
7z,random_search,24,20260448,12,3162,117416.2,4610.2,0.000984351709960222,4196.4,424574.6
7z,random_search,24,20260448,13,4445,17705.0,4610.2,0.000984351709960222,4196.4,424574.6
7z,random_search,24,20260448,14,8851,17743.6,4610.2,0.000984351709960222,4196.4,424574.6
7z,random_search,24,20260448,15,42002,118936.2,4610.2,0.000984351709960222,4196.4,424574.6
7z,random_search,24,20260448,16,34619,13129.6,4610.2,0.000984351709960222,4196.4,424574.6
7z,random_search,24,20260448,17,11893,114487.2,4610.2,0.000984351709960222,4196.4,424574.6
7z,random_search,24,20260448,18,17564,4310.2,4310.2,0.00027070861429065587,4196.4,424574.6
7z,random_search,24,20260448,19,35847,37694.6,4310.2,0.00027070861429065587,4196.4,424574.6
7z,random_search,24,20260448,20,68155,9191.8,4310.2,0.00027070861429065587,4196.4,424574.6
7z,random_search,24,20260448,21,12756,113925.8,4310.2,0.00027070861429065587,4196.4,424574.6
7z,random_search,24,20260448,22,48442,12797.6,4310.2,0.00027070861429065587,4196.4,424574.6
7z,random_search,24,20260448,23,41442,8951.8,4310.2,0.00027070861429065587,4196.4,424574.6
7z,random_search,24,20260448,24,60897,301648.0,4310.2,0.00027070861429065587,4196.4,424574.6
7z,random_search,24,20260448,25,34081,37662.6,4310.2,0.00027070861429065587,4196.4,424574.6
7z,random_search,24,20260448,26,36666,38326.2,4310.2,0.00027070861429065587,4196.4,424574.6
7z,random_search,24,20260448,27,68473,121580.4,4310.2,0.00027070861429065587,4196.4,424574.6
7z,random_search,24,20260448,28,51258,125217.6,4310.2,0.00027070861429065587,4196.4,424574.6
7z,random_search,24,20260448,29,32426,37632.2,4310.2,0.00027070861429065587,4196.4,424574.6
7z,random_search,24,20260448,30,10857,123528.4,4310.2,0.00027070861429065587,4196.4,424574.6
7z,random_search,24,20260448,31,59096,302336.0,4310.2,0.00027070861429065587,4196.4,424574.6
7z,random_search,24,20260448,32,46097,124947.0,4310.2,0.00027070861429065587,4196.4,424574.6
7z,random_search,24,20260448,33,22001,88259.2,4310.2,0.00027070861429065587,4196.4,424574.6
7z,random_search,24,20260448,34,54718,124985.0,4310.2,0.00027070861429065587,4196.4,424574.6
7z,random_search,24,20260448,35,65591,9267.4,4310.2,0.00027070861429065587,4196.4,424574.6
7z,random_search,24,20260448,36,29453,12074.0,4310.2,0.00027070861429065587,4196.4,424574.6
7z,random_search,24,20260448,37,24291,17638.2,4310.2,0.00027070861429065587,4196.4,424574.6
7z,random_search,24,20260448,38,47606,43637.4,4310.2,0.00027070861429065587,4196.4,424574.6
7z,random_search,24,20260448,39,42481,34783.0,4310.2,0.00027070861429065587,4196.4,424574.6
7z,random_search,24,20260448,40,19744,17566.2,4310.2,0.00027070861429065587,4196.4,424574.6
7z,random_search,24,20260448,41,18001,101297.0,4310.2,0.00027070861429065587,4196.4,424574.6
7z,random_search,24,20260448,42,20868,5758.6,4310.2,0.00027070861429065587,4196.4,424574.6
7z,random_search,24,20260448,43,47777,124128.4,4310.2,0.00027070861429065587,4196.4,424574.6
7z,random_search,24,20260448,44,5233,17741.2,4310.2,0.00027070861429065587,4196.4,424574.6
7z,random_search,24,20260448,45,56162,9151.2,4310.2,0.00027070861429065587,4196.4,424574.6
7z,random_search,24,20260448,46,53410,8962.0,4310.2,0.00027070861429065587,4196.4,424574.6
7z,random_search,24,20260448,47,42116,8954.8,4310.2,0.00027070861429065587,4196.4,424574.6
7z,random_search,24,20260448,48,16611,12623.4,4310.2,0.00027070861429065587,4196.4,424574.6
7z,random_search,24,20260448,49,59715,47831.6,4310.2,0.00027070861429065587,4196.4,424574.6
7z,random_search,24,20260448,50,54042,111201.8,4310.2,0.00027070861429065587,4196.4,424574.6
7z,rf_smbo,24,20260448,1,51628,10002.8,10002.8,0.013812324235652563,4196.4,424574.6
7z,rf_smbo,24,20260448,2,10747,123686.2,10002.8,0.013812324235652563,4196.4,424574.6
7z,rf_smbo,24,20260448,3,4566,17711.6,10002.8,0.013812324235652563,4196.4,424574.6
7z,rf_smbo,24,20260448,4,58711,9182.6,9182.6,0.011861224012091972,4196.4,424574.6
7z,rf_smbo,24,20260448,5,16824,90918.8,9182.6,0.011861224012091972,4196.4,424574.6
7z,rf_smbo,24,20260448,6,49759,113167.4,9182.6,0.011861224012091972,4196.4,424574.6
7z,rf_smbo,24,20260448,7,54992,9158.6,9158.6,0.011804132564438406,4196.4,424574.6
7z,rf_smbo,24,20260448,8,58425,9186.8,9158.6,0.011804132564438406,4196.4,424574.6
7z,rf_smbo,24,20260448,9,54949,9175.0,9158.6,0.011804132564438406,4196.4,424574.6
7z,rf_smbo,24,20260448,10,55004,9153.4,9153.4,0.011791762750780132,4196.4,424574.6
7z,rf_smbo,24,20260448,11,55873,9172.0,9153.4,0.011791762750780132,4196.4,424574.6
7z,rf_smbo,24,20260448,12,61813,9194.4,9153.4,0.011791762750780132,4196.4,424574.6
7z,rf_smbo,24,20260448,13,58898,47495.4,9153.4,0.011791762750780132,4196.4,424574.6
7z,rf_smbo,24,20260448,14,56712,9160.8,9153.4,0.011791762750780132,4196.4,424574.6
7z,rf_smbo,24,20260448,15,41271,8971.0,8971.0,0.011357867748613037,4196.4,424574.6
7z,rf_smbo,24,20260448,16,55421,47721.2,8971.0,0.011357867748613037,4196.4,424574.6
7z,rf_smbo,24,20260448,17,30914,12850.2,8971.0,0.011357867748613037,4196.4,424574.6
7z,rf_smbo,24,20260448,18,41524,13111.8,8971.0,0.011357867748613037,4196.4,424574.6
7z,rf_smbo,24,20260448,19,61854,9130.8,8971.0,0.011357867748613037,4196.4,424574.6
7z,rf_smbo,24,20260448,20,67016,9358.0,8971.0,0.011357867748613037,4196.4,424574.6
7z,rf_smbo,24,20260448,21,61872,9149.8,8971.0,0.011357867748613037,4196.4,424574.6
7z,rf_smbo,24,20260448,22,61917,9163.0,8971.0,0.011357867748613037,4196.4,424574.6
7z,rf_smbo,24,20260448,23,65586,9132.8,8971.0,0.011357867748613037,4196.4,424574.6
7z,rf_smbo,24,20260448,24,41281,8906.6,8906.6,0.011204672364075971,4196.4,424574.6
7z,rf_smbo,24,20260448,25,61912,9210.4,8906.6,0.011204672364075971,4196.4,424574.6
7z,rf_smbo,24,20260448,26,63631,9167.2,8906.6,0.011204672364075971,4196.4,424574.6
7z,rf_smbo,24,20260448,27,131,17677.4,8906.6,0.011204672364075971,4196.4,424574.6
7z,rf_smbo,24,20260448,28,61888,9230.8,8906.6,0.011204672364075971,4196.4,424574.6
7z,rf_smbo,24,20260448,29,61781,9165.2,8906.6,0.011204672364075971,4196.4,424574.6
7z,rf_smbo,24,20260448,30,63919,9185.0,8906.6,0.011204672364075971,4196.4,424574.6
7z,rf_smbo,24,20260448,31,63804,9160.2,8906.6,0.011204672364075971,4196.4,424574.6
7z,rf_smbo,24,20260448,32,57592,9157.8,8906.6,0.011204672364075971,4196.4,424574.6
7z,rf_smbo,24,20260448,33,30127,12165.4,8906.6,0.011204672364075971,4196.4,424574.6
7z,rf_smbo,24,20260448,34,55295,9135.0,8906.6,0.011204672364075971,4196.4,424574.6
7z,rf_smbo,24,20260448,35,55332,9130.4,8906.6,0.011204672364075971,4196.4,424574.6
7z,rf_smbo,24,20260448,36,41578,12780.0,8906.6,0.011204672364075971,4196.4,424574.6
7z,rf_smbo,24,20260448,37,66443,9227.4,8906.6,0.011204672364075971,4196.4,424574.6
7z,rf_smbo,24,20260448,38,43398,19862.2,8906.6,0.011204672364075971,4196.4,424574.6
7z,rf_smbo,24,20260448,39,50415,123925.0,8906.6,0.011204672364075971,4196.4,424574.6
7z,rf_smbo,24,20260448,40,68059,9217.4,8906.6,0.011204672364075971,4196.4,424574.6
7z,rf_smbo,24,20260448,41,55133,9182.6,8906.6,0.011204672364075971,4196.4,424574.6
7z,rf_smbo,24,20260448,42,56737,9151.8,8906.6,0.011204672364075971,4196.4,424574.6
7z,rf_smbo,24,20260448,43,63633,9149.2,8906.6,0.011204672364075971,4196.4,424574.6
7z,rf_smbo,24,20260448,44,54999,9136.2,8906.6,0.011204672364075971,4196.4,424574.6
7z,rf_smbo,24,20260448,45,63855,9270.8,8906.6,0.011204672364075971,4196.4,424574.6
7z,rf_smbo,24,20260448,46,48990,8884.4,8884.4,0.011151862774996421,4196.4,424574.6
7z,rf_smbo,24,20260448,47,61905,9178.8,8884.4,0.011151862774996421,4196.4,424574.6
7z,rf_smbo,24,20260448,48,56850,9146.4,8884.4,0.011151862774996421,4196.4,424574.6
7z,rf_smbo,24,20260448,49,65618,9126.4,8884.4,0.011151862774996421,4196.4,424574.6
7z,rf_smbo,24,20260448,50,66488,9158.2,8884.4,0.011151862774996421,4196.4,424574.6
7z,random_search,25,20260449,1,68139,9123.0,9123.0,0.011719446917085617,4196.4,424574.6
7z,random_search,25,20260449,2,24853,103068.2,9123.0,0.011719446917085617,4196.4,424574.6
7z,random_search,25,20260449,3,15037,82086.2,9123.0,0.011719446917085617,4196.4,424574.6
7z,random_search,25,20260449,4,34105,38065.8,9123.0,0.011719446917085617,4196.4,424574.6
7z,random_search,25,20260449,5,17769,86297.8,9123.0,0.011719446917085617,4196.4,424574.6
7z,random_search,25,20260449,6,17851,100726.4,9123.0,0.011719446917085617,4196.4,424574.6
7z,random_search,25,20260449,7,58017,47836.4,9123.0,0.011719446917085617,4196.4,424574.6
7z,random_search,25,20260449,8,50514,414585.4,9123.0,0.011719446917085617,4196.4,424574.6
7z,random_search,25,20260449,9,2549,102656.2,9123.0,0.011719446917085617,4196.4,424574.6
7z,random_search,25,20260449,10,13837,4677.4,4677.4,0.0011442077633902045,4196.4,424574.6
7z,random_search,25,20260449,11,53836,42022.8,4677.4,0.0011442077633902045,4196.4,424574.6
7z,random_search,25,20260449,12,46247,415824.2,4677.4,0.0011442077633902045,4196.4,424574.6
7z,random_search,25,20260449,13,11171,17692.4,4677.4,0.0011442077633902045,4196.4,424574.6
7z,random_search,25,20260449,14,39275,37986.4,4677.4,0.0011442077633902045,4196.4,424574.6
7z,random_search,25,20260449,15,549,89165.2,4677.4,0.0011442077633902045,4196.4,424574.6
7z,random_search,25,20260449,16,53791,53856.6,4677.4,0.0011442077633902045,4196.4,424574.6
7z,random_search,25,20260449,17,23652,87796.2,4677.4,0.0011442077633902045,4196.4,424574.6
7z,random_search,25,20260449,18,9643,17889.4,4677.4,0.0011442077633902045,4196.4,424574.6
7z,random_search,25,20260449,19,13142,17691.0,4677.4,0.0011442077633902045,4196.4,424574.6
7z,random_search,25,20260449,20,5878,80166.4,4677.4,0.0011442077633902045,4196.4,424574.6
7z,random_search,25,20260449,21,12482,98676.0,4677.4,0.0011442077633902045,4196.4,424574.6
7z,random_search,25,20260449,22,19868,17614.4,4677.4,0.0011442077633902045,4196.4,424574.6
7z,random_search,25,20260449,23,11471,12492.0,4677.4,0.0011442077633902045,4196.4,424574.6
7z,random_search,25,20260449,24,4080,101765.6,4677.4,0.0011442077633902045,4196.4,424574.6
7z,random_search,25,20260449,25,13276,11729.0,4677.4,0.0011442077633902045,4196.4,424574.6
7z,random_search,25,20260449,26,14078,4444.6,4444.6,0.0005904207211506229,4196.4,424574.6
7z,random_search,25,20260449,27,1251,11773.4,4444.6,0.0005904207211506229,4196.4,424574.6
7z,random_search,25,20260449,28,45550,35768.8,4444.6,0.0005904207211506229,4196.4,424574.6
7z,random_search,25,20260449,29,927,17698.2,4444.6,0.0005904207211506229,4196.4,424574.6
7z,random_search,25,20260449,30,33226,37690.0,4444.6,0.0005904207211506229,4196.4,424574.6
7z,random_search,25,20260449,31,35344,13006.0,4444.6,0.0005904207211506229,4196.4,424574.6
7z,random_search,25,20260449,32,21903,72919.6,4444.6,0.0005904207211506229,4196.4,424574.6
7z,random_search,25,20260449,33,43737,143987.2,4444.6,0.0005904207211506229,4196.4,424574.6
7z,random_search,25,20260449,34,55709,300415.4,4444.6,0.0005904207211506229,4196.4,424574.6
7z,random_search,25,20260449,35,60089,9175.2,4444.6,0.0005904207211506229,4196.4,424574.6
7z,random_search,25,20260449,36,11253,17961.4,4444.6,0.0005904207211506229,4196.4,424574.6
7z,random_search,25,20260449,37,27434,131690.6,4444.6,0.0005904207211506229,4196.4,424574.6
7z,random_search,25,20260449,38,65222,9169.0,4444.6,0.0005904207211506229,4196.4,424574.6
7z,random_search,25,20260449,39,14767,5244.8,4444.6,0.0005904207211506229,4196.4,424574.6
7z,random_search,25,20260449,40,16459,17651.8,4444.6,0.0005904207211506229,4196.4,424574.6
7z,random_search,25,20260449,41,46133,124972.4,4444.6,0.0005904207211506229,4196.4,424574.6
7z,random_search,25,20260449,42,33783,12485.6,4444.6,0.0005904207211506229,4196.4,424574.6
7z,random_search,25,20260449,43,14813,4760.0,4444.6,0.0005904207211506229,4196.4,424574.6
7z,random_search,25,20260449,44,8388,101609.6,4444.6,0.0005904207211506229,4196.4,424574.6
7z,random_search,25,20260449,45,389,11863.4,4444.6,0.0005904207211506229,4196.4,424574.6
7z,random_search,25,20260449,46,62913,9207.6,4444.6,0.0005904207211506229,4196.4,424574.6
7z,random_search,25,20260449,47,54977,9132.4,4444.6,0.0005904207211506229,4196.4,424574.6
7z,random_search,25,20260449,48,50123,43576.4,4444.6,0.0005904207211506229,4196.4,424574.6
7z,random_search,25,20260449,49,68562,299048.8,4444.6,0.0005904207211506229,4196.4,424574.6
7z,random_search,25,20260449,50,54628,122795.0,4444.6,0.0005904207211506229,4196.4,424574.6
7z,rf_smbo,25,20260449,1,54167,35757.8,35757.8,0.07507858399888483,4196.4,424574.6
7z,rf_smbo,25,20260449,2,9714,17702.4,17702.4,0.032128212167043875,4196.4,424574.6
7z,rf_smbo,25,20260449,3,16444,17707.2,17702.4,0.032128212167043875,4196.4,424574.6
7z,rf_smbo,25,20260449,4,41108,50532.0,17702.4,0.032128212167043875,4196.4,424574.6
7z,rf_smbo,25,20260449,5,41073,46595.6,17702.4,0.032128212167043875,4196.4,424574.6
7z,rf_smbo,25,20260449,6,32889,12132.0,12132.0,0.018877287166651366,4196.4,424574.6
7z,rf_smbo,25,20260449,7,40318,48770.2,12132.0,0.018877287166651366,4196.4,424574.6
7z,rf_smbo,25,20260449,8,1286,11720.4,11720.4,0.01789816883939272,4196.4,424574.6
7z,rf_smbo,25,20260449,9,571,89482.0,11720.4,0.01789816883939272,4196.4,424574.6
7z,rf_smbo,25,20260449,10,1284,11762.0,11720.4,0.01789816883939272,4196.4,424574.6
7z,rf_smbo,25,20260449,11,2143,11781.8,11720.4,0.01789816883939272,4196.4,424574.6
7z,rf_smbo,25,20260449,12,326,12032.2,11720.4,0.01789816883939272,4196.4,424574.6
7z,rf_smbo,25,20260449,13,417,11684.0,11684.0,0.017811580143784814,4196.4,424574.6
7z,rf_smbo,25,20260449,14,306,13235.8,11684.0,0.017811580143784814,4196.4,424574.6
7z,rf_smbo,25,20260449,15,428,11709.6,11684.0,0.017811580143784814,4196.4,424574.6
7z,rf_smbo,25,20260449,16,5576,11760.2,11684.0,0.017811580143784814,4196.4,424574.6
7z,rf_smbo,25,20260449,17,295,15215.2,11684.0,0.017811580143784814,4196.4,424574.6
7z,rf_smbo,25,20260449,18,21020,4388.2,4388.2,0.00045625581916474307,4196.4,424574.6
7z,rf_smbo,25,20260449,19,24430,11933.8,4388.2,0.00045625581916474307,4196.4,424574.6
7z,rf_smbo,25,20260449,20,32163,12126.8,4388.2,0.00045625581916474307,4196.4,424574.6
7z,rf_smbo,25,20260449,21,63920,9220.6,4388.2,0.00045625581916474307,4196.4,424574.6
7z,rf_smbo,25,20260449,22,62193,9197.8,4388.2,0.00045625581916474307,4196.4,424574.6
7z,rf_smbo,25,20260449,23,58684,9198.2,4388.2,0.00045625581916474307,4196.4,424574.6
7z,rf_smbo,25,20260449,24,58771,9246.4,4388.2,0.00045625581916474307,4196.4,424574.6
7z,rf_smbo,25,20260449,25,58764,9132.8,4388.2,0.00045625581916474307,4196.4,424574.6
7z,rf_smbo,25,20260449,26,55337,9221.0,4388.2,0.00045625581916474307,4196.4,424574.6
7z,rf_smbo,25,20260449,27,58765,9160.4,4388.2,0.00045625581916474307,4196.4,424574.6
7z,rf_smbo,25,20260449,28,30458,12060.6,4388.2,0.00045625581916474307,4196.4,424574.6
7z,rf_smbo,25,20260449,29,55338,9126.2,4388.2,0.00045625581916474307,4196.4,424574.6
7z,rf_smbo,25,20260449,30,58763,9201.8,4388.2,0.00045625581916474307,4196.4,424574.6
7z,rf_smbo,25,20260449,31,58766,9137.8,4388.2,0.00045625581916474307,4196.4,424574.6
7z,rf_smbo,25,20260449,32,59630,9126.8,4388.2,0.00045625581916474307,4196.4,424574.6
7z,rf_smbo,25,20260449,33,14156,4402.8,4388.2,0.00045625581916474307,4196.4,424574.6
7z,rf_smbo,25,20260449,34,28027,10645.6,4388.2,0.00045625581916474307,4196.4,424574.6
7z,rf_smbo,25,20260449,35,21017,4388.0,4388.0,0.0004557800571009638,4196.4,424574.6
7z,rf_smbo,25,20260449,36,14131,4429.4,4388.0,0.0004557800571009638,4196.4,424574.6
7z,rf_smbo,25,20260449,37,15010,4459.4,4388.0,0.0004557800571009638,4196.4,424574.6
7z,rf_smbo,25,20260449,38,14150,4615.6,4388.0,0.0004557800571009638,4196.4,424574.6
7z,rf_smbo,25,20260449,39,14018,14770.8,4388.0,0.0004557800571009638,4196.4,424574.6
7z,rf_smbo,25,20260449,40,14149,4580.4,4388.0,0.0004557800571009638,4196.4,424574.6
7z,rf_smbo,25,20260449,41,15004,18027.0,4388.0,0.0004557800571009638,4196.4,424574.6
7z,rf_smbo,25,20260449,42,21015,4543.8,4388.0,0.0004557800571009638,4196.4,424574.6
7z,rf_smbo,25,20260449,43,20872,4863.8,4388.0,0.0004557800571009638,4196.4,424574.6
7z,rf_smbo,25,20260449,44,21018,4333.8,4333.8,0.0003268485378166626,4196.4,424574.6
7z,rf_smbo,25,20260449,45,21013,4576.4,4333.8,0.0003268485378166626,4196.4,424574.6
7z,rf_smbo,25,20260449,46,13866,4717.2,4333.8,0.0003268485378166626,4196.4,424574.6
7z,rf_smbo,25,20260449,47,14151,4556.2,4333.8,0.0003268485378166626,4196.4,424574.6
7z,rf_smbo,25,20260449,48,20730,4756.4,4333.8,0.0003268485378166626,4196.4,424574.6
7z,rf_smbo,25,20260449,49,20726,5034.4,4333.8,0.0003268485378166626,4196.4,424574.6
7z,rf_smbo,25,20260449,50,14153,4396.0,4333.8,0.0003268485378166626,4196.4,424574.6
7z,random_search,26,20260450,1,22458,11193.8,11193.8,0.016645487325460742,4196.4,424574.6
7z,random_search,26,20260450,2,47910,419080.2,11193.8,0.016645487325460742,4196.4,424574.6
7z,random_search,26,20260450,3,30861,48451.0,11193.8,0.016645487325460742,4196.4,424574.6
7z,random_search,26,20260450,4,991,17684.6,11193.8,0.016645487325460742,4196.4,424574.6
7z,random_search,26,20260450,5,10236,101939.4,11193.8,0.016645487325460742,4196.4,424574.6
7z,random_search,26,20260450,6,12006,102991.4,11193.8,0.016645487325460742,4196.4,424574.6
7z,random_search,26,20260450,7,23724,85650.8,11193.8,0.016645487325460742,4196.4,424574.6
7z,random_search,26,20260450,8,55172,9115.2,9115.2,0.011700892196598209,4196.4,424574.6
7z,random_search,26,20260450,9,41897,39106.2,9115.2,0.011700892196598209,4196.4,424574.6
7z,random_search,26,20260450,10,17107,103616.6,9115.2,0.011700892196598209,4196.4,424574.6
7z,random_search,26,20260450,11,55558,120865.6,9115.2,0.011700892196598209,4196.4,424574.6
7z,random_search,26,20260450,12,50229,48959.0,9115.2,0.011700892196598209,4196.4,424574.6
7z,random_search,26,20260450,13,47189,415469.0,9115.2,0.011700892196598209,4196.4,424574.6
7z,random_search,26,20260450,14,45951,49344.6,9115.2,0.011700892196598209,4196.4,424574.6
7z,random_search,26,20260450,15,53782,59055.4,9115.2,0.011700892196598209,4196.4,424574.6
7z,random_search,26,20260450,16,23143,101155.4,9115.2,0.011700892196598209,4196.4,424574.6
7z,random_search,26,20260450,17,49378,22488.0,9115.2,0.011700892196598209,4196.4,424574.6
7z,random_search,26,20260450,18,35774,37789.2,9115.2,0.011700892196598209,4196.4,424574.6
7z,random_search,26,20260450,19,14931,4540.4,4540.4,0.0008183107497011026,4196.4,424574.6
7z,random_search,26,20260450,20,9875,78893.0,4540.4,0.0008183107497011026,4196.4,424574.6
7z,random_search,26,20260450,21,8609,17674.6,4540.4,0.0008183107497011026,4196.4,424574.6
7z,random_search,26,20260450,22,566,89543.8,4540.4,0.0008183107497011026,4196.4,424574.6
7z,random_search,26,20260450,23,56044,9221.4,4540.4,0.0008183107497011026,4196.4,424574.6
7z,random_search,26,20260450,24,17903,81121.2,4540.4,0.0008183107497011026,4196.4,424574.6
7z,random_search,26,20260450,25,31425,10602.6,4540.4,0.0008183107497011026,4196.4,424574.6
7z,random_search,26,20260450,26,29283,12428.8,4540.4,0.0008183107497011026,4196.4,424574.6
7z,random_search,26,20260450,27,5423,17871.8,4540.4,0.0008183107497011026,4196.4,424574.6
7z,random_search,26,20260450,28,36098,12218.4,4540.4,0.0008183107497011026,4196.4,424574.6
7z,random_search,26,20260450,29,11259,17813.0,4540.4,0.0008183107497011026,4196.4,424574.6
7z,random_search,26,20260450,30,20795,4878.8,4540.4,0.0008183107497011026,4196.4,424574.6
7z,random_search,26,20260450,31,39855,12116.0,4540.4,0.0008183107497011026,4196.4,424574.6
7z,random_search,26,20260450,32,20269,91049.2,4540.4,0.0008183107497011026,4196.4,424574.6
7z,random_search,26,20260450,33,48017,413381.8,4540.4,0.0008183107497011026,4196.4,424574.6
7z,random_search,26,20260450,34,1610,86273.2,4540.4,0.0008183107497011026,4196.4,424574.6
7z,random_search,26,20260450,35,14440,101501.2,4540.4,0.0008183107497011026,4196.4,424574.6
7z,random_search,26,20260450,36,65175,297772.0,4540.4,0.0008183107497011026,4196.4,424574.6
7z,random_search,26,20260450,37,42520,20448.4,4540.4,0.0008183107497011026,4196.4,424574.6
7z,random_search,26,20260450,38,23990,101516.6,4540.4,0.0008183107497011026,4196.4,424574.6
7z,random_search,26,20260450,39,33020,12214.8,4540.4,0.0008183107497011026,4196.4,424574.6
7z,random_search,26,20260450,40,56244,47521.4,4540.4,0.0008183107497011026,4196.4,424574.6
7z,random_search,26,20260450,41,32243,10876.2,4540.4,0.0008183107497011026,4196.4,424574.6
7z,random_search,26,20260450,42,14853,4835.4,4540.4,0.0008183107497011026,4196.4,424574.6
7z,random_search,26,20260450,43,12832,102753.0,4540.4,0.0008183107497011026,4196.4,424574.6
7z,random_search,26,20260450,44,18213,17730.6,4540.4,0.0008183107497011026,4196.4,424574.6
7z,random_search,26,20260450,45,62905,9207.0,4540.4,0.0008183107497011026,4196.4,424574.6
7z,random_search,26,20260450,46,3452,17649.4,4540.4,0.0008183107497011026,4196.4,424574.6
7z,random_search,26,20260450,47,3767,11967.8,4540.4,0.0008183107497011026,4196.4,424574.6
7z,random_search,26,20260450,48,16448,17645.6,4540.4,0.0008183107497011026,4196.4,424574.6
7z,random_search,26,20260450,49,63044,9140.6,4540.4,0.0008183107497011026,4196.4,424574.6
7z,random_search,26,20260450,50,45116,49301.0,4540.4,0.0008183107497011026,4196.4,424574.6
7z,rf_smbo,26,20260450,1,25554,105437.0,105437.0,0.24083218397148096,4196.4,424574.6
7z,rf_smbo,26,20260450,2,42000,123860.6,105437.0,0.24083218397148096,4196.4,424574.6
7z,rf_smbo,26,20260450,3,7636,99354.6,99354.6,0.2263633080878124,4196.4,424574.6
7z,rf_smbo,26,20260450,4,58799,47522.8,47522.8,0.10306528740072632,4196.4,424574.6
7z,rf_smbo,26,20260450,5,8576,100592.0,47522.8,0.10306528740072632,4196.4,424574.6
7z,rf_smbo,26,20260450,6,20960,4551.0,4551.0,0.0008435261390814282,4196.4,424574.6
7z,rf_smbo,26,20260450,7,24362,12020.0,4551.0,0.0008435261390814282,4196.4,424574.6
7z,rf_smbo,26,20260450,8,53738,19910.2,4551.0,0.0008435261390814282,4196.4,424574.6
7z,rf_smbo,26,20260450,9,24210,17702.8,4551.0,0.0008435261390814282,4196.4,424574.6
7z,rf_smbo,26,20260450,10,33725,12140.8,4551.0,0.0008435261390814282,4196.4,424574.6
7z,rf_smbo,26,20260450,11,26133,11808.6,4551.0,0.0008435261390814282,4196.4,424574.6
7z,rf_smbo,26,20260450,12,26968,11839.6,4551.0,0.0008435261390814282,4196.4,424574.6
7z,rf_smbo,26,20260450,13,25252,11886.2,4551.0,0.0008435261390814282,4196.4,424574.6
7z,rf_smbo,26,20260450,14,4714,11839.2,4551.0,0.0008435261390814282,4196.4,424574.6
7z,rf_smbo,26,20260450,15,24976,17750.2,4551.0,0.0008435261390814282,4196.4,424574.6
7z,rf_smbo,26,20260450,16,15813,11876.0,4551.0,0.0008435261390814282,4196.4,424574.6
7z,rf_smbo,26,20260450,17,402,11745.2,4551.0,0.0008435261390814282,4196.4,424574.6
7z,rf_smbo,26,20260450,18,5517,11773.0,4551.0,0.0008435261390814282,4196.4,424574.6
7z,rf_smbo,26,20260450,19,1227,11760.8,4551.0,0.0008435261390814282,4196.4,424574.6
7z,rf_smbo,26,20260450,20,14094,4576.6,4551.0,0.0008435261390814282,4196.4,424574.6
7z,rf_smbo,26,20260450,21,14996,4567.6,4551.0,0.0008435261390814282,4196.4,424574.6
7z,rf_smbo,26,20260450,22,14147,5859.4,4551.0,0.0008435261390814282,4196.4,424574.6
7z,rf_smbo,26,20260450,23,14136,5749.8,4551.0,0.0008435261390814282,4196.4,424574.6
7z,rf_smbo,26,20260450,24,14115,4979.2,4551.0,0.0008435261390814282,4196.4,424574.6
7z,rf_smbo,26,20260450,25,79,17670.8,4551.0,0.0008435261390814282,4196.4,424574.6
7z,rf_smbo,26,20260450,26,15853,12060.4,4551.0,0.0008435261390814282,4196.4,424574.6
7z,rf_smbo,26,20260450,27,14072,4597.6,4551.0,0.0008435261390814282,4196.4,424574.6
7z,rf_smbo,26,20260450,28,27844,12142.8,4551.0,0.0008435261390814282,4196.4,424574.6
7z,rf_smbo,26,20260450,29,15272,101346.4,4551.0,0.0008435261390814282,4196.4,424574.6
7z,rf_smbo,26,20260450,30,344,11864.2,4551.0,0.0008435261390814282,4196.4,424574.6
7z,rf_smbo,26,20260450,31,14941,4546.4,4546.4,0.0008325836116144939,4196.4,424574.6
7z,rf_smbo,26,20260450,32,20959,4602.2,4546.4,0.0008325836116144939,4196.4,424574.6
7z,rf_smbo,26,20260450,33,14358,98759.4,4546.4,0.0008325836116144939,4196.4,424574.6
7z,rf_smbo,26,20260450,34,14103,5772.4,4546.4,0.0008325836116144939,4196.4,424574.6
7z,rf_smbo,26,20260450,35,20947,4569.0,4546.4,0.0008325836116144939,4196.4,424574.6
7z,rf_smbo,26,20260450,36,29539,12292.8,4546.4,0.0008325836116144939,4196.4,424574.6
7z,rf_smbo,26,20260450,37,20957,4970.2,4546.4,0.0008325836116144939,4196.4,424574.6
7z,rf_smbo,26,20260450,38,23540,18046.6,4546.4,0.0008325836116144939,4196.4,424574.6
7z,rf_smbo,26,20260450,39,14081,5791.6,4546.4,0.0008325836116144939,4196.4,424574.6
7z,rf_smbo,26,20260450,40,14082,4977.4,4546.4,0.0008325836116144939,4196.4,424574.6
7z,rf_smbo,26,20260450,41,62447,120811.6,4546.4,0.0008325836116144939,4196.4,424574.6
7z,rf_smbo,26,20260450,42,14919,4711.8,4546.4,0.0008325836116144939,4196.4,424574.6
7z,rf_smbo,26,20260450,43,21816,4566.4,4546.4,0.0008325836116144939,4196.4,424574.6
7z,rf_smbo,26,20260450,44,20926,4840.4,4546.4,0.0008325836116144939,4196.4,424574.6
7z,rf_smbo,26,20260450,45,21100,89399.2,4546.4,0.0008325836116144939,4196.4,424574.6
7z,rf_smbo,26,20260450,46,21761,11916.4,4546.4,0.0008325836116144939,4196.4,424574.6
7z,rf_smbo,26,20260450,47,65758,47458.6,4546.4,0.0008325836116144939,4196.4,424574.6
7z,rf_smbo,26,20260450,48,14105,4595.4,4546.4,0.0008325836116144939,4196.4,424574.6
7z,rf_smbo,26,20260450,49,14150,4615.6,4546.4,0.0008325836116144939,4196.4,424574.6
7z,rf_smbo,26,20260450,50,14095,4606.2,4546.4,0.0008325836116144939,4196.4,424574.6
7z,random_search,27,20260451,1,6782,103577.0,103577.0,0.23640759677832965,4196.4,424574.6
7z,random_search,27,20260451,2,43321,13232.0,13232.0,0.021493978517439775,4196.4,424574.6
7z,random_search,27,20260451,3,29186,13158.2,13158.2,0.021318422315905063,4196.4,424574.6
7z,random_search,27,20260451,4,6869,17672.2,13158.2,0.021318422315905063,4196.4,424574.6
7z,random_search,27,20260451,5,68212,47311.4,13158.2,0.021318422315905063,4196.4,424574.6
7z,random_search,27,20260451,6,53092,417715.4,13158.2,0.021318422315905063,4196.4,424574.6
7z,random_search,27,20260451,7,17930,85331.4,13158.2,0.021318422315905063,4196.4,424574.6
7z,random_search,27,20260451,8,40182,37833.2,13158.2,0.021318422315905063,4196.4,424574.6
7z,random_search,27,20260451,9,34726,12237.2,12237.2,0.019127538012199494,4196.4,424574.6
7z,random_search,27,20260451,10,33804,12506.6,12237.2,0.019127538012199494,4196.4,424574.6
7z,random_search,27,20260451,11,19986,17693.4,12237.2,0.019127538012199494,4196.4,424574.6
7z,random_search,27,20260451,12,54811,417160.4,12237.2,0.019127538012199494,4196.4,424574.6
7z,random_search,27,20260451,13,59807,121358.4,12237.2,0.019127538012199494,4196.4,424574.6
7z,random_search,27,20260451,14,17610,73597.0,12237.2,0.019127538012199494,4196.4,424574.6
7z,random_search,27,20260451,15,12022,17623.2,12237.2,0.019127538012199494,4196.4,424574.6
7z,random_search,27,20260451,16,60078,9137.6,9137.6,0.011754177547741537,4196.4,424574.6
7z,random_search,27,20260451,17,67421,47616.8,9137.6,0.011754177547741537,4196.4,424574.6
7z,random_search,27,20260451,18,13896,5554.6,5554.6,0.0032309001751280176,4196.4,424574.6
7z,random_search,27,20260451,19,5111,102952.0,5554.6,0.0032309001751280176,4196.4,424574.6
7z,random_search,27,20260451,20,66239,9232.6,5554.6,0.0032309001751280176,4196.4,424574.6
7z,random_search,27,20260451,21,57745,9123.4,5554.6,0.0032309001751280176,4196.4,424574.6
7z,random_search,27,20260451,22,66747,122450.6,5554.6,0.0032309001751280176,4196.4,424574.6
7z,random_search,27,20260451,23,8763,17717.6,5554.6,0.0032309001751280176,4196.4,424574.6
7z,random_search,27,20260451,24,54768,125180.2,5554.6,0.0032309001751280176,4196.4,424574.6
7z,random_search,27,20260451,25,35013,44349.0,5554.6,0.0032309001751280176,4196.4,424574.6
7z,random_search,27,20260451,26,6563,91165.0,5554.6,0.0032309001751280176,4196.4,424574.6
7z,random_search,27,20260451,27,33127,10485.8,5554.6,0.0032309001751280176,4196.4,424574.6
7z,random_search,27,20260451,28,54420,43412.4,5554.6,0.0032309001751280176,4196.4,424574.6
7z,random_search,27,20260451,29,36941,12169.4,5554.6,0.0032309001751280176,4196.4,424574.6
7z,random_search,27,20260451,30,11811,102775.8,5554.6,0.0032309001751280176,4196.4,424574.6
7z,random_search,27,20260451,31,32008,12082.2,5554.6,0.0032309001751280176,4196.4,424574.6
7z,random_search,27,20260451,32,54622,49280.2,5554.6,0.0032309001751280176,4196.4,424574.6
7z,random_search,27,20260451,33,38420,38001.8,5554.6,0.0032309001751280176,4196.4,424574.6
7z,random_search,27,20260451,34,42929,9359.2,5554.6,0.0032309001751280176,4196.4,424574.6
7z,random_search,27,20260451,35,57716,9150.4,5554.6,0.0032309001751280176,4196.4,424574.6
7z,random_search,27,20260451,36,41298,8974.0,5554.6,0.0032309001751280176,4196.4,424574.6
7z,random_search,27,20260451,37,3545,17696.0,5554.6,0.0032309001751280176,4196.4,424574.6
7z,random_search,27,20260451,38,11633,93604.8,5554.6,0.0032309001751280176,4196.4,424574.6
7z,random_search,27,20260451,39,33422,48674.2,5554.6,0.0032309001751280176,4196.4,424574.6
7z,random_search,27,20260451,40,12201,17724.0,5554.6,0.0032309001751280176,4196.4,424574.6
7z,random_search,27,20260451,41,48745,41060.8,5554.6,0.0032309001751280176,4196.4,424574.6
7z,random_search,27,20260451,42,56412,122022.6,5554.6,0.0032309001751280176,4196.4,424574.6
7z,random_search,27,20260451,43,7450,80272.8,5554.6,0.0032309001751280176,4196.4,424574.6
7z,random_search,27,20260451,44,63805,9232.6,5554.6,0.0032309001751280176,4196.4,424574.6
7z,random_search,27,20260451,45,7470,86831.8,5554.6,0.0032309001751280176,4196.4,424574.6
7z,random_search,27,20260451,46,1021,17655.0,5554.6,0.0032309001751280176,4196.4,424574.6
7z,random_search,27,20260451,47,57690,9163.8,5554.6,0.0032309001751280176,4196.4,424574.6
7z,random_search,27,20260451,48,36276,12182.0,5554.6,0.0032309001751280176,4196.4,424574.6
7z,random_search,27,20260451,49,17687,88502.0,5554.6,0.0032309001751280176,4196.4,424574.6
7z,random_search,27,20260451,50,50068,43431.0,5554.6,0.0032309001751280176,4196.4,424574.6
7z,rf_smbo,27,20260451,1,54706,124268.8,124268.8,0.28562946413491475,4196.4,424574.6
7z,rf_smbo,27,20260451,2,63865,9163.2,9163.2,0.01181507509190534,4196.4,424574.6
7z,rf_smbo,27,20260451,3,58705,9217.0,9163.2,0.01181507509190534,4196.4,424574.6
7z,rf_smbo,27,20260451,4,25301,12447.4,9163.2,0.01181507509190534,4196.4,424574.6
7z,rf_smbo,27,20260451,5,10600,13345.4,9163.2,0.01181507509190534,4196.4,424574.6
7z,rf_smbo,27,20260451,6,10285,85325.8,9163.2,0.01181507509190534,4196.4,424574.6
7z,rf_smbo,27,20260451,7,61961,9256.4,9163.2,0.01181507509190534,4196.4,424574.6
7z,rf_smbo,27,20260451,8,15926,93904.4,9163.2,0.01181507509190534,4196.4,424574.6
7z,rf_smbo,27,20260451,9,66384,9145.6,9145.6,0.011773208030292725,4196.4,424574.6
7z,rf_smbo,27,20260451,10,42206,9519.2,9145.6,0.011773208030292725,4196.4,424574.6
7z,rf_smbo,27,20260451,11,63623,9170.4,9145.6,0.011773208030292725,4196.4,424574.6
7z,rf_smbo,27,20260451,12,66131,9107.2,9107.2,0.011681861714047021,4196.4,424574.6
7z,rf_smbo,27,20260451,13,63739,9297.4,9107.2,0.011681861714047021,4196.4,424574.6
7z,rf_smbo,27,20260451,14,66136,9152.2,9107.2,0.011681861714047021,4196.4,424574.6
7z,rf_smbo,27,20260451,15,59707,47846.6,9107.2,0.011681861714047021,4196.4,424574.6
7z,rf_smbo,27,20260451,16,46391,35717.2,9107.2,0.011681861714047021,4196.4,424574.6
7z,rf_smbo,27,20260451,17,64613,9150.4,9107.2,0.011681861714047021,4196.4,424574.6
7z,rf_smbo,27,20260451,18,66472,9193.8,9107.2,0.011681861714047021,4196.4,424574.6
7z,rf_smbo,27,20260451,19,61983,9174.0,9107.2,0.011681861714047021,4196.4,424574.6
7z,rf_smbo,27,20260451,20,65471,9228.2,9107.2,0.011681861714047021,4196.4,424574.6
7z,rf_smbo,27,20260451,21,61973,9200.6,9107.2,0.011681861714047021,4196.4,424574.6
7z,rf_smbo,27,20260451,22,63919,9185.0,9107.2,0.011681861714047021,4196.4,424574.6
7z,rf_smbo,27,20260451,23,68044,9174.2,9107.2,0.011681861714047021,4196.4,424574.6
7z,rf_smbo,27,20260451,24,62061,9160.6,9107.2,0.011681861714047021,4196.4,424574.6
7z,rf_smbo,27,20260451,25,64630,9183.8,9107.2,0.011681861714047021,4196.4,424574.6
7z,rf_smbo,27,20260451,26,65416,9125.8,9107.2,0.011681861714047021,4196.4,424574.6
7z,rf_smbo,27,20260451,27,65570,9219.0,9107.2,0.011681861714047021,4196.4,424574.6
7z,rf_smbo,27,20260451,28,61896,9169.0,9107.2,0.011681861714047021,4196.4,424574.6
7z,rf_smbo,27,20260451,29,56890,9199.6,9107.2,0.011681861714047021,4196.4,424574.6
7z,rf_smbo,27,20260451,30,64734,9168.8,9107.2,0.011681861714047021,4196.4,424574.6
7z,rf_smbo,27,20260451,31,62813,9157.4,9107.2,0.011681861714047021,4196.4,424574.6
7z,rf_smbo,27,20260451,32,68140,9177.6,9107.2,0.011681861714047021,4196.4,424574.6
7z,rf_smbo,27,20260451,33,63046,9176.8,9107.2,0.011681861714047021,4196.4,424574.6
7z,rf_smbo,27,20260451,34,62833,9184.0,9107.2,0.011681861714047021,4196.4,424574.6
7z,rf_smbo,27,20260451,35,67972,9118.2,9107.2,0.011681861714047021,4196.4,424574.6
7z,rf_smbo,27,20260451,36,66410,9151.8,9107.2,0.011681861714047021,4196.4,424574.6
7z,rf_smbo,27,20260451,37,63034,9227.6,9107.2,0.011681861714047021,4196.4,424574.6
7z,rf_smbo,27,20260451,38,61125,9223.6,9107.2,0.011681861714047021,4196.4,424574.6
7z,rf_smbo,27,20260451,39,67146,9190.4,9107.2,0.011681861714047021,4196.4,424574.6
7z,rf_smbo,27,20260451,40,64393,9238.2,9107.2,0.011681861714047021,4196.4,424574.6
7z,rf_smbo,27,20260451,41,65680,47741.2,9107.2,0.011681861714047021,4196.4,424574.6
7z,rf_smbo,27,20260451,42,57815,9146.6,9107.2,0.011681861714047021,4196.4,424574.6
7z,rf_smbo,27,20260451,43,61104,9116.0,9107.2,0.011681861714047021,4196.4,424574.6
7z,rf_smbo,27,20260451,44,68290,47553.8,9107.2,0.011681861714047021,4196.4,424574.6
7z,rf_smbo,27,20260451,45,47726,49302.8,9107.2,0.011681861714047021,4196.4,424574.6
7z,rf_smbo,27,20260451,46,66729,121717.8,9107.2,0.011681861714047021,4196.4,424574.6
7z,rf_smbo,27,20260451,47,59245,9132.4,9107.2,0.011681861714047021,4196.4,424574.6
7z,rf_smbo,27,20260451,48,56693,9133.6,9107.2,0.011681861714047021,4196.4,424574.6
7z,rf_smbo,27,20260451,49,60961,9273.8,9107.2,0.011681861714047021,4196.4,424574.6
7z,rf_smbo,27,20260451,50,58424,9145.0,9107.2,0.011681861714047021,4196.4,424574.6
7z,random_search,28,20260452,1,22785,85176.8,85176.8,0.1926370111485325,4196.4,424574.6
7z,random_search,28,20260452,2,37169,15936.8,15936.8,0.027928184667996583,4196.4,424574.6
7z,random_search,28,20260452,3,27727,12175.0,12175.0,0.018979576010364003,4196.4,424574.6
7z,random_search,28,20260452,4,35970,48024.6,12175.0,0.018979576010364003,4196.4,424574.6
7z,random_search,28,20260452,5,46680,43632.4,12175.0,0.018979576010364003,4196.4,424574.6
7z,random_search,28,20260452,6,47520,39741.2,12175.0,0.018979576010364003,4196.4,424574.6
7z,random_search,28,20260452,7,44772,35741.4,12175.0,0.018979576010364003,4196.4,424574.6
7z,random_search,28,20260452,8,47951,416204.0,12175.0,0.018979576010364003,4196.4,424574.6
7z,random_search,28,20260452,9,13179,12449.8,12175.0,0.018979576010364003,4196.4,424574.6
7z,random_search,28,20260452,10,13561,102999.2,12175.0,0.018979576010364003,4196.4,424574.6
7z,random_search,28,20260452,11,66899,300769.8,12175.0,0.018979576010364003,4196.4,424574.6
7z,random_search,28,20260452,12,8957,11904.4,11904.4,0.018335869938070053,4196.4,424574.6
7z,random_search,28,20260452,13,67569,121666.8,11904.4,0.018335869938070053,4196.4,424574.6
7z,random_search,28,20260452,14,14940,4945.0,4945.0,0.0017807774047274585,4196.4,424574.6
7z,random_search,28,20260452,15,40702,12220.8,4945.0,0.0017807774047274585,4196.4,424574.6
7z,random_search,28,20260452,16,49524,42893.4,4945.0,0.0017807774047274585,4196.4,424574.6
7z,random_search,28,20260452,17,15133,85241.8,4945.0,0.0017807774047274585,4196.4,424574.6
7z,random_search,28,20260452,18,41880,40909.0,4945.0,0.0017807774047274585,4196.4,424574.6
7z,random_search,28,20260452,19,20458,125267.4,4945.0,0.0017807774047274585,4196.4,424574.6
7z,random_search,28,20260452,20,12956,17686.4,4945.0,0.0017807774047274585,4196.4,424574.6
7z,random_search,28,20260452,21,36682,38220.8,4945.0,0.0017807774047274585,4196.4,424574.6
7z,random_search,28,20260452,22,3709,17707.6,4945.0,0.0017807774047274585,4196.4,424574.6
7z,random_search,28,20260452,23,38281,11800.6,4945.0,0.0017807774047274585,4196.4,424574.6
7z,random_search,28,20260452,24,18367,11881.2,4945.0,0.0017807774047274585,4196.4,424574.6
7z,random_search,28,20260452,25,33503,12423.2,4945.0,0.0017807774047274585,4196.4,424574.6
7z,random_search,28,20260452,26,53360,9514.4,4945.0,0.0017807774047274585,4196.4,424574.6
7z,random_search,28,20260452,27,57433,301173.0,4945.0,0.0017807774047274585,4196.4,424574.6
7z,random_search,28,20260452,28,19833,17843.8,4945.0,0.0017807774047274585,4196.4,424574.6
7z,random_search,28,20260452,29,9927,88016.2,4945.0,0.0017807774047274585,4196.4,424574.6
7z,random_search,28,20260452,30,61301,9197.0,4945.0,0.0017807774047274585,4196.4,424574.6
7z,random_search,28,20260452,31,41379,9005.0,4945.0,0.0017807774047274585,4196.4,424574.6
7z,random_search,28,20260452,32,62063,9161.6,4945.0,0.0017807774047274585,4196.4,424574.6
7z,random_search,28,20260452,33,32596,48603.8,4945.0,0.0017807774047274585,4196.4,424574.6
7z,random_search,28,20260452,34,45051,48802.6,4945.0,0.0017807774047274585,4196.4,424574.6
7z,random_search,28,20260452,35,24570,91062.4,4945.0,0.0017807774047274585,4196.4,424574.6
7z,random_search,28,20260452,36,31291,12289.2,4945.0,0.0017807774047274585,4196.4,424574.6
7z,random_search,28,20260452,37,48710,42003.6,4945.0,0.0017807774047274585,4196.4,424574.6
7z,random_search,28,20260452,38,13795,5743.4,4945.0,0.0017807774047274585,4196.4,424574.6
7z,random_search,28,20260452,39,23034,85502.2,4945.0,0.0017807774047274585,4196.4,424574.6
7z,random_search,28,20260452,40,61671,298730.2,4945.0,0.0017807774047274585,4196.4,424574.6
7z,random_search,28,20260452,41,43973,8937.0,4945.0,0.0017807774047274585,4196.4,424574.6
7z,random_search,28,20260452,42,67264,9107.4,4945.0,0.0017807774047274585,4196.4,424574.6
7z,random_search,28,20260452,43,31702,48068.8,4945.0,0.0017807774047274585,4196.4,424574.6
7z,random_search,28,20260452,44,63955,47629.6,4945.0,0.0017807774047274585,4196.4,424574.6
7z,random_search,28,20260452,45,23930,96377.8,4945.0,0.0017807774047274585,4196.4,424574.6
7z,random_search,28,20260452,46,13301,116435.4,4945.0,0.0017807774047274585,4196.4,424574.6
7z,random_search,28,20260452,47,62690,9205.6,4945.0,0.0017807774047274585,4196.4,424574.6
7z,random_search,28,20260452,48,30514,20762.6,4945.0,0.0017807774047274585,4196.4,424574.6
7z,random_search,28,20260452,49,39805,12263.0,4945.0,0.0017807774047274585,4196.4,424574.6
7z,random_search,28,20260452,50,32812,12090.6,4945.0,0.0017807774047274585,4196.4,424574.6
7z,rf_smbo,28,20260452,1,42681,46814.8,46814.8,0.10138108969494614,4196.4,424574.6
7z,rf_smbo,28,20260452,2,24163,17651.6,17651.6,0.03200736860284382,4196.4,424574.6
7z,rf_smbo,28,20260452,3,12043,17688.8,17651.6,0.03200736860284382,4196.4,424574.6
7z,rf_smbo,28,20260452,4,20735,11420.6,11420.6,0.017185001505786935,4196.4,424574.6
7z,rf_smbo,28,20260452,5,52700,43625.4,11420.6,0.017185001505786935,4196.4,424574.6
7z,rf_smbo,28,20260452,6,3010,116647.0,11420.6,0.017185001505786935,4196.4,424574.6
7z,rf_smbo,28,20260452,7,29228,12511.8,11420.6,0.017185001505786935,4196.4,424574.6
7z,rf_smbo,28,20260452,8,21494,11373.6,11373.6,0.017073197420798703,4196.4,424574.6
7z,rf_smbo,28,20260452,9,22484,11402.8,11373.6,0.017073197420798703,4196.4,424574.6
7z,rf_smbo,28,20260452,10,31790,15950.0,11373.6,0.017073197420798703,4196.4,424574.6
7z,rf_smbo,28,20260452,11,3597,17915.8,11373.6,0.017073197420798703,4196.4,424574.6
7z,rf_smbo,28,20260452,12,21465,7432.6,7432.6,0.007698305954019502,4196.4,424574.6
7z,rf_smbo,28,20260452,13,13743,7459.2,7432.6,0.007698305954019502,4196.4,424574.6
7z,rf_smbo,28,20260452,14,16317,17708.4,7432.6,0.007698305954019502,4196.4,424574.6
7z,rf_smbo,28,20260452,15,20610,7459.0,7432.6,0.007698305954019502,4196.4,424574.6
7z,rf_smbo,28,20260452,16,20599,11203.4,7432.6,0.007698305954019502,4196.4,424574.6
7z,rf_smbo,28,20260452,17,21180,80298.4,7432.6,0.007698305954019502,4196.4,424574.6
7z,rf_smbo,28,20260452,18,23037,80264.4,7432.6,0.007698305954019502,4196.4,424574.6
7z,rf_smbo,28,20260452,19,20600,11199.6,7432.6,0.007698305954019502,4196.4,424574.6
7z,rf_smbo,28,20260452,20,43774,9553.4,7432.6,0.007698305954019502,4196.4,424574.6
7z,rf_smbo,28,20260452,21,8742,17681.4,7432.6,0.007698305954019502,4196.4,424574.6
7z,rf_smbo,28,20260452,22,41199,9579.4,7432.6,0.007698305954019502,4196.4,424574.6
7z,rf_smbo,28,20260452,23,42914,9580.4,7432.6,0.007698305954019502,4196.4,424574.6
7z,rf_smbo,28,20260452,24,55070,9170.4,7432.6,0.007698305954019502,4196.4,424574.6
7z,rf_smbo,28,20260452,25,20751,7449.0,7432.6,0.007698305954019502,4196.4,424574.6
7z,rf_smbo,28,20260452,26,37911,13277.4,7432.6,0.007698305954019502,4196.4,424574.6
7z,rf_smbo,28,20260452,27,21464,7386.2,7386.2,0.0075879291552226075,4196.4,424574.6
7z,rf_smbo,28,20260452,28,38625,13172.6,7386.2,0.0075879291552226075,4196.4,424574.6
7z,rf_smbo,28,20260452,29,13745,7435.2,7386.2,0.0075879291552226075,4196.4,424574.6
7z,rf_smbo,28,20260452,30,21609,7454.2,7386.2,0.0075879291552226075,4196.4,424574.6
7z,rf_smbo,28,20260452,31,20739,11188.6,7386.2,0.0075879291552226075,4196.4,424574.6
7z,rf_smbo,28,20260452,32,14746,7414.2,7386.2,0.0075879291552226075,4196.4,424574.6
7z,rf_smbo,28,20260452,33,21470,7452.8,7386.2,0.0075879291552226075,4196.4,424574.6
7z,rf_smbo,28,20260452,34,31910,13097.8,7386.2,0.0075879291552226075,4196.4,424574.6
7z,rf_smbo,28,20260452,35,13887,7473.2,7386.2,0.0075879291552226075,4196.4,424574.6
7z,rf_smbo,28,20260452,36,14747,7436.2,7386.2,0.0075879291552226075,4196.4,424574.6
7z,rf_smbo,28,20260452,37,13888,7443.6,7386.2,0.0075879291552226075,4196.4,424574.6
7z,rf_smbo,28,20260452,38,13749,7446.2,7386.2,0.0075879291552226075,4196.4,424574.6
7z,rf_smbo,28,20260452,39,14890,12868.0,7386.2,0.0075879291552226075,4196.4,424574.6
7z,rf_smbo,28,20260452,40,14603,7385.6,7385.6,0.00758650186903127,4196.4,424574.6
7z,rf_smbo,28,20260452,41,13766,5248.4,5248.4,0.0025025084554812786,4196.4,424574.6
7z,rf_smbo,28,20260452,42,14174,73410.0,5248.4,0.0025025084554812786,4196.4,424574.6
7z,rf_smbo,28,20260452,43,41640,23453.2,5248.4,0.0025025084554812786,4196.4,424574.6
7z,rf_smbo,28,20260452,44,14624,5216.0,5216.0,0.0024254350011489664,4196.4,424574.6
7z,rf_smbo,28,20260452,45,57096,47478.4,5216.0,0.0024254350011489664,4196.4,424574.6
7z,rf_smbo,28,20260452,46,13932,4800.0,4800.0,0.001435849908487168,4196.4,424574.6
7z,rf_smbo,28,20260452,47,14768,5140.4,4800.0,0.001435849908487168,4196.4,424574.6
7z,rf_smbo,28,20260452,48,17353,4972.4,4800.0,0.001435849908487168,4196.4,424574.6
7z,rf_smbo,28,20260452,49,17225,4706.2,4706.2,0.0012127175005744832,4196.4,424574.6
7z,rf_smbo,28,20260452,50,19079,4879.4,4706.2,0.0012127175005744832,4196.4,424574.6
7z,random_search,29,20260453,1,19737,17616.4,17616.4,0.0319236344796186,4196.4,424574.6
7z,random_search,29,20260453,2,60764,121158.8,17616.4,0.0319236344796186,4196.4,424574.6
7z,random_search,29,20260453,3,36945,12269.0,12269.0,0.019203184180340466,4196.4,424574.6
7z,random_search,29,20260453,4,30307,12146.6,12146.6,0.018912017797307286,4196.4,424574.6
7z,random_search,29,20260453,5,53233,9129.8,9129.8,0.011735622827254126,4196.4,424574.6
7z,random_search,29,20260453,6,60432,9159.6,9129.8,0.011735622827254126,4196.4,424574.6
7z,random_search,29,20260453,7,28802,10738.8,9129.8,0.011735622827254126,4196.4,424574.6
7z,random_search,29,20260453,8,2510,103681.6,9129.8,0.011735622827254126,4196.4,424574.6
7z,random_search,29,20260453,9,61723,301293.4,9129.8,0.011735622827254126,4196.4,424574.6
7z,random_search,29,20260453,10,5277,17714.8,9129.8,0.011735622827254126,4196.4,424574.6
7z,random_search,29,20260453,11,12706,105466.4,9129.8,0.011735622827254126,4196.4,424574.6
7z,random_search,29,20260453,12,29597,12230.8,9129.8,0.011735622827254126,4196.4,424574.6
7z,random_search,29,20260453,13,60027,297654.2,9129.8,0.011735622827254126,4196.4,424574.6
7z,random_search,29,20260453,14,42046,10051.2,9129.8,0.011735622827254126,4196.4,424574.6
7z,random_search,29,20260453,15,24269,17645.0,9129.8,0.011735622827254126,4196.4,424574.6
7z,random_search,29,20260453,16,65668,47417.8,9129.8,0.011735622827254126,4196.4,424574.6
7z,random_search,29,20260453,17,18029,17884.6,9129.8,0.011735622827254126,4196.4,424574.6
7z,random_search,29,20260453,18,45816,43143.4,9129.8,0.011735622827254126,4196.4,424574.6
7z,random_search,29,20260453,19,65506,9095.0,9095.0,0.011652840228156457,4196.4,424574.6
7z,random_search,29,20260453,20,50527,415108.4,9095.0,0.011652840228156457,4196.4,424574.6
7z,random_search,29,20260453,21,38668,12120.4,9095.0,0.011652840228156457,4196.4,424574.6
7z,random_search,29,20260453,22,47127,415487.8,9095.0,0.011652840228156457,4196.4,424574.6
7z,random_search,29,20260453,23,8584,17716.8,9095.0,0.011652840228156457,4196.4,424574.6
7z,random_search,29,20260453,24,63594,9176.6,9095.0,0.011652840228156457,4196.4,424574.6
7z,random_search,29,20260453,25,4031,81112.8,9095.0,0.011652840228156457,4196.4,424574.6
7z,random_search,29,20260453,26,59039,121356.8,9095.0,0.011652840228156457,4196.4,424574.6
7z,random_search,29,20260453,27,9802,12411.2,9095.0,0.011652840228156457,4196.4,424574.6
7z,random_search,29,20260453,28,65497,9096.2,9095.0,0.011652840228156457,4196.4,424574.6
7z,random_search,29,20260453,29,59338,9119.2,9095.0,0.011652840228156457,4196.4,424574.6
7z,random_search,29,20260453,30,62850,9130.2,9095.0,0.011652840228156457,4196.4,424574.6
7z,random_search,29,20260453,31,62072,9137.8,9095.0,0.011652840228156457,4196.4,424574.6
7z,random_search,29,20260453,32,45117,49470.2,9095.0,0.011652840228156457,4196.4,424574.6
7z,random_search,29,20260453,33,36661,37284.0,9095.0,0.011652840228156457,4196.4,424574.6
7z,random_search,29,20260453,34,19832,17651.4,9095.0,0.011652840228156457,4196.4,424574.6
7z,random_search,29,20260453,35,5078,102645.4,9095.0,0.011652840228156457,4196.4,424574.6
7z,random_search,29,20260453,36,38992,12159.6,9095.0,0.011652840228156457,4196.4,424574.6
7z,random_search,29,20260453,37,60924,9122.6,9095.0,0.011652840228156457,4196.4,424574.6
7z,random_search,29,20260453,38,14050,9273.4,9095.0,0.011652840228156457,4196.4,424574.6
7z,random_search,29,20260453,39,65170,303258.4,9095.0,0.011652840228156457,4196.4,424574.6
7z,random_search,29,20260453,40,29774,37524.6,9095.0,0.011652840228156457,4196.4,424574.6
7z,random_search,29,20260453,41,57739,9243.2,9095.0,0.011652840228156457,4196.4,424574.6
7z,random_search,29,20260453,42,33394,48464.0,9095.0,0.011652840228156457,4196.4,424574.6
7z,random_search,29,20260453,43,59528,9132.8,9095.0,0.011652840228156457,4196.4,424574.6
7z,random_search,29,20260453,44,62704,9204.6,9095.0,0.011652840228156457,4196.4,424574.6
7z,random_search,29,20260453,45,54788,416441.8,9095.0,0.011652840228156457,4196.4,424574.6
7z,random_search,29,20260453,46,34258,48803.2,9095.0,0.011652840228156457,4196.4,424574.6
7z,random_search,29,20260453,47,68149,9281.6,9095.0,0.011652840228156457,4196.4,424574.6
7z,random_search,29,20260453,48,60117,9165.2,9095.0,0.011652840228156457,4196.4,424574.6
7z,random_search,29,20260453,49,44191,34953.8,9095.0,0.011652840228156457,4196.4,424574.6
7z,random_search,29,20260453,50,44385,75954.8,9095.0,0.011652840228156457,4196.4,424574.6
7z,rf_smbo,29,20260453,1,3412,103768.2,103768.2,0.23686242531130305,4196.4,424574.6
7z,rf_smbo,29,20260453,2,11436,17820.2,17820.2,0.03240843602261012,4196.4,424574.6
7z,rf_smbo,29,20260453,3,5113,102945.4,17820.2,0.03240843602261012,4196.4,424574.6
7z,rf_smbo,29,20260453,4,27909,13637.4,13637.4,0.02245834822072125,4196.4,424574.6
7z,rf_smbo,29,20260453,5,7974,17828.8,13637.4,0.02245834822072125,4196.4,424574.6
7z,rf_smbo,29,20260453,6,37400,20903.8,13637.4,0.02245834822072125,4196.4,424574.6
7z,rf_smbo,29,20260453,7,43565,39629.2,13637.4,0.02245834822072125,4196.4,424574.6
7z,rf_smbo,29,20260453,8,6897,18016.0,13637.4,0.02245834822072125,4196.4,424574.6
7z,rf_smbo,29,20260453,9,718,83397.6,13637.4,0.02245834822072125,4196.4,424574.6
7z,rf_smbo,29,20260453,10,20022,15205.0,13637.4,0.02245834822072125,4196.4,424574.6
7z,rf_smbo,29,20260453,11,12300,15269.6,13637.4,0.02245834822072125,4196.4,424574.6
7z,rf_smbo,29,20260453,12,13170,13293.2,13293.2,0.021639561708956367,4196.4,424574.6
7z,rf_smbo,29,20260453,13,20020,18513.0,13293.2,0.021639561708956367,4196.4,424574.6
7z,rf_smbo,29,20260453,14,13324,102962.8,13293.2,0.021639561708956367,4196.4,424574.6
7z,rf_smbo,29,20260453,15,12322,12483.2,12483.2,0.01971272535064854,4196.4,424574.6
7z,rf_smbo,29,20260453,16,44926,43281.2,12483.2,0.01971272535064854,4196.4,424574.6
7z,rf_smbo,29,20260453,17,8076,11994.8,11994.8,0.018550914390898482,4196.4,424574.6
7z,rf_smbo,29,20260453,18,9748,12507.2,11994.8,0.018550914390898482,4196.4,424574.6
7z,rf_smbo,29,20260453,19,8040,12456.0,11994.8,0.018550914390898482,4196.4,424574.6
7z,rf_smbo,29,20260453,20,1168,12445.6,11994.8,0.018550914390898482,4196.4,424574.6
7z,rf_smbo,29,20260453,21,1201,11960.4,11960.4,0.018469083315928374,4196.4,424574.6
7z,rf_smbo,29,20260453,22,9836,12037.6,11960.4,0.018469083315928374,4196.4,424574.6
7z,rf_smbo,29,20260453,23,9803,12009.8,11960.4,0.018469083315928374,4196.4,424574.6
7z,rf_smbo,29,20260453,24,1225,11809.6,11809.6,0.018110358719838474,4196.4,424574.6
7z,rf_smbo,29,20260453,25,6449,107313.2,11809.6,0.018110358719838474,4196.4,424574.6
7z,rf_smbo,29,20260453,26,1258,11871.2,11809.6,0.018110358719838474,4196.4,424574.6
7z,rf_smbo,29,20260453,27,5513,12022.2,11809.6,0.018110358719838474,4196.4,424574.6
7z,rf_smbo,29,20260453,28,2930,11888.8,11809.6,0.018110358719838474,4196.4,424574.6
7z,rf_smbo,29,20260453,29,5536,11936.0,11809.6,0.018110358719838474,4196.4,424574.6
7z,rf_smbo,29,20260453,30,1280,11875.6,11809.6,0.018110358719838474,4196.4,424574.6
7z,rf_smbo,29,20260453,31,2953,11835.6,11809.6,0.018110358719838474,4196.4,424574.6
7z,rf_smbo,29,20260453,32,2996,11892.0,11809.6,0.018110358719838474,4196.4,424574.6
7z,rf_smbo,29,20260453,33,5447,13320.8,11809.6,0.018110358719838474,4196.4,424574.6
7z,rf_smbo,29,20260453,34,6364,11780.4,11780.4,0.018040897458526634,4196.4,424574.6
7z,rf_smbo,29,20260453,35,2942,11835.6,11780.4,0.018040897458526634,4196.4,424574.6
7z,rf_smbo,29,20260453,36,2908,11947.0,11780.4,0.018040897458526634,4196.4,424574.6
7z,rf_smbo,29,20260453,37,5451,13325.4,11780.4,0.018040897458526634,4196.4,424574.6
7z,rf_smbo,29,20260453,38,3203,104596.8,11780.4,0.018040897458526634,4196.4,424574.6
7z,rf_smbo,29,20260453,39,2885,12460.4,11780.4,0.018040897458526634,4196.4,424574.6
7z,rf_smbo,29,20260453,40,1160,13288.2,11780.4,0.018040897458526634,4196.4,424574.6
7z,rf_smbo,29,20260453,41,6415,12037.4,11780.4,0.018040897458526634,4196.4,424574.6
7z,rf_smbo,29,20260453,42,6352,11846.6,11780.4,0.018040897458526634,4196.4,424574.6
7z,rf_smbo,29,20260453,43,6398,11808.8,11780.4,0.018040897458526634,4196.4,424574.6
7z,rf_smbo,29,20260453,44,2915,18460.6,11780.4,0.018040897458526634,4196.4,424574.6
7z,rf_smbo,29,20260453,45,13261,11734.0,11734.0,0.01793052065972974,4196.4,424574.6
7z,rf_smbo,29,20260453,46,21818,4542.0,4542.0,0.0008221168462113411,4196.4,424574.6
7z,rf_smbo,29,20260453,47,61286,9129.8,4542.0,0.0008221168462113411,4196.4,424574.6
7z,rf_smbo,29,20260453,48,54881,415107.0,4542.0,0.0008221168462113411,4196.4,424574.6
7z,rf_smbo,29,20260453,49,49263,13033.2,4542.0,0.0008221168462113411,4196.4,424574.6
7z,rf_smbo,29,20260453,50,38978,12190.2,4542.0,0.0008221168462113411,4196.4,424574.6
LLVM,random_search,0,20270424,1,62790,84042.6,84042.6,0.6177674375175076,52285.4,103691.8
LLVM,random_search,0,20270424,2,9712,68181.6,68181.6,0.3092260885804103,52285.4,103691.8
LLVM,random_search,0,20270424,3,9658,65081.4,65081.4,0.24891842260885805,52285.4,103691.8
LLVM,random_search,0,20270424,4,21225,72107.6,65081.4,0.24891842260885805,52285.4,103691.8
LLVM,random_search,0,20270424,5,48167,82322.0,65081.4,0.24891842260885805,52285.4,103691.8
LLVM,random_search,0,20270424,6,37869,85861.2,65081.4,0.24891842260885805,52285.4,103691.8
LLVM,random_search,0,20270424,7,7157,94767.4,65081.4,0.24891842260885805,52285.4,103691.8
LLVM,random_search,0,20270424,8,50458,63344.4,63344.4,0.2151288555510598,52285.4,103691.8
LLVM,random_search,0,20270424,9,57889,69948.4,63344.4,0.2151288555510598,52285.4,103691.8
LLVM,random_search,0,20270424,10,19605,76942.8,63344.4,0.2151288555510598,52285.4,103691.8
LLVM,random_search,0,20270424,11,46943,98727.4,63344.4,0.2151288555510598,52285.4,103691.8
LLVM,random_search,0,20270424,12,28672,73886.8,63344.4,0.2151288555510598,52285.4,103691.8
LLVM,random_search,0,20270424,13,43203,73110.8,63344.4,0.2151288555510598,52285.4,103691.8
LLVM,random_search,0,20270424,14,35498,84621.4,63344.4,0.2151288555510598,52285.4,103691.8
LLVM,random_search,0,20270424,15,26751,75689.4,63344.4,0.2151288555510598,52285.4,103691.8
LLVM,random_search,0,20270424,16,14111,86524.2,63344.4,0.2151288555510598,52285.4,103691.8
LLVM,random_search,0,20270424,17,47354,88160.2,63344.4,0.2151288555510598,52285.4,103691.8
LLVM,random_search,0,20270424,18,39032,72048.2,63344.4,0.2151288555510598,52285.4,103691.8
LLVM,random_search,0,20270424,19,6829,88755.4,63344.4,0.2151288555510598,52285.4,103691.8
LLVM,random_search,0,20270424,20,31885,81851.8,63344.4,0.2151288555510598,52285.4,103691.8
LLVM,random_search,0,20270424,21,3591,78953.2,63344.4,0.2151288555510598,52285.4,103691.8
LLVM,random_search,0,20270424,22,40953,88336.8,63344.4,0.2151288555510598,52285.4,103691.8
LLVM,random_search,0,20270424,23,5397,80340.6,63344.4,0.2151288555510598,52285.4,103691.8
LLVM,random_search,0,20270424,24,41512,66841.6,63344.4,0.2151288555510598,52285.4,103691.8
LLVM,random_search,0,20270424,25,35602,77653.2,63344.4,0.2151288555510598,52285.4,103691.8
LLVM,random_search,0,20270424,26,5889,76515.8,63344.4,0.2151288555510598,52285.4,103691.8
LLVM,random_search,0,20270424,27,60306,70790.6,63344.4,0.2151288555510598,52285.4,103691.8
LLVM,random_search,0,20270424,28,9536,56777.6,56777.6,0.08738600641165296,52285.4,103691.8
LLVM,random_search,0,20270424,29,27173,70166.6,56777.6,0.08738600641165296,52285.4,103691.8
LLVM,random_search,0,20270424,30,127,68984.0,56777.6,0.08738600641165296,52285.4,103691.8
LLVM,random_search,0,20270424,31,30361,87926.6,56777.6,0.08738600641165296,52285.4,103691.8
LLVM,random_search,0,20270424,32,59064,76714.2,56777.6,0.08738600641165296,52285.4,103691.8
LLVM,random_search,0,20270424,33,26060,73101.4,56777.6,0.08738600641165296,52285.4,103691.8
LLVM,random_search,0,20270424,34,11270,64077.6,56777.6,0.08738600641165296,52285.4,103691.8
LLVM,random_search,0,20270424,35,3759,83848.8,56777.6,0.08738600641165296,52285.4,103691.8
LLVM,random_search,0,20270424,36,11948,74620.4,56777.6,0.08738600641165296,52285.4,103691.8
LLVM,random_search,0,20270424,37,18651,80831.4,56777.6,0.08738600641165296,52285.4,103691.8
LLVM,random_search,0,20270424,38,55121,84754.6,56777.6,0.08738600641165296,52285.4,103691.8
LLVM,random_search,0,20270424,39,5158,83048.2,56777.6,0.08738600641165296,52285.4,103691.8
LLVM,random_search,0,20270424,40,19524,74491.2,56777.6,0.08738600641165296,52285.4,103691.8
LLVM,random_search,0,20270424,41,41949,78480.4,56777.6,0.08738600641165296,52285.4,103691.8
LLVM,random_search,0,20270424,42,42251,62400.2,56777.6,0.08738600641165296,52285.4,103691.8
LLVM,random_search,0,20270424,43,54607,80070.2,56777.6,0.08738600641165296,52285.4,103691.8
LLVM,random_search,0,20270424,44,35861,77815.2,56777.6,0.08738600641165296,52285.4,103691.8
LLVM,random_search,0,20270424,45,22503,87878.2,56777.6,0.08738600641165296,52285.4,103691.8
LLVM,random_search,0,20270424,46,4802,75688.4,56777.6,0.08738600641165296,52285.4,103691.8
LLVM,random_search,0,20270424,47,14603,78586.0,56777.6,0.08738600641165296,52285.4,103691.8
LLVM,random_search,0,20270424,48,57906,72959.0,56777.6,0.08738600641165296,52285.4,103691.8
LLVM,random_search,0,20270424,49,14837,89094.2,56777.6,0.08738600641165296,52285.4,103691.8
LLVM,random_search,0,20270424,50,20917,66542.8,56777.6,0.08738600641165296,52285.4,103691.8
LLVM,rf_smbo,0,20270424,1,17586,60684.6,60684.6,0.1633882162532291,52285.4,103691.8
LLVM,rf_smbo,0,20270424,2,48146,77040.2,60684.6,0.1633882162532291,52285.4,103691.8
LLVM,rf_smbo,0,20270424,3,31494,78723.6,60684.6,0.1633882162532291,52285.4,103691.8
LLVM,rf_smbo,0,20270424,4,24432,81688.2,60684.6,0.1633882162532291,52285.4,103691.8
LLVM,rf_smbo,0,20270424,5,47016,90526.8,60684.6,0.1633882162532291,52285.4,103691.8
LLVM,rf_smbo,0,20270424,6,37939,88195.8,60684.6,0.1633882162532291,52285.4,103691.8
LLVM,rf_smbo,0,20270424,7,41309,73377.8,60684.6,0.1633882162532291,52285.4,103691.8
LLVM,rf_smbo,0,20270424,8,17596,61834.8,60684.6,0.1633882162532291,52285.4,103691.8
LLVM,rf_smbo,0,20270424,9,18317,67287.2,60684.6,0.1633882162532291,52285.4,103691.8
LLVM,rf_smbo,0,20270424,10,8382,60995.8,60684.6,0.1633882162532291,52285.4,103691.8
LLVM,rf_smbo,0,20270424,11,25815,73364.6,60684.6,0.1633882162532291,52285.4,103691.8
LLVM,rf_smbo,0,20270424,12,8266,60134.2,60134.2,0.15268137819415473,52285.4,103691.8
LLVM,rf_smbo,0,20270424,13,50586,65893.2,60134.2,0.15268137819415473,52285.4,103691.8
LLVM,rf_smbo,0,20270424,14,45245,81269.0,60134.2,0.15268137819415473,52285.4,103691.8
LLVM,rf_smbo,0,20270424,15,11333,67223.6,60134.2,0.15268137819415473,52285.4,103691.8
LLVM,rf_smbo,0,20270424,16,8376,60168.8,60134.2,0.15268137819415473,52285.4,103691.8
LLVM,rf_smbo,0,20270424,17,8358,59219.0,59219.0,0.13487814746801952,52285.4,103691.8
LLVM,rf_smbo,0,20270424,18,8372,61345.0,59219.0,0.13487814746801952,52285.4,103691.8
LLVM,rf_smbo,0,20270424,19,8328,57527.0,57527.0,0.10196395779513832,52285.4,103691.8
LLVM,rf_smbo,0,20270424,20,8321,53727.6,53727.6,0.0280548725450527,52285.4,103691.8
LLVM,rf_smbo,0,20270424,21,145,56462.8,53727.6,0.0280548725450527,52285.4,103691.8
LLVM,rf_smbo,0,20270424,22,16401,56929.8,53727.6,0.0280548725450527,52285.4,103691.8
LLVM,rf_smbo,0,20270424,23,16641,56980.4,53727.6,0.0280548725450527,52285.4,103691.8
LLVM,rf_smbo,0,20270424,24,53577,65202.8,53727.6,0.0280548725450527,52285.4,103691.8
LLVM,rf_smbo,0,20270424,25,43201,69790.4,53727.6,0.0280548725450527,52285.4,103691.8
LLVM,rf_smbo,0,20270424,26,8337,56860.6,53727.6,0.0280548725450527,52285.4,103691.8
LLVM,rf_smbo,0,20270424,27,20609,54264.4,53727.6,0.0280548725450527,52285.4,103691.8
LLVM,rf_smbo,0,20270424,28,20992,57090.0,53727.6,0.0280548725450527,52285.4,103691.8
LLVM,rf_smbo,0,20270424,29,8961,56961.4,53727.6,0.0280548725450527,52285.4,103691.8
LLVM,rf_smbo,0,20270424,30,20833,60671.0,53727.6,0.0280548725450527,52285.4,103691.8
LLVM,rf_smbo,0,20270424,31,16513,53862.8,53727.6,0.0280548725450527,52285.4,103691.8
LLVM,rf_smbo,0,20270424,32,22721,61480.8,53727.6,0.0280548725450527,52285.4,103691.8
LLVM,rf_smbo,0,20270424,33,17153,56978.2,53727.6,0.0280548725450527,52285.4,103691.8
LLVM,rf_smbo,0,20270424,34,16518,57646.2,53727.6,0.0280548725450527,52285.4,103691.8
LLVM,rf_smbo,0,20270424,35,9345,55505.4,53727.6,0.0280548725450527,52285.4,103691.8
LLVM,rf_smbo,0,20270424,36,12417,67957.2,53727.6,0.0280548725450527,52285.4,103691.8
LLVM,rf_smbo,0,20270424,37,131,56442.8,53727.6,0.0280548725450527,52285.4,103691.8
LLVM,rf_smbo,0,20270424,38,135,57948.6,53727.6,0.0280548725450527,52285.4,103691.8
LLVM,rf_smbo,0,20270424,39,8323,56877.2,53727.6,0.0280548725450527,52285.4,103691.8
LLVM,rf_smbo,0,20270424,40,17155,59490.2,53727.6,0.0280548725450527,52285.4,103691.8
LLVM,rf_smbo,0,20270424,41,8193,53919.8,53727.6,0.0280548725450527,52285.4,103691.8
LLVM,rf_smbo,0,20270424,42,8196,57760.2,53727.6,0.0280548725450527,52285.4,103691.8
LLVM,rf_smbo,0,20270424,43,8320,53879.2,53727.6,0.0280548725450527,52285.4,103691.8
LLVM,rf_smbo,0,20270424,44,1025,54845.4,53727.6,0.0280548725450527,52285.4,103691.8
LLVM,rf_smbo,0,20270424,45,9217,55418.8,53727.6,0.0280548725450527,52285.4,103691.8
LLVM,rf_smbo,0,20270424,46,9472,56610.0,53727.6,0.0280548725450527,52285.4,103691.8
LLVM,rf_smbo,0,20270424,47,17409,55372.8,53727.6,0.0280548725450527,52285.4,103691.8
LLVM,rf_smbo,0,20270424,48,16512,53756.2,53727.6,0.0280548725450527,52285.4,103691.8
LLVM,rf_smbo,0,20270424,49,320,56523.2,53727.6,0.0280548725450527,52285.4,103691.8
LLVM,rf_smbo,0,20270424,50,20481,54172.6,53727.6,0.0280548725450527,52285.4,103691.8
LLVM,random_search,1,20270425,1,56524,68887.6,68887.6,0.32295978710822004,52285.4,103691.8
LLVM,random_search,1,20270425,2,43440,72053.6,68887.6,0.32295978710822004,52285.4,103691.8
LLVM,random_search,1,20270425,3,43950,78275.6,68887.6,0.32295978710822004,52285.4,103691.8
LLVM,random_search,1,20270425,4,53809,67347.0,67347.0,0.2929907560148152,52285.4,103691.8
LLVM,random_search,1,20270425,5,55687,70001.2,67347.0,0.2929907560148152,52285.4,103691.8
LLVM,random_search,1,20270425,6,59805,77456.6,67347.0,0.2929907560148152,52285.4,103691.8
LLVM,random_search,1,20270425,7,28914,87082.0,67347.0,0.2929907560148152,52285.4,103691.8
LLVM,random_search,1,20270425,8,13232,80480.2,67347.0,0.2929907560148152,52285.4,103691.8
LLVM,random_search,1,20270425,9,18747,86473.0,67347.0,0.2929907560148152,52285.4,103691.8
LLVM,random_search,1,20270425,10,44174,70996.2,67347.0,0.2929907560148152,52285.4,103691.8
LLVM,random_search,1,20270425,11,17267,67625.0,67347.0,0.2929907560148152,52285.4,103691.8
LLVM,random_search,1,20270425,12,56490,66595.4,66595.4,0.27837000840362275,52285.4,103691.8
LLVM,random_search,1,20270425,13,10474,73813.6,66595.4,0.27837000840362275,52285.4,103691.8
LLVM,random_search,1,20270425,14,32005,79027.2,66595.4,0.27837000840362275,52285.4,103691.8
LLVM,random_search,1,20270425,15,19145,84065.4,66595.4,0.27837000840362275,52285.4,103691.8
LLVM,random_search,1,20270425,16,39215,84519.6,66595.4,0.27837000840362275,52285.4,103691.8
LLVM,random_search,1,20270425,17,58745,73690.0,66595.4,0.27837000840362275,52285.4,103691.8
LLVM,random_search,1,20270425,18,19407,82700.8,66595.4,0.27837000840362275,52285.4,103691.8
LLVM,random_search,1,20270425,19,55576,69035.4,66595.4,0.27837000840362275,52285.4,103691.8
LLVM,random_search,1,20270425,20,7626,86984.8,66595.4,0.27837000840362275,52285.4,103691.8
LLVM,random_search,1,20270425,21,45438,85367.2,66595.4,0.27837000840362275,52285.4,103691.8
LLVM,random_search,1,20270425,22,24940,76441.0,66595.4,0.27837000840362275,52285.4,103691.8
LLVM,random_search,1,20270425,23,47394,86452.4,66595.4,0.27837000840362275,52285.4,103691.8
LLVM,random_search,1,20270425,24,288,63091.6,63091.6,0.2102111799309035,52285.4,103691.8
LLVM,random_search,1,20270425,25,26965,74946.2,63091.6,0.2102111799309035,52285.4,103691.8
LLVM,random_search,1,20270425,26,11764,76128.2,63091.6,0.2102111799309035,52285.4,103691.8
LLVM,random_search,1,20270425,27,8791,66274.4,63091.6,0.2102111799309035,52285.4,103691.8
LLVM,random_search,1,20270425,28,38098,87359.0,63091.6,0.2102111799309035,52285.4,103691.8
LLVM,random_search,1,20270425,29,28419,70121.0,63091.6,0.2102111799309035,52285.4,103691.8
LLVM,random_search,1,20270425,30,56859,72721.8,63091.6,0.2102111799309035,52285.4,103691.8
LLVM,random_search,1,20270425,31,54758,86331.2,63091.6,0.2102111799309035,52285.4,103691.8
LLVM,random_search,1,20270425,32,16331,88527.2,63091.6,0.2102111799309035,52285.4,103691.8
LLVM,random_search,1,20270425,33,47766,91437.6,63091.6,0.2102111799309035,52285.4,103691.8
LLVM,random_search,1,20270425,34,55744,71866.0,63091.6,0.2102111799309035,52285.4,103691.8
LLVM,random_search,1,20270425,35,6035,85131.0,63091.6,0.2102111799309035,52285.4,103691.8
LLVM,random_search,1,20270425,36,36079,89103.0,63091.6,0.2102111799309035,52285.4,103691.8
LLVM,random_search,1,20270425,37,4110,63553.6,63091.6,0.2102111799309035,52285.4,103691.8
LLVM,random_search,1,20270425,38,23248,81366.4,63091.6,0.2102111799309035,52285.4,103691.8
LLVM,random_search,1,20270425,39,63201,94044.0,63091.6,0.2102111799309035,52285.4,103691.8
LLVM,random_search,1,20270425,40,15346,89582.6,63091.6,0.2102111799309035,52285.4,103691.8
LLVM,random_search,1,20270425,41,34732,71113.8,63091.6,0.2102111799309035,52285.4,103691.8
LLVM,random_search,1,20270425,42,20815,63479.4,63091.6,0.2102111799309035,52285.4,103691.8
LLVM,random_search,1,20270425,43,18785,74603.4,63091.6,0.2102111799309035,52285.4,103691.8
LLVM,random_search,1,20270425,44,31268,84146.4,63091.6,0.2102111799309035,52285.4,103691.8
LLVM,random_search,1,20270425,45,59709,81742.6,63091.6,0.2102111799309035,52285.4,103691.8
LLVM,random_search,1,20270425,46,18336,62285.6,62285.6,0.19453219832550026,52285.4,103691.8
LLVM,random_search,1,20270425,47,19472,71222.0,62285.6,0.19453219832550026,52285.4,103691.8
LLVM,random_search,1,20270425,48,3085,73372.4,62285.6,0.19453219832550026,52285.4,103691.8
LLVM,random_search,1,20270425,49,13342,80860.0,62285.6,0.19453219832550026,52285.4,103691.8
LLVM,random_search,1,20270425,50,36491,84594.6,62285.6,0.19453219832550026,52285.4,103691.8
LLVM,rf_smbo,1,20270425,1,43297,74503.2,74503.2,0.43219910361355773,52285.4,103691.8
LLVM,rf_smbo,1,20270425,2,40961,56966.8,56966.8,0.09106648199445987,52285.4,103691.8
LLVM,rf_smbo,1,20270425,3,50643,70053.0,56966.8,0.09106648199445987,52285.4,103691.8
LLVM,rf_smbo,1,20270425,4,61378,80980.6,56966.8,0.09106648199445987,52285.4,103691.8
LLVM,rf_smbo,1,20270425,5,28044,67231.4,56966.8,0.09106648199445987,52285.4,103691.8
LLVM,rf_smbo,1,20270425,6,10299,73391.6,56966.8,0.09106648199445987,52285.4,103691.8
LLVM,rf_smbo,1,20270425,7,1423,61521.0,56966.8,0.09106648199445987,52285.4,103691.8
LLVM,rf_smbo,1,20270425,8,19850,75371.8,56966.8,0.09106648199445987,52285.4,103691.8
LLVM,rf_smbo,1,20270425,9,36115,77839.8,56966.8,0.09106648199445987,52285.4,103691.8
LLVM,rf_smbo,1,20270425,10,41039,64919.8,56966.8,0.09106648199445987,52285.4,103691.8
LLVM,rf_smbo,1,20270425,11,41312,64911.0,56966.8,0.09106648199445987,52285.4,103691.8
LLVM,rf_smbo,1,20270425,12,32897,57008.0,56966.8,0.09106648199445987,52285.4,103691.8
LLVM,rf_smbo,1,20270425,13,36870,67569.4,56966.8,0.09106648199445987,52285.4,103691.8
LLVM,rf_smbo,1,20270425,14,20289,74364.8,56966.8,0.09106648199445987,52285.4,103691.8
LLVM,rf_smbo,1,20270425,15,32841,62655.6,56966.8,0.09106648199445987,52285.4,103691.8
LLVM,rf_smbo,1,20270425,16,147,58981.2,56966.8,0.09106648199445987,52285.4,103691.8
LLVM,rf_smbo,1,20270425,17,1153,54945.0,54945.0,0.05173674873167541,52285.4,103691.8
LLVM,rf_smbo,1,20270425,18,1169,57762.2,54945.0,0.05173674873167541,52285.4,103691.8
LLVM,rf_smbo,1,20270425,19,1155,57800.2,54945.0,0.05173674873167541,52285.4,103691.8
LLVM,rf_smbo,1,20270425,20,17537,55536.8,54945.0,0.05173674873167541,52285.4,103691.8
LLVM,rf_smbo,1,20270425,21,17569,56395.8,54945.0,0.05173674873167541,52285.4,103691.8
LLVM,rf_smbo,1,20270425,22,9345,55505.4,54945.0,0.05173674873167541,52285.4,103691.8
LLVM,rf_smbo,1,20270425,23,17574,60695.0,54945.0,0.05173674873167541,52285.4,103691.8
LLVM,rf_smbo,1,20270425,24,8513,56713.8,54945.0,0.05173674873167541,52285.4,103691.8
LLVM,rf_smbo,1,20270425,25,9217,55418.8,54945.0,0.05173674873167541,52285.4,103691.8
LLVM,rf_smbo,1,20270425,26,22857,63492.4,54945.0,0.05173674873167541,52285.4,103691.8
LLVM,rf_smbo,1,20270425,27,16385,53839.4,53839.4,0.030229699025802234,52285.4,103691.8
LLVM,rf_smbo,1,20270425,28,16384,53936.2,53839.4,0.030229699025802234,52285.4,103691.8
LLVM,rf_smbo,1,20270425,29,8194,56785.4,53839.4,0.030229699025802234,52285.4,103691.8
LLVM,rf_smbo,1,20270425,30,18433,68028.6,53839.4,0.030229699025802234,52285.4,103691.8
LLVM,rf_smbo,1,20270425,31,9344,55383.4,53839.4,0.030229699025802234,52285.4,103691.8
LLVM,rf_smbo,1,20270425,32,9984,58637.6,53839.4,0.030229699025802234,52285.4,103691.8
LLVM,rf_smbo,1,20270425,33,17409,55372.8,53839.4,0.030229699025802234,52285.4,103691.8
LLVM,rf_smbo,1,20270425,34,41728,60648.0,53839.4,0.030229699025802234,52285.4,103691.8
LLVM,rf_smbo,1,20270425,35,9280,55579.0,53839.4,0.030229699025802234,52285.4,103691.8
LLVM,rf_smbo,1,20270425,36,14529,75531.2,53839.4,0.030229699025802234,52285.4,103691.8
LLVM,rf_smbo,1,20270425,37,1,52324.8,52324.8,0.0007664415325718481,52285.4,103691.8
LLVM,rf_smbo,1,20270425,38,16418,62368.0,52324.8,0.0007664415325718481,52285.4,103691.8
LLVM,rf_smbo,1,20270425,39,8193,53919.8,52324.8,0.0007664415325718481,52285.4,103691.8
LLVM,rf_smbo,1,20270425,40,8198,57673.4,52324.8,0.0007664415325718481,52285.4,103691.8
LLVM,rf_smbo,1,20270425,41,3,56400.0,52324.8,0.0007664415325718481,52285.4,103691.8
LLVM,rf_smbo,1,20270425,42,16449,55759.6,52324.8,0.0007664415325718481,52285.4,103691.8
LLVM,rf_smbo,1,20270425,43,1025,54845.4,52324.8,0.0007664415325718481,52285.4,103691.8
LLVM,rf_smbo,1,20270425,44,16401,56929.8,52324.8,0.0007664415325718481,52285.4,103691.8
LLVM,rf_smbo,1,20270425,45,16,56380.6,52324.8,0.0007664415325718481,52285.4,103691.8
LLVM,rf_smbo,1,20270425,46,20545,56026.8,52324.8,0.0007664415325718481,52285.4,103691.8
LLVM,rf_smbo,1,20270425,47,17473,55795.4,52324.8,0.0007664415325718481,52285.4,103691.8
LLVM,rf_smbo,1,20270425,48,8257,55781.8,52324.8,0.0007664415325718481,52285.4,103691.8
LLVM,rf_smbo,1,20270425,49,8192,53887.2,52324.8,0.0007664415325718481,52285.4,103691.8
LLVM,rf_smbo,1,20270425,50,129,53429.4,52324.8,0.0007664415325718481,52285.4,103691.8
LLVM,random_search,2,20270426,1,20387,80308.4,80308.4,0.5451266768340127,52285.4,103691.8
LLVM,random_search,2,20270426,2,33096,63987.6,63987.6,0.2276409163061408,52285.4,103691.8
LLVM,random_search,2,20270426,3,60698,70172.2,63987.6,0.2276409163061408,52285.4,103691.8
LLVM,random_search,2,20270426,4,30920,85180.8,63987.6,0.2276409163061408,52285.4,103691.8
LLVM,random_search,2,20270426,5,56052,91302.4,63987.6,0.2276409163061408,52285.4,103691.8
LLVM,random_search,2,20270426,6,45158,80391.2,63987.6,0.2276409163061408,52285.4,103691.8
LLVM,random_search,2,20270426,7,54656,74556.4,63987.6,0.2276409163061408,52285.4,103691.8
LLVM,random_search,2,20270426,8,40283,91828.6,63987.6,0.2276409163061408,52285.4,103691.8
LLVM,random_search,2,20270426,9,52964,90226.6,63987.6,0.2276409163061408,52285.4,103691.8
LLVM,random_search,2,20270426,10,2341,81945.8,63987.6,0.2276409163061408,52285.4,103691.8
LLVM,random_search,2,20270426,11,19851,75659.2,63987.6,0.2276409163061408,52285.4,103691.8
LLVM,random_search,2,20270426,12,3136,70450.2,63987.6,0.2276409163061408,52285.4,103691.8
LLVM,random_search,2,20270426,13,9699,67599.8,63987.6,0.2276409163061408,52285.4,103691.8
LLVM,random_search,2,20270426,14,27750,69425.8,63987.6,0.2276409163061408,52285.4,103691.8
LLVM,random_search,2,20270426,15,42671,73291.6,63987.6,0.2276409163061408,52285.4,103691.8
LLVM,random_search,2,20270426,16,58553,71362.2,63987.6,0.2276409163061408,52285.4,103691.8
LLVM,random_search,2,20270426,17,45396,85417.6,63987.6,0.2276409163061408,52285.4,103691.8
LLVM,random_search,2,20270426,18,46910,94303.8,63987.6,0.2276409163061408,52285.4,103691.8
LLVM,random_search,2,20270426,19,44666,86084.4,63987.6,0.2276409163061408,52285.4,103691.8
LLVM,random_search,2,20270426,20,13875,88466.0,63987.6,0.2276409163061408,52285.4,103691.8
LLVM,random_search,2,20270426,21,43307,81793.2,63987.6,0.2276409163061408,52285.4,103691.8
LLVM,random_search,2,20270426,22,12602,85795.4,63987.6,0.2276409163061408,52285.4,103691.8
LLVM,random_search,2,20270426,23,16695,71154.8,63987.6,0.2276409163061408,52285.4,103691.8
LLVM,random_search,2,20270426,24,43627,77374.6,63987.6,0.2276409163061408,52285.4,103691.8
LLVM,random_search,2,20270426,25,7474,83921.6,63987.6,0.2276409163061408,52285.4,103691.8
LLVM,random_search,2,20270426,26,23372,77924.2,63987.6,0.2276409163061408,52285.4,103691.8
LLVM,random_search,2,20270426,27,29563,95121.2,63987.6,0.2276409163061408,52285.4,103691.8
LLVM,random_search,2,20270426,28,51802,82970.6,63987.6,0.2276409163061408,52285.4,103691.8
LLVM,random_search,2,20270426,29,46369,84629.6,63987.6,0.2276409163061408,52285.4,103691.8
LLVM,random_search,2,20270426,30,31702,92453.0,63987.6,0.2276409163061408,52285.4,103691.8
LLVM,random_search,2,20270426,31,43330,70000.8,63987.6,0.2276409163061408,52285.4,103691.8
LLVM,random_search,2,20270426,32,38978,67083.0,63987.6,0.2276409163061408,52285.4,103691.8
LLVM,random_search,2,20270426,33,6486,75636.4,63987.6,0.2276409163061408,52285.4,103691.8
LLVM,random_search,2,20270426,34,8196,57760.2,57760.2,0.10650035793208619,52285.4,103691.8
LLVM,random_search,2,20270426,35,60388,77696.8,57760.2,0.10650035793208619,52285.4,103691.8
LLVM,random_search,2,20270426,36,65523,100901.6,57760.2,0.10650035793208619,52285.4,103691.8
LLVM,random_search,2,20270426,37,5961,84124.8,57760.2,0.10650035793208619,52285.4,103691.8
LLVM,random_search,2,20270426,38,6102,92421.2,57760.2,0.10650035793208619,52285.4,103691.8
LLVM,random_search,2,20270426,39,46277,87360.0,57760.2,0.10650035793208619,52285.4,103691.8
LLVM,random_search,2,20270426,40,50197,62383.2,57760.2,0.10650035793208619,52285.4,103691.8
LLVM,random_search,2,20270426,41,4201,69954.4,57760.2,0.10650035793208619,52285.4,103691.8
LLVM,random_search,2,20270426,42,29956,78280.2,57760.2,0.10650035793208619,52285.4,103691.8
LLVM,random_search,2,20270426,43,12731,81408.6,57760.2,0.10650035793208619,52285.4,103691.8
LLVM,random_search,2,20270426,44,44854,84989.0,57760.2,0.10650035793208619,52285.4,103691.8
LLVM,random_search,2,20270426,45,36327,87685.6,57760.2,0.10650035793208619,52285.4,103691.8
LLVM,random_search,2,20270426,46,58126,70388.6,57760.2,0.10650035793208619,52285.4,103691.8
LLVM,random_search,2,20270426,47,31554,82978.6,57760.2,0.10650035793208619,52285.4,103691.8
LLVM,random_search,2,20270426,48,7386,74793.2,57760.2,0.10650035793208619,52285.4,103691.8
LLVM,random_search,2,20270426,49,9985,58668.4,57760.2,0.10650035793208619,52285.4,103691.8
LLVM,random_search,2,20270426,50,23323,77079.6,57760.2,0.10650035793208619,52285.4,103691.8
LLVM,rf_smbo,2,20270426,1,56020,88388.8,88388.8,0.7023133306358741,52285.4,103691.8
LLVM,rf_smbo,2,20270426,2,29580,82530.8,82530.8,0.5883586479504498,52285.4,103691.8
LLVM,rf_smbo,2,20270426,3,17490,64071.6,64071.6,0.22927495409131932,52285.4,103691.8
LLVM,rf_smbo,2,20270426,4,46851,85787.4,64071.6,0.22927495409131932,52285.4,103691.8
LLVM,rf_smbo,2,20270426,5,39840,85923.0,64071.6,0.22927495409131932,52285.4,103691.8
LLVM,rf_smbo,2,20270426,6,31616,77609.0,64071.6,0.22927495409131932,52285.4,103691.8
LLVM,rf_smbo,2,20270426,7,14883,83007.2,64071.6,0.22927495409131932,52285.4,103691.8
LLVM,rf_smbo,2,20270426,8,30829,88980.8,64071.6,0.22927495409131932,52285.4,103691.8
LLVM,rf_smbo,2,20270426,9,19565,83879.6,64071.6,0.22927495409131932,52285.4,103691.8
LLVM,rf_smbo,2,20270426,10,19234,78119.2,64071.6,0.22927495409131932,52285.4,103691.8
LLVM,rf_smbo,2,20270426,11,17875,66669.0,64071.6,0.22927495409131932,52285.4,103691.8
LLVM,rf_smbo,2,20270426,12,39397,84560.2,64071.6,0.22927495409131932,52285.4,103691.8
LLVM,rf_smbo,2,20270426,13,9687,67464.6,64071.6,0.22927495409131932,52285.4,103691.8
LLVM,rf_smbo,2,20270426,14,42454,71612.0,64071.6,0.22927495409131932,52285.4,103691.8
LLVM,rf_smbo,2,20270426,15,17006,67762.0,64071.6,0.22927495409131932,52285.4,103691.8
LLVM,rf_smbo,2,20270426,16,16966,60460.6,60460.6,0.15903078215941976,52285.4,103691.8
LLVM,rf_smbo,2,20270426,17,17118,73389.2,60460.6,0.15903078215941976,52285.4,103691.8
LLVM,rf_smbo,2,20270426,18,22529,55732.8,55732.8,0.06706168881695666,52285.4,103691.8
LLVM,rf_smbo,2,20270426,19,20544,55845.8,55732.8,0.06706168881695666,52285.4,103691.8
LLVM,rf_smbo,2,20270426,20,20576,58530.4,55732.8,0.06706168881695666,52285.4,103691.8
LLVM,rf_smbo,2,20270426,21,8212,59810.6,55732.8,0.06706168881695666,52285.4,103691.8
LLVM,rf_smbo,2,20270426,22,49160,59433.4,55732.8,0.06706168881695666,52285.4,103691.8
LLVM,rf_smbo,2,20270426,23,53249,57269.8,55732.8,0.06706168881695666,52285.4,103691.8
LLVM,rf_smbo,2,20270426,24,20737,56989.0,55732.8,0.06706168881695666,52285.4,103691.8
LLVM,rf_smbo,2,20270426,25,22790,63819.8,55732.8,0.06706168881695666,52285.4,103691.8
LLVM,rf_smbo,2,20270426,26,41089,57788.6,55732.8,0.06706168881695666,52285.4,103691.8
LLVM,rf_smbo,2,20270426,27,20641,56030.4,55732.8,0.06706168881695666,52285.4,103691.8
LLVM,rf_smbo,2,20270426,28,16545,55813.4,55732.8,0.06706168881695666,52285.4,103691.8
LLVM,rf_smbo,2,20270426,29,55713,65224.8,55732.8,0.06706168881695666,52285.4,103691.8
LLVM,rf_smbo,2,20270426,30,20609,54264.4,54264.4,0.0384971521055744,52285.4,103691.8
LLVM,rf_smbo,2,20270426,31,21249,57241.2,54264.4,0.0384971521055744,52285.4,103691.8
LLVM,rf_smbo,2,20270426,32,20640,55606.0,54264.4,0.0384971521055744,52285.4,103691.8
LLVM,rf_smbo,2,20270426,33,24721,63240.6,54264.4,0.0384971521055744,52285.4,103691.8
LLVM,rf_smbo,2,20270426,34,26760,64131.2,54264.4,0.0384971521055744,52285.4,103691.8
LLVM,rf_smbo,2,20270426,35,8352,55707.4,54264.4,0.0384971521055744,52285.4,103691.8
LLVM,rf_smbo,2,20270426,36,8320,53879.2,53879.2,0.031003921690684343,52285.4,103691.8
LLVM,rf_smbo,2,20270426,37,9088,58374.6,53879.2,0.031003921690684343,52285.4,103691.8
LLVM,rf_smbo,2,20270426,38,131,56442.8,53879.2,0.031003921690684343,52285.4,103691.8
LLVM,rf_smbo,2,20270426,39,20608,54233.0,53879.2,0.031003921690684343,52285.4,103691.8
LLVM,rf_smbo,2,20270426,40,20610,57258.2,53879.2,0.031003921690684343,52285.4,103691.8
LLVM,rf_smbo,2,20270426,41,20612,58096.6,53879.2,0.031003921690684343,52285.4,103691.8
LLVM,rf_smbo,2,20270426,42,2113,69248.8,53879.2,0.031003921690684343,52285.4,103691.8
LLVM,rf_smbo,2,20270426,43,22112,76518.4,53879.2,0.031003921690684343,52285.4,103691.8
LLVM,rf_smbo,2,20270426,44,8354,58503.0,53879.2,0.031003921690684343,52285.4,103691.8
LLVM,rf_smbo,2,20270426,45,128,53380.6,53380.6,0.021304740265803424,52285.4,103691.8
LLVM,rf_smbo,2,20270426,46,8961,56961.4,53380.6,0.021304740265803424,52285.4,103691.8
LLVM,rf_smbo,2,20270426,47,16512,53756.2,53380.6,0.021304740265803424,52285.4,103691.8
LLVM,rf_smbo,2,20270426,48,16705,56936.2,53380.6,0.021304740265803424,52285.4,103691.8
LLVM,rf_smbo,2,20270426,49,54784,74963.6,53380.6,0.021304740265803424,52285.4,103691.8
LLVM,rf_smbo,2,20270426,50,8328,57527.0,53380.6,0.021304740265803424,52285.4,103691.8
LLVM,random_search,3,20270427,1,19785,74449.2,74449.2,0.43114865075165726,52285.4,103691.8
LLVM,random_search,3,20270427,2,13511,84421.0,74449.2,0.43114865075165726,52285.4,103691.8
LLVM,random_search,3,20270427,3,14609,76423.2,74449.2,0.43114865075165726,52285.4,103691.8
LLVM,random_search,3,20270427,4,22620,65940.0,65940.0,0.2656206231130754,52285.4,103691.8
LLVM,random_search,3,20270427,5,54982,89186.0,65940.0,0.2656206231130754,52285.4,103691.8
LLVM,random_search,3,20270427,6,8242,63704.4,63704.4,0.22213187463039621,52285.4,103691.8
LLVM,random_search,3,20270427,7,33194,68869.4,63704.4,0.22213187463039621,52285.4,103691.8
LLVM,random_search,3,20270427,8,42730,78808.4,63704.4,0.22213187463039621,52285.4,103691.8
LLVM,random_search,3,20270427,9,64615,87434.4,63704.4,0.22213187463039621,52285.4,103691.8
LLVM,random_search,3,20270427,10,7949,72414.2,63704.4,0.22213187463039621,52285.4,103691.8
LLVM,random_search,3,20270427,11,32777,61159.0,61159.0,0.17261663917333248,52285.4,103691.8
LLVM,random_search,3,20270427,12,10346,73700.0,61159.0,0.17261663917333248,52285.4,103691.8
LLVM,random_search,3,20270427,13,8246,65775.4,61159.0,0.17261663917333248,52285.4,103691.8
LLVM,random_search,3,20270427,14,36088,87132.8,61159.0,0.17261663917333248,52285.4,103691.8
LLVM,random_search,3,20270427,15,65200,88328.6,61159.0,0.17261663917333248,52285.4,103691.8
LLVM,random_search,3,20270427,16,4972,78769.6,61159.0,0.17261663917333248,52285.4,103691.8
LLVM,random_search,3,20270427,17,11155,68514.6,61159.0,0.17261663917333248,52285.4,103691.8
LLVM,random_search,3,20270427,18,32475,94974.4,61159.0,0.17261663917333248,52285.4,103691.8
LLVM,random_search,3,20270427,19,53636,65563.2,61159.0,0.17261663917333248,52285.4,103691.8
LLVM,random_search,3,20270427,20,38023,82379.2,61159.0,0.17261663917333248,52285.4,103691.8
LLVM,random_search,3,20270427,21,52061,88484.2,61159.0,0.17261663917333248,52285.4,103691.8
LLVM,random_search,3,20270427,22,64688,84314.2,61159.0,0.17261663917333248,52285.4,103691.8
LLVM,random_search,3,20270427,23,61242,84476.6,61159.0,0.17261663917333248,52285.4,103691.8
LLVM,random_search,3,20270427,24,31379,85913.8,61159.0,0.17261663917333248,52285.4,103691.8
LLVM,random_search,3,20270427,25,10485,74332.8,61159.0,0.17261663917333248,52285.4,103691.8
LLVM,random_search,3,20270427,26,53243,95301.4,61159.0,0.17261663917333248,52285.4,103691.8
LLVM,random_search,3,20270427,27,6883,91434.8,61159.0,0.17261663917333248,52285.4,103691.8
LLVM,random_search,3,20270427,28,6089,89731.2,61159.0,0.17261663917333248,52285.4,103691.8
LLVM,random_search,3,20270427,29,2038,75195.4,61159.0,0.17261663917333248,52285.4,103691.8
LLVM,random_search,3,20270427,30,23983,79744.6,61159.0,0.17261663917333248,52285.4,103691.8
LLVM,random_search,3,20270427,31,34955,76872.0,61159.0,0.17261663917333248,52285.4,103691.8
LLVM,random_search,3,20270427,32,19294,84867.4,61159.0,0.17261663917333248,52285.4,103691.8
LLVM,random_search,3,20270427,33,16182,88073.0,61159.0,0.17261663917333248,52285.4,103691.8
LLVM,random_search,3,20270427,34,3255,78676.6,61159.0,0.17261663917333248,52285.4,103691.8
LLVM,random_search,3,20270427,35,27963,74232.4,61159.0,0.17261663917333248,52285.4,103691.8
LLVM,random_search,3,20270427,36,2713,79942.0,61159.0,0.17261663917333248,52285.4,103691.8
LLVM,random_search,3,20270427,37,13839,83387.8,61159.0,0.17261663917333248,52285.4,103691.8
LLVM,random_search,3,20270427,38,51955,91072.0,61159.0,0.17261663917333248,52285.4,103691.8
LLVM,random_search,3,20270427,39,19858,76455.8,61159.0,0.17261663917333248,52285.4,103691.8
LLVM,random_search,3,20270427,40,7974,76860.2,61159.0,0.17261663917333248,52285.4,103691.8
LLVM,random_search,3,20270427,41,55534,71355.4,61159.0,0.17261663917333248,52285.4,103691.8
LLVM,random_search,3,20270427,42,65118,98099.4,61159.0,0.17261663917333248,52285.4,103691.8
LLVM,random_search,3,20270427,43,25368,69167.2,61159.0,0.17261663917333248,52285.4,103691.8
LLVM,random_search,3,20270427,44,62447,100967.2,61159.0,0.17261663917333248,52285.4,103691.8
LLVM,random_search,3,20270427,45,180,61005.6,61005.6,0.16963257493230408,52285.4,103691.8
LLVM,random_search,3,20270427,46,29717,80737.6,61005.6,0.16963257493230408,52285.4,103691.8
LLVM,random_search,3,20270427,47,19646,78296.4,61005.6,0.16963257493230408,52285.4,103691.8
LLVM,random_search,3,20270427,48,29756,86018.8,61005.6,0.16963257493230408,52285.4,103691.8
LLVM,random_search,3,20270427,49,52385,75821.0,61005.6,0.16963257493230408,52285.4,103691.8
LLVM,random_search,3,20270427,50,27875,74622.0,61005.6,0.16963257493230408,52285.4,103691.8
LLVM,rf_smbo,3,20270427,1,26597,81870.8,81870.8,0.575519779638333,52285.4,103691.8
LLVM,rf_smbo,3,20270427,2,48125,100815.6,81870.8,0.575519779638333,52285.4,103691.8
LLVM,rf_smbo,3,20270427,3,23776,65314.4,65314.4,0.25345093217965076,52285.4,103691.8
LLVM,rf_smbo,3,20270427,4,54629,79910.6,65314.4,0.25345093217965076,52285.4,103691.8
LLVM,rf_smbo,3,20270427,5,16337,88900.2,65314.4,0.25345093217965076,52285.4,103691.8
LLVM,rf_smbo,3,20270427,6,45558,91664.8,65314.4,0.25345093217965076,52285.4,103691.8
LLVM,rf_smbo,3,20270427,7,8709,58519.2,58519.2,0.12126505649102048,52285.4,103691.8
LLVM,rf_smbo,3,20270427,8,8728,60203.2,58519.2,0.12126505649102048,52285.4,103691.8
LLVM,rf_smbo,3,20270427,9,9485,59540.4,58519.2,0.12126505649102048,52285.4,103691.8
LLVM,rf_smbo,3,20270427,10,9486,58057.2,58057.2,0.11227784867253875,52285.4,103691.8
LLVM,rf_smbo,3,20270427,11,11535,65767.0,58057.2,0.11227784867253875,52285.4,103691.8
LLVM,rf_smbo,3,20270427,12,8252,65140.2,58057.2,0.11227784867253875,52285.4,103691.8
LLVM,rf_smbo,3,20270427,13,9224,57418.2,57418.2,0.09984748980671658,52285.4,103691.8
LLVM,rf_smbo,3,20270427,14,58368,63472.4,57418.2,0.09984748980671658,52285.4,103691.8
LLVM,rf_smbo,3,20270427,15,34484,72063.6,57418.2,0.09984748980671658,52285.4,103691.8
LLVM,rf_smbo,3,20270427,16,22542,57741.4,57418.2,0.09984748980671658,52285.4,103691.8
LLVM,rf_smbo,3,20270427,17,1038,57720.4,57418.2,0.09984748980671658,52285.4,103691.8
LLVM,rf_smbo,3,20270427,18,1027,56544.0,56544.0,0.08284182514239469,52285.4,103691.8
LLVM,rf_smbo,3,20270427,19,23566,58463.0,56544.0,0.08284182514239469,52285.4,103691.8
LLVM,rf_smbo,3,20270427,20,17422,57615.4,56544.0,0.08284182514239469,52285.4,103691.8
LLVM,rf_smbo,3,20270427,21,17411,56976.6,56544.0,0.08284182514239469,52285.4,103691.8
LLVM,rf_smbo,3,20270427,22,20750,61663.2,56544.0,0.08284182514239469,52285.4,103691.8
LLVM,rf_smbo,3,20270427,23,17408,55001.2,55001.2,0.052829997821282865,52285.4,103691.8
LLVM,rf_smbo,3,20270427,24,17922,62492.0,55001.2,0.052829997821282865,52285.4,103691.8
LLVM,rf_smbo,3,20270427,25,6145,61119.4,55001.2,0.052829997821282865,52285.4,103691.8
LLVM,rf_smbo,3,20270427,26,41985,58331.2,55001.2,0.052829997821282865,52285.4,103691.8
LLVM,rf_smbo,3,20270427,27,1026,56536.8,55001.2,0.052829997821282865,52285.4,103691.8
LLVM,rf_smbo,3,20270427,28,16386,57027.8,55001.2,0.052829997821282865,52285.4,103691.8
LLVM,rf_smbo,3,20270427,29,41986,59428.6,55001.2,0.052829997821282865,52285.4,103691.8
LLVM,rf_smbo,3,20270427,30,33792,57668.2,55001.2,0.052829997821282865,52285.4,103691.8
LLVM,rf_smbo,3,20270427,31,16,56380.6,55001.2,0.052829997821282865,52285.4,103691.8
LLVM,rf_smbo,3,20270427,32,16432,63118.2,55001.2,0.052829997821282865,52285.4,103691.8
LLVM,rf_smbo,3,20270427,33,1032,57045.2,55001.2,0.052829997821282865,52285.4,103691.8
LLVM,rf_smbo,3,20270427,34,17412,57638.4,55001.2,0.052829997821282865,52285.4,103691.8
LLVM,rf_smbo,3,20270427,35,1040,56619.2,55001.2,0.052829997821282865,52285.4,103691.8
LLVM,rf_smbo,3,20270427,36,9234,59301.4,55001.2,0.052829997821282865,52285.4,103691.8
LLVM,rf_smbo,3,20270427,37,17409,55372.8,55001.2,0.052829997821282865,52285.4,103691.8
LLVM,rf_smbo,3,20270427,38,16385,53839.4,53839.4,0.030229699025802234,52285.4,103691.8
LLVM,rf_smbo,3,20270427,39,16390,57690.4,53839.4,0.030229699025802234,52285.4,103691.8
LLVM,rf_smbo,3,20270427,40,17424,56979.2,53839.4,0.030229699025802234,52285.4,103691.8
LLVM,rf_smbo,3,20270427,41,16913,57153.2,53839.4,0.030229699025802234,52285.4,103691.8
LLVM,rf_smbo,3,20270427,42,16384,53936.2,53839.4,0.030229699025802234,52285.4,103691.8
LLVM,rf_smbo,3,20270427,43,528,56865.2,53839.4,0.030229699025802234,52285.4,103691.8
LLVM,rf_smbo,3,20270427,44,18528,72650.8,53839.4,0.030229699025802234,52285.4,103691.8
LLVM,rf_smbo,3,20270427,45,16393,57396.4,53839.4,0.030229699025802234,52285.4,103691.8
LLVM,rf_smbo,3,20270427,46,2931,80436.0,53839.4,0.030229699025802234,52285.4,103691.8
LLVM,rf_smbo,3,20270427,47,40960,57468.8,53839.4,0.030229699025802234,52285.4,103691.8
LLVM,rf_smbo,3,20270427,48,17664,56718.0,53839.4,0.030229699025802234,52285.4,103691.8
LLVM,rf_smbo,3,20270427,49,17681,56969.0,53839.4,0.030229699025802234,52285.4,103691.8
LLVM,rf_smbo,3,20270427,50,41865,65510.6,53839.4,0.030229699025802234,52285.4,103691.8
LLVM,random_search,4,20270428,1,60162,66815.2,66815.2,0.2826457406081732,52285.4,103691.8
LLVM,random_search,4,20270428,2,21529,74633.6,66815.2,0.2826457406081732,52285.4,103691.8
LLVM,random_search,4,20270428,3,49815,71823.0,66815.2,0.2826457406081732,52285.4,103691.8
LLVM,random_search,4,20270428,4,5561,82662.4,66815.2,0.2826457406081732,52285.4,103691.8
LLVM,random_search,4,20270428,5,41594,72875.4,66815.2,0.2826457406081732,52285.4,103691.8
LLVM,random_search,4,20270428,6,5855,95024.8,66815.2,0.2826457406081732,52285.4,103691.8
LLVM,random_search,4,20270428,7,5250,76409.8,66815.2,0.2826457406081732,52285.4,103691.8
LLVM,random_search,4,20270428,8,145,56462.8,56462.8,0.08126225528338886,52285.4,103691.8
LLVM,random_search,4,20270428,9,59693,80415.4,56462.8,0.08126225528338886,52285.4,103691.8
LLVM,random_search,4,20270428,10,19918,80932.2,56462.8,0.08126225528338886,52285.4,103691.8
LLVM,random_search,4,20270428,11,29926,86534.6,56462.8,0.08126225528338886,52285.4,103691.8
LLVM,random_search,4,20270428,12,41399,71221.8,56462.8,0.08126225528338886,52285.4,103691.8
LLVM,random_search,4,20270428,13,16582,63652.0,56462.8,0.08126225528338886,52285.4,103691.8
LLVM,random_search,4,20270428,14,38443,95567.0,56462.8,0.08126225528338886,52285.4,103691.8
LLVM,random_search,4,20270428,15,38495,97322.8,56462.8,0.08126225528338886,52285.4,103691.8
LLVM,random_search,4,20270428,16,22139,88255.6,56462.8,0.08126225528338886,52285.4,103691.8
LLVM,random_search,4,20270428,17,34550,80241.8,56462.8,0.08126225528338886,52285.4,103691.8
LLVM,random_search,4,20270428,18,28814,78339.4,56462.8,0.08126225528338886,52285.4,103691.8
LLVM,random_search,4,20270428,19,50311,63030.2,56462.8,0.08126225528338886,52285.4,103691.8
LLVM,random_search,4,20270428,20,27374,80525.2,56462.8,0.08126225528338886,52285.4,103691.8
LLVM,random_search,4,20270428,21,37017,70416.6,56462.8,0.08126225528338886,52285.4,103691.8
LLVM,random_search,4,20270428,22,11785,70349.2,56462.8,0.08126225528338886,52285.4,103691.8
LLVM,random_search,4,20270428,23,5807,89803.4,56462.8,0.08126225528338886,52285.4,103691.8
LLVM,random_search,4,20270428,24,30542,85433.2,56462.8,0.08126225528338886,52285.4,103691.8
LLVM,random_search,4,20270428,25,48821,92544.6,56462.8,0.08126225528338886,52285.4,103691.8
LLVM,random_search,4,20270428,26,10919,72139.2,56462.8,0.08126225528338886,52285.4,103691.8
LLVM,random_search,4,20270428,27,10140,68901.0,56462.8,0.08126225528338886,52285.4,103691.8
LLVM,random_search,4,20270428,28,2593,73612.0,56462.8,0.08126225528338886,52285.4,103691.8
LLVM,random_search,4,20270428,29,18212,69704.6,56462.8,0.08126225528338886,52285.4,103691.8
LLVM,random_search,4,20270428,30,3512,76743.8,56462.8,0.08126225528338886,52285.4,103691.8
LLVM,random_search,4,20270428,31,53415,63441.8,56462.8,0.08126225528338886,52285.4,103691.8
LLVM,random_search,4,20270428,32,21399,64797.4,56462.8,0.08126225528338886,52285.4,103691.8
LLVM,random_search,4,20270428,33,65018,94222.2,56462.8,0.08126225528338886,52285.4,103691.8
LLVM,random_search,4,20270428,34,18658,79571.2,56462.8,0.08126225528338886,52285.4,103691.8
LLVM,random_search,4,20270428,35,19842,73631.6,56462.8,0.08126225528338886,52285.4,103691.8
LLVM,random_search,4,20270428,36,7176,63322.4,56462.8,0.08126225528338886,52285.4,103691.8
LLVM,random_search,4,20270428,37,61252,73441.0,56462.8,0.08126225528338886,52285.4,103691.8
LLVM,random_search,4,20270428,38,25154,65880.6,56462.8,0.08126225528338886,52285.4,103691.8
LLVM,random_search,4,20270428,39,20973,73643.0,56462.8,0.08126225528338886,52285.4,103691.8
LLVM,random_search,4,20270428,40,51438,84508.8,56462.8,0.08126225528338886,52285.4,103691.8
LLVM,random_search,4,20270428,41,34861,83558.6,56462.8,0.08126225528338886,52285.4,103691.8
LLVM,random_search,4,20270428,42,24650,66679.0,56462.8,0.08126225528338886,52285.4,103691.8
LLVM,random_search,4,20270428,43,61058,72507.4,56462.8,0.08126225528338886,52285.4,103691.8
LLVM,random_search,4,20270428,44,14374,77989.2,56462.8,0.08126225528338886,52285.4,103691.8
LLVM,random_search,4,20270428,45,9692,68084.8,56462.8,0.08126225528338886,52285.4,103691.8
LLVM,random_search,4,20270428,46,15343,95521.0,56462.8,0.08126225528338886,52285.4,103691.8
LLVM,random_search,4,20270428,47,39026,71170.4,56462.8,0.08126225528338886,52285.4,103691.8
LLVM,random_search,4,20270428,48,51722,75058.6,56462.8,0.08126225528338886,52285.4,103691.8
LLVM,random_search,4,20270428,49,26692,65853.0,56462.8,0.08126225528338886,52285.4,103691.8
LLVM,random_search,4,20270428,50,26239,83446.0,56462.8,0.08126225528338886,52285.4,103691.8
LLVM,rf_smbo,4,20270428,1,19415,86680.6,86680.6,0.6690840051044229,52285.4,103691.8
LLVM,rf_smbo,4,20270428,2,52278,83942.4,83942.4,0.6158182638737587,52285.4,103691.8
LLVM,rf_smbo,4,20270428,3,40279,91044.8,83942.4,0.6158182638737587,52285.4,103691.8
LLVM,rf_smbo,4,20270428,4,25087,81629.8,81629.8,0.5708316474213327,52285.4,103691.8
LLVM,rf_smbo,4,20270428,5,48364,86715.2,81629.8,0.5708316474213327,52285.4,103691.8
LLVM,rf_smbo,4,20270428,6,31351,87918.0,81629.8,0.5708316474213327,52285.4,103691.8
LLVM,rf_smbo,4,20270428,7,51476,80696.4,80696.4,0.5526743751750753,52285.4,103691.8
LLVM,rf_smbo,4,20270428,8,37144,73481.4,73481.4,0.4123222011267078,52285.4,103691.8
LLVM,rf_smbo,4,20270428,9,10886,69203.4,69203.4,0.32910299106725993,52285.4,103691.8
LLVM,rf_smbo,4,20270428,10,57668,70266.6,69203.4,0.32910299106725993,52285.4,103691.8
LLVM,rf_smbo,4,20270428,11,33092,64310.6,64310.6,0.23392418064676765,52285.4,103691.8
LLVM,rf_smbo,4,20270428,12,61252,73441.0,64310.6,0.23392418064676765,52285.4,103691.8
LLVM,rf_smbo,4,20270428,13,33668,64196.8,64196.8,0.2317104485044664,52285.4,103691.8
LLVM,rf_smbo,4,20270428,14,16550,59458.0,59458.0,0.13952737402346788,52285.4,103691.8
LLVM,rf_smbo,4,20270428,15,16548,59333.2,59333.2,0.1370996607426312,52285.4,103691.8
LLVM,rf_smbo,4,20270428,16,17285,62508.6,59333.2,0.1370996607426312,52285.4,103691.8
LLVM,rf_smbo,4,20270428,17,16453,59406.6,59333.2,0.1370996607426312,52285.4,103691.8
LLVM,rf_smbo,4,20270428,18,17575,61290.6,59333.2,0.1370996607426312,52285.4,103691.8
LLVM,rf_smbo,4,20270428,19,17835,64205.2,59333.2,0.1370996607426312,52285.4,103691.8
LLVM,rf_smbo,4,20270428,20,17581,63653.4,59333.2,0.1370996607426312,52285.4,103691.8
LLVM,rf_smbo,4,20270428,21,34983,77409.8,59333.2,0.1370996607426312,52285.4,103691.8
LLVM,rf_smbo,4,20270428,22,16545,55813.4,55813.4,0.06862958697749696,52285.4,103691.8
LLVM,rf_smbo,4,20270428,23,20545,56026.8,55813.4,0.06862958697749696,52285.4,103691.8
LLVM,rf_smbo,4,20270428,24,9303,65258.6,55813.4,0.06862958697749696,52285.4,103691.8
LLVM,rf_smbo,4,20270428,25,16462,59306.2,55813.4,0.06862958697749696,52285.4,103691.8
LLVM,rf_smbo,4,20270428,26,16481,58351.4,55813.4,0.06862958697749696,52285.4,103691.8
LLVM,rf_smbo,4,20270428,27,16497,61570.6,55813.4,0.06862958697749696,52285.4,103691.8
LLVM,rf_smbo,4,20270428,28,16801,59275.6,55813.4,0.06862958697749696,52285.4,103691.8
LLVM,rf_smbo,4,20270428,29,17097,70772.0,55813.4,0.06862958697749696,52285.4,103691.8
LLVM,rf_smbo,4,20270428,30,41024,59364.4,55813.4,0.06862958697749696,52285.4,103691.8
LLVM,rf_smbo,4,20270428,31,20579,60566.4,55813.4,0.06862958697749696,52285.4,103691.8
LLVM,rf_smbo,4,20270428,32,16385,53839.4,53839.4,0.030229699025802234,52285.4,103691.8
LLVM,rf_smbo,4,20270428,33,41041,65466.6,53839.4,0.030229699025802234,52285.4,103691.8
LLVM,rf_smbo,4,20270428,34,16513,53862.8,53839.4,0.030229699025802234,52285.4,103691.8
LLVM,rf_smbo,4,20270428,35,21257,60404.8,53839.4,0.030229699025802234,52285.4,103691.8
LLVM,rf_smbo,4,20270428,36,21506,71229.6,53839.4,0.030229699025802234,52285.4,103691.8
LLVM,rf_smbo,4,20270428,37,31745,77175.0,53839.4,0.030229699025802234,52285.4,103691.8
LLVM,rf_smbo,4,20270428,38,20993,56728.6,53839.4,0.030229699025802234,52285.4,103691.8
LLVM,rf_smbo,4,20270428,39,17409,55372.8,53839.4,0.030229699025802234,52285.4,103691.8
LLVM,rf_smbo,4,20270428,40,40961,56966.8,53839.4,0.030229699025802234,52285.4,103691.8
LLVM,rf_smbo,4,20270428,41,17537,55536.8,53839.4,0.030229699025802234,52285.4,103691.8
LLVM,rf_smbo,4,20270428,42,20481,54172.6,53839.4,0.030229699025802234,52285.4,103691.8
LLVM,rf_smbo,4,20270428,43,20480,54182.0,53839.4,0.030229699025802234,52285.4,103691.8
LLVM,rf_smbo,4,20270428,44,0,52285.4,52285.4,0.0,52285.4,103691.8
LLVM,rf_smbo,4,20270428,45,8,56974.0,52285.4,0.0,52285.4,103691.8
LLVM,rf_smbo,4,20270428,46,8208,56765.4,52285.4,0.0,52285.4,103691.8
LLVM,rf_smbo,4,20270428,47,32768,57468.4,52285.4,0.0,52285.4,103691.8
LLVM,rf_smbo,4,20270428,48,24601,66152.8,52285.4,0.0,52285.4,103691.8
LLVM,rf_smbo,4,20270428,49,17664,56718.0,52285.4,0.0,52285.4,103691.8
LLVM,rf_smbo,4,20270428,50,4323,71068.6,52285.4,0.0,52285.4,103691.8
LLVM,random_search,5,20270429,1,23474,79454.4,79454.4,0.5285139593513647,52285.4,103691.8
LLVM,random_search,5,20270429,2,35767,86545.6,79454.4,0.5285139593513647,52285.4,103691.8
LLVM,random_search,5,20270429,3,59371,86144.8,79454.4,0.5285139593513647,52285.4,103691.8
LLVM,random_search,5,20270429,4,44280,79455.4,79454.4,0.5285139593513647,52285.4,103691.8
LLVM,random_search,5,20270429,5,31773,82976.2,79454.4,0.5285139593513647,52285.4,103691.8
LLVM,random_search,5,20270429,6,50651,72227.4,72227.4,0.3879283513336859,52285.4,103691.8
LLVM,random_search,5,20270429,7,45035,85778.8,72227.4,0.3879283513336859,52285.4,103691.8
LLVM,random_search,5,20270429,8,22745,66795.0,66795.0,0.2822527934264994,52285.4,103691.8
LLVM,random_search,5,20270429,9,38917,67172.4,66795.0,0.2822527934264994,52285.4,103691.8
LLVM,random_search,5,20270429,10,5258,78267.2,66795.0,0.2822527934264994,52285.4,103691.8
LLVM,random_search,5,20270429,11,51382,79349.4,66795.0,0.2822527934264994,52285.4,103691.8
LLVM,random_search,5,20270429,12,3979,81609.4,66795.0,0.2822527934264994,52285.4,103691.8
LLVM,random_search,5,20270429,13,27254,74462.4,66795.0,0.2822527934264994,52285.4,103691.8
LLVM,random_search,5,20270429,14,6042,87332.6,66795.0,0.2822527934264994,52285.4,103691.8
LLVM,random_search,5,20270429,15,22116,80558.8,66795.0,0.2822527934264994,52285.4,103691.8
LLVM,random_search,5,20270429,16,64424,87933.4,66795.0,0.2822527934264994,52285.4,103691.8
LLVM,random_search,5,20270429,17,54722,81748.0,66795.0,0.2822527934264994,52285.4,103691.8
LLVM,random_search,5,20270429,18,53089,81541.8,66795.0,0.2822527934264994,52285.4,103691.8
LLVM,random_search,5,20270429,19,30887,81190.2,66795.0,0.2822527934264994,52285.4,103691.8
LLVM,random_search,5,20270429,20,38604,94788.6,66795.0,0.2822527934264994,52285.4,103691.8
LLVM,random_search,5,20270429,21,55733,71326.6,66795.0,0.2822527934264994,52285.4,103691.8
LLVM,random_search,5,20270429,22,2713,79942.0,66795.0,0.2822527934264994,52285.4,103691.8
LLVM,random_search,5,20270429,23,64804,86457.6,66795.0,0.2822527934264994,52285.4,103691.8
LLVM,random_search,5,20270429,24,36441,91770.4,66795.0,0.2822527934264994,52285.4,103691.8
LLVM,random_search,5,20270429,25,55203,83974.0,66795.0,0.2822527934264994,52285.4,103691.8
LLVM,random_search,5,20270429,26,32102,83287.4,66795.0,0.2822527934264994,52285.4,103691.8
LLVM,random_search,5,20270429,27,7252,71836.2,66795.0,0.2822527934264994,52285.4,103691.8
LLVM,random_search,5,20270429,28,21038,65407.8,65407.8,0.2552678265741231,52285.4,103691.8
LLVM,random_search,5,20270429,29,1550,62938.6,62938.6,0.2072348968221855,52285.4,103691.8
LLVM,random_search,5,20270429,30,39185,72939.2,62938.6,0.2072348968221855,52285.4,103691.8
LLVM,random_search,5,20270429,31,12743,84550.4,62938.6,0.2072348968221855,52285.4,103691.8
LLVM,random_search,5,20270429,32,62780,88620.0,62938.6,0.2072348968221855,52285.4,103691.8
LLVM,random_search,5,20270429,33,28851,80005.6,62938.6,0.2072348968221855,52285.4,103691.8
LLVM,random_search,5,20270429,34,39004,73506.6,62938.6,0.2072348968221855,52285.4,103691.8
LLVM,random_search,5,20270429,35,22034,77120.2,62938.6,0.2072348968221855,52285.4,103691.8
LLVM,random_search,5,20270429,36,22639,68578.0,62938.6,0.2072348968221855,52285.4,103691.8
LLVM,random_search,5,20270429,37,25207,75693.8,62938.6,0.2072348968221855,52285.4,103691.8
LLVM,random_search,5,20270429,38,62783,92553.6,62938.6,0.2072348968221855,52285.4,103691.8
LLVM,random_search,5,20270429,39,18915,86178.2,62938.6,0.2072348968221855,52285.4,103691.8
LLVM,random_search,5,20270429,40,39258,80463.0,62938.6,0.2072348968221855,52285.4,103691.8
LLVM,random_search,5,20270429,41,51345,74212.6,62938.6,0.2072348968221855,52285.4,103691.8
LLVM,random_search,5,20270429,42,3146,75051.2,62938.6,0.2072348968221855,52285.4,103691.8
LLVM,random_search,5,20270429,43,45401,86896.0,62938.6,0.2072348968221855,52285.4,103691.8
LLVM,random_search,5,20270429,44,2772,85436.2,62938.6,0.2072348968221855,52285.4,103691.8
LLVM,random_search,5,20270429,45,22352,80958.2,62938.6,0.2072348968221855,52285.4,103691.8
LLVM,random_search,5,20270429,46,55734,72377.0,62938.6,0.2072348968221855,52285.4,103691.8
LLVM,random_search,5,20270429,47,25109,66563.0,62938.6,0.2072348968221855,52285.4,103691.8
LLVM,random_search,5,20270429,48,46180,85041.6,62938.6,0.2072348968221855,52285.4,103691.8
LLVM,random_search,5,20270429,49,1178,62417.2,62417.2,0.19709219085561322,52285.4,103691.8
LLVM,random_search,5,20270429,50,60973,83458.8,62417.2,0.19709219085561322,52285.4,103691.8
LLVM,rf_smbo,5,20270429,1,10978,77724.8,77724.8,0.4948683432413085,52285.4,103691.8
LLVM,rf_smbo,5,20270429,2,4379,71413.8,71413.8,0.3721015282143858,52285.4,103691.8
LLVM,rf_smbo,5,20270429,3,1782,75342.0,71413.8,0.3721015282143858,52285.4,103691.8
LLVM,rf_smbo,5,20270429,4,54363,84240.0,71413.8,0.3721015282143858,52285.4,103691.8
LLVM,rf_smbo,5,20270429,5,49360,64708.6,64708.6,0.24166640729558958,52285.4,103691.8
LLVM,rf_smbo,5,20270429,6,29232,84052.0,64708.6,0.24166640729558958,52285.4,103691.8
LLVM,rf_smbo,5,20270429,7,274,62881.6,62881.6,0.20612608546795724,52285.4,103691.8
LLVM,rf_smbo,5,20270429,8,8338,59308.6,59308.6,0.13662112110554323,52285.4,103691.8
LLVM,rf_smbo,5,20270429,9,21703,78796.8,59308.6,0.13662112110554323,52285.4,103691.8
LLVM,rf_smbo,5,20270429,10,146,58912.4,58912.4,0.128913909552118,52285.4,103691.8
LLVM,rf_smbo,5,20270429,11,29582,82773.4,58912.4,0.128913909552118,52285.4,103691.8
LLVM,rf_smbo,5,20270429,12,32933,62436.2,58912.4,0.128913909552118,52285.4,103691.8
LLVM,rf_smbo,5,20270429,13,866,65878.6,58912.4,0.128913909552118,52285.4,103691.8
LLVM,rf_smbo,5,20270429,14,54424,76756.4,58912.4,0.128913909552118,52285.4,103691.8
LLVM,rf_smbo,5,20270429,15,49309,63985.0,58912.4,0.128913909552118,52285.4,103691.8
LLVM,rf_smbo,5,20270429,16,4226,62604.0,58912.4,0.128913909552118,52285.4,103691.8
LLVM,rf_smbo,5,20270429,17,4268,66842.6,58912.4,0.128913909552118,52285.4,103691.8
LLVM,rf_smbo,5,20270429,18,786,61224.0,58912.4,0.128913909552118,52285.4,103691.8
LLVM,rf_smbo,5,20270429,19,1170,60413.4,58912.4,0.128913909552118,52285.4,103691.8
LLVM,rf_smbo,5,20270429,20,140,57335.0,57335.0,0.09822901428615889,52285.4,103691.8
LLVM,rf_smbo,5,20270429,21,1173,61334.8,57335.0,0.09822901428615889,52285.4,103691.8
LLVM,rf_smbo,5,20270429,22,776,59469.4,57335.0,0.09822901428615889,52285.4,103691.8
LLVM,rf_smbo,5,20270429,23,17420,58008.4,57335.0,0.09822901428615889,52285.4,103691.8
LLVM,rf_smbo,5,20270429,24,17548,58615.6,57335.0,0.09822901428615889,52285.4,103691.8
LLVM,rf_smbo,5,20270429,25,524,58918.4,57335.0,0.09822901428615889,52285.4,103691.8
LLVM,rf_smbo,5,20270429,26,9228,57974.6,57335.0,0.09822901428615889,52285.4,103691.8
LLVM,rf_smbo,5,20270429,27,8204,57838.8,57335.0,0.09822901428615889,52285.4,103691.8
LLVM,rf_smbo,5,20270429,28,22668,59611.6,57335.0,0.09822901428615889,52285.4,103691.8
LLVM,rf_smbo,5,20270429,29,8,56974.0,56974.0,0.09120654237604653,52285.4,103691.8
LLVM,rf_smbo,5,20270429,30,1032,57045.2,56974.0,0.09120654237604653,52285.4,103691.8
LLVM,rf_smbo,5,20270429,31,22540,58166.0,56974.0,0.09120654237604653,52285.4,103691.8
LLVM,rf_smbo,5,20270429,32,23560,57741.4,56974.0,0.09120654237604653,52285.4,103691.8
LLVM,rf_smbo,5,20270429,33,8202,58627.2,56974.0,0.09120654237604653,52285.4,103691.8
LLVM,rf_smbo,5,20270429,34,1034,58213.4,56974.0,0.09120654237604653,52285.4,103691.8
LLVM,rf_smbo,5,20270429,35,22538,59070.0,56974.0,0.09120654237604653,52285.4,103691.8
LLVM,rf_smbo,5,20270429,36,20489,57859.4,56974.0,0.09120654237604653,52285.4,103691.8
LLVM,rf_smbo,5,20270429,37,1033,57158.6,56974.0,0.09120654237604653,52285.4,103691.8
LLVM,rf_smbo,5,20270429,38,17417,57540.0,56974.0,0.09120654237604653,52285.4,103691.8
LLVM,rf_smbo,5,20270429,39,8201,57419.6,56974.0,0.09120654237604653,52285.4,103691.8
LLVM,rf_smbo,5,20270429,40,49160,59433.4,56974.0,0.09120654237604653,52285.4,103691.8
LLVM,rf_smbo,5,20270429,41,14,57245.4,56974.0,0.09120654237604653,52285.4,103691.8
LLVM,rf_smbo,5,20270429,42,33806,61575.6,56974.0,0.09120654237604653,52285.4,103691.8
LLVM,rf_smbo,5,20270429,43,16395,58653.4,56974.0,0.09120654237604653,52285.4,103691.8
LLVM,rf_smbo,5,20270429,44,1289,57255.2,56974.0,0.09120654237604653,52285.4,103691.8
LLVM,rf_smbo,5,20270429,45,8264,58949.6,56974.0,0.09120654237604653,52285.4,103691.8
LLVM,rf_smbo,5,20270429,46,16968,60141.4,56974.0,0.09120654237604653,52285.4,103691.8
LLVM,rf_smbo,5,20270429,47,521,57921.0,56974.0,0.09120654237604653,52285.4,103691.8
LLVM,rf_smbo,5,20270429,48,15,58849.6,56974.0,0.09120654237604653,52285.4,103691.8
LLVM,rf_smbo,5,20270429,49,15369,71217.6,56974.0,0.09120654237604653,52285.4,103691.8
LLVM,rf_smbo,5,20270429,50,0,52285.4,52285.4,0.0,52285.4,103691.8
LLVM,random_search,6,20270430,1,46848,81914.2,81914.2,0.5763640324940085,52285.4,103691.8
LLVM,random_search,6,20270430,2,24902,67503.4,67503.4,0.2960331787481713,52285.4,103691.8
LLVM,random_search,6,20270430,3,27704,71101.0,67503.4,0.2960331787481713,52285.4,103691.8
LLVM,random_search,6,20270430,4,11174,71385.0,67503.4,0.2960331787481713,52285.4,103691.8
LLVM,random_search,6,20270430,5,56222,81343.8,67503.4,0.2960331787481713,52285.4,103691.8
LLVM,random_search,6,20270430,6,43556,72757.6,67503.4,0.2960331787481713,52285.4,103691.8
LLVM,random_search,6,20270430,7,60293,69900.2,67503.4,0.2960331787481713,52285.4,103691.8
LLVM,random_search,6,20270430,8,12879,76210.4,67503.4,0.2960331787481713,52285.4,103691.8
LLVM,random_search,6,20270430,9,53305,68149.2,67503.4,0.2960331787481713,52285.4,103691.8
LLVM,random_search,6,20270430,10,52462,86778.8,67503.4,0.2960331787481713,52285.4,103691.8
LLVM,random_search,6,20270430,11,3362,76935.2,67503.4,0.2960331787481713,52285.4,103691.8
LLVM,random_search,6,20270430,12,39483,91993.6,67503.4,0.2960331787481713,52285.4,103691.8
LLVM,random_search,6,20270430,13,18398,73787.2,67503.4,0.2960331787481713,52285.4,103691.8
LLVM,random_search,6,20270430,14,41794,66686.2,66686.2,0.28013632543807765,52285.4,103691.8
LLVM,random_search,6,20270430,15,9035,65849.2,65849.2,0.2638543060786205,52285.4,103691.8
LLVM,random_search,6,20270430,16,58705,72248.6,65849.2,0.2638543060786205,52285.4,103691.8
LLVM,random_search,6,20270430,17,51981,77207.6,65849.2,0.2638543060786205,52285.4,103691.8
LLVM,random_search,6,20270430,18,1868,64245.8,64245.8,0.23266363721248717,52285.4,103691.8
LLVM,random_search,6,20270430,19,56847,71016.4,64245.8,0.23266363721248717,52285.4,103691.8
LLVM,random_search,6,20270430,20,9713,68359.4,64245.8,0.23266363721248717,52285.4,103691.8
LLVM,random_search,6,20270430,21,24401,80849.4,64245.8,0.23266363721248717,52285.4,103691.8
LLVM,random_search,6,20270430,22,2887,77887.0,64245.8,0.23266363721248717,52285.4,103691.8
LLVM,random_search,6,20270430,23,21249,57241.2,57241.2,0.09640433875937618,52285.4,103691.8
LLVM,random_search,6,20270430,24,8968,60007.6,57241.2,0.09640433875937618,52285.4,103691.8
LLVM,random_search,6,20270430,25,13561,87461.8,57241.2,0.09640433875937618,52285.4,103691.8
LLVM,random_search,6,20270430,26,14943,87385.0,57241.2,0.09640433875937618,52285.4,103691.8
LLVM,random_search,6,20270430,27,10872,68952.4,57241.2,0.09640433875937618,52285.4,103691.8
LLVM,random_search,6,20270430,28,45288,82629.6,57241.2,0.09640433875937618,52285.4,103691.8
LLVM,random_search,6,20270430,29,63371,89094.2,57241.2,0.09640433875937618,52285.4,103691.8
LLVM,random_search,6,20270430,30,10503,68289.8,57241.2,0.09640433875937618,52285.4,103691.8
LLVM,random_search,6,20270430,31,9901,69991.8,57241.2,0.09640433875937618,52285.4,103691.8
LLVM,random_search,6,20270430,32,17913,69543.4,57241.2,0.09640433875937618,52285.4,103691.8
LLVM,random_search,6,20270430,33,39515,90803.0,57241.2,0.09640433875937618,52285.4,103691.8
LLVM,random_search,6,20270430,34,15204,86482.2,57241.2,0.09640433875937618,52285.4,103691.8
LLVM,random_search,6,20270430,35,8267,59836.6,57241.2,0.09640433875937618,52285.4,103691.8
LLVM,random_search,6,20270430,36,13277,89153.0,57241.2,0.09640433875937618,52285.4,103691.8
LLVM,random_search,6,20270430,37,7984,76760.4,57241.2,0.09640433875937618,52285.4,103691.8
LLVM,random_search,6,20270430,38,11095,76184.8,57241.2,0.09640433875937618,52285.4,103691.8
LLVM,random_search,6,20270430,39,46676,93834.4,57241.2,0.09640433875937618,52285.4,103691.8
LLVM,random_search,6,20270430,40,49934,63807.2,57241.2,0.09640433875937618,52285.4,103691.8
LLVM,random_search,6,20270430,41,61693,91892.2,57241.2,0.09640433875937618,52285.4,103691.8
LLVM,random_search,6,20270430,42,20846,70035.4,57241.2,0.09640433875937618,52285.4,103691.8
LLVM,random_search,6,20270430,43,17454,65267.0,57241.2,0.09640433875937618,52285.4,103691.8
LLVM,random_search,6,20270430,44,65155,87986.2,57241.2,0.09640433875937618,52285.4,103691.8
LLVM,random_search,6,20270430,45,33542,63920.2,57241.2,0.09640433875937618,52285.4,103691.8
LLVM,random_search,6,20270430,46,43412,75766.6,57241.2,0.09640433875937618,52285.4,103691.8
LLVM,random_search,6,20270430,47,35535,90796.4,57241.2,0.09640433875937618,52285.4,103691.8
LLVM,random_search,6,20270430,48,43407,76617.4,57241.2,0.09640433875937618,52285.4,103691.8
LLVM,random_search,6,20270430,49,27814,68526.8,57241.2,0.09640433875937618,52285.4,103691.8
LLVM,random_search,6,20270430,50,46593,80835.6,57241.2,0.09640433875937618,52285.4,103691.8
LLVM,rf_smbo,6,20270430,1,34660,70208.8,70208.8,0.3486608671293847,52285.4,103691.8
LLVM,rf_smbo,6,20270430,2,35851,77299.8,70208.8,0.3486608671293847,52285.4,103691.8
LLVM,rf_smbo,6,20270430,3,61386,83444.6,70208.8,0.3486608671293847,52285.4,103691.8
LLVM,rf_smbo,6,20270430,4,12698,81250.0,70208.8,0.3486608671293847,52285.4,103691.8
LLVM,rf_smbo,6,20270430,5,40262,84533.8,70208.8,0.3486608671293847,52285.4,103691.8
LLVM,rf_smbo,6,20270430,6,54953,83538.4,70208.8,0.3486608671293847,52285.4,103691.8
LLVM,rf_smbo,6,20270430,7,26396,72760.0,70208.8,0.3486608671293847,52285.4,103691.8
LLVM,rf_smbo,6,20270430,8,18221,73289.6,70208.8,0.3486608671293847,52285.4,103691.8
LLVM,rf_smbo,6,20270430,9,18220,71862.0,70208.8,0.3486608671293847,52285.4,103691.8
LLVM,rf_smbo,6,20270430,10,18181,63885.0,63885.0,0.22564505586852995,52285.4,103691.8
LLVM,rf_smbo,6,20270430,11,17538,58180.8,58180.8,0.11468221855644437,52285.4,103691.8
LLVM,rf_smbo,6,20270430,12,17922,62492.0,58180.8,0.11468221855644437,52285.4,103691.8
LLVM,rf_smbo,6,20270430,13,1164,58626.2,58180.8,0.11468221855644437,52285.4,103691.8
LLVM,rf_smbo,6,20270430,14,1203,60293.6,58180.8,0.11468221855644437,52285.4,103691.8
LLVM,rf_smbo,6,20270430,15,17550,59303.4,58180.8,0.11468221855644437,52285.4,103691.8
LLVM,rf_smbo,6,20270430,16,7244,66452.6,58180.8,0.11468221855644437,52285.4,103691.8
LLVM,rf_smbo,6,20270430,17,50318,62478.6,58180.8,0.11468221855644437,52285.4,103691.8
LLVM,rf_smbo,6,20270430,18,42190,68377.2,58180.8,0.11468221855644437,52285.4,103691.8
LLVM,rf_smbo,6,20270430,19,11699,68384.0,58180.8,0.11468221855644437,52285.4,103691.8
LLVM,rf_smbo,6,20270430,20,18434,71040.4,58180.8,0.11468221855644437,52285.4,103691.8
LLVM,rf_smbo,6,20270430,21,1212,61822.6,58180.8,0.11468221855644437,52285.4,103691.8
LLVM,rf_smbo,6,20270430,22,1202,60179.8,58180.8,0.11468221855644437,52285.4,103691.8
LLVM,rf_smbo,6,20270430,23,22658,58541.8,58180.8,0.11468221855644437,52285.4,103691.8
LLVM,rf_smbo,6,20270430,24,2816,68984.4,58180.8,0.11468221855644437,52285.4,103691.8
LLVM,rf_smbo,6,20270430,25,22668,59611.6,58180.8,0.11468221855644437,52285.4,103691.8
LLVM,rf_smbo,6,20270430,26,27532,66745.2,58180.8,0.11468221855644437,52285.4,103691.8
LLVM,rf_smbo,6,20270430,27,9548,60284.4,58180.8,0.11468221855644437,52285.4,103691.8
LLVM,rf_smbo,6,20270430,28,17730,59492.6,58180.8,0.11468221855644437,52285.4,103691.8
LLVM,rf_smbo,6,20270430,29,42124,61953.4,58180.8,0.11468221855644437,52285.4,103691.8
LLVM,rf_smbo,6,20270430,30,23730,62294.0,58180.8,0.11468221855644437,52285.4,103691.8
LLVM,rf_smbo,6,20270430,31,22669,60751.0,58180.8,0.11468221855644437,52285.4,103691.8
LLVM,rf_smbo,6,20270430,32,17740,60442.4,58180.8,0.11468221855644437,52285.4,103691.8
LLVM,rf_smbo,6,20270430,33,1868,64245.8,58180.8,0.11468221855644437,52285.4,103691.8
LLVM,rf_smbo,6,20270430,34,1154,57817.8,57817.8,0.10762084098478013,52285.4,103691.8
LLVM,rf_smbo,6,20270430,35,22663,60084.8,57817.8,0.10762084098478013,52285.4,103691.8
LLVM,rf_smbo,6,20270430,36,1155,57800.2,57800.2,0.10727847116312357,52285.4,103691.8
LLVM,rf_smbo,6,20270430,37,1159,59399.6,57800.2,0.10727847116312357,52285.4,103691.8
LLVM,rf_smbo,6,20270430,38,23746,65609.4,57800.2,0.10727847116312357,52285.4,103691.8
LLVM,rf_smbo,6,20270430,39,17539,58358.0,57800.2,0.10727847116312357,52285.4,103691.8
LLVM,rf_smbo,6,20270430,40,130,56412.8,56412.8,0.08028961374459213,52285.4,103691.8
LLVM,rf_smbo,6,20270430,41,8323,56877.2,56412.8,0.08028961374459213,52285.4,103691.8
LLVM,rf_smbo,6,20270430,42,49283,60145.8,56412.8,0.08028961374459213,52285.4,103691.8
LLVM,rf_smbo,6,20270430,43,32899,60558.0,56412.8,0.08028961374459213,52285.4,103691.8
LLVM,rf_smbo,6,20270430,44,135,57948.6,56412.8,0.08028961374459213,52285.4,103691.8
LLVM,rf_smbo,6,20270430,45,1189,60575.4,56412.8,0.08028961374459213,52285.4,103691.8
LLVM,rf_smbo,6,20270430,46,16514,57014.4,56412.8,0.08028961374459213,52285.4,103691.8
LLVM,rf_smbo,6,20270430,47,8322,56938.6,56412.8,0.08028961374459213,52285.4,103691.8
LLVM,rf_smbo,6,20270430,48,16517,58410.8,56412.8,0.08028961374459213,52285.4,103691.8
LLVM,rf_smbo,6,20270430,49,8352,55707.4,55707.4,0.0665675869152479,52285.4,103691.8
LLVM,rf_smbo,6,20270430,50,20643,58504.4,55707.4,0.0665675869152479,52285.4,103691.8
LLVM,random_search,7,20270431,1,11111,73169.2,73169.2,0.40624902735846113,52285.4,103691.8
LLVM,random_search,7,20270431,2,38079,88478.6,73169.2,0.40624902735846113,52285.4,103691.8
LLVM,random_search,7,20270431,3,2216,72212.6,72212.6,0.3876404494382023,52285.4,103691.8
LLVM,random_search,7,20270431,4,50764,68288.8,68288.8,0.31131143203959044,52285.4,103691.8
LLVM,random_search,7,20270431,5,10790,69743.0,68288.8,0.31131143203959044,52285.4,103691.8
LLVM,random_search,7,20270431,6,26915,73501.6,68288.8,0.31131143203959044,52285.4,103691.8
LLVM,random_search,7,20270431,7,37425,74026.8,68288.8,0.31131143203959044,52285.4,103691.8
LLVM,random_search,7,20270431,8,10654,73030.6,68288.8,0.31131143203959044,52285.4,103691.8
LLVM,random_search,7,20270431,9,17356,67806.4,67806.4,0.30192738647327944,52285.4,103691.8
LLVM,random_search,7,20270431,10,8100,86265.0,67806.4,0.30192738647327944,52285.4,103691.8
LLVM,random_search,7,20270431,11,28690,79944.0,67806.4,0.30192738647327944,52285.4,103691.8
LLVM,random_search,7,20270431,12,17803,61142.4,61142.4,0.17229372218245198,52285.4,103691.8
LLVM,random_search,7,20270431,13,27235,67059.4,61142.4,0.17229372218245198,52285.4,103691.8
LLVM,random_search,7,20270431,14,12018,80345.4,61142.4,0.17229372218245198,52285.4,103691.8
LLVM,random_search,7,20270431,15,14851,76559.0,61142.4,0.17229372218245198,52285.4,103691.8
LLVM,random_search,7,20270431,16,39389,83377.0,61142.4,0.17229372218245198,52285.4,103691.8
LLVM,random_search,7,20270431,17,60484,68290.0,61142.4,0.17229372218245198,52285.4,103691.8
LLVM,random_search,7,20270431,18,58814,73790.0,61142.4,0.17229372218245198,52285.4,103691.8
LLVM,random_search,7,20270431,19,29470,84098.6,61142.4,0.17229372218245198,52285.4,103691.8
LLVM,random_search,7,20270431,20,53930,72089.4,61142.4,0.17229372218245198,52285.4,103691.8
LLVM,random_search,7,20270431,21,11162,70467.8,61142.4,0.17229372218245198,52285.4,103691.8
LLVM,random_search,7,20270431,22,41590,72604.2,61142.4,0.17229372218245198,52285.4,103691.8
LLVM,random_search,7,20270431,23,40190,81225.2,61142.4,0.17229372218245198,52285.4,103691.8
LLVM,random_search,7,20270431,24,33968,62032.0,61142.4,0.17229372218245198,52285.4,103691.8
LLVM,random_search,7,20270431,25,2688,72342.2,61142.4,0.17229372218245198,52285.4,103691.8
LLVM,random_search,7,20270431,26,43249,76580.8,61142.4,0.17229372218245198,52285.4,103691.8
LLVM,random_search,7,20270431,27,59229,82130.0,61142.4,0.17229372218245198,52285.4,103691.8
LLVM,random_search,7,20270431,28,61274,81057.6,61142.4,0.17229372218245198,52285.4,103691.8
LLVM,random_search,7,20270431,29,2566,71485.6,61142.4,0.17229372218245198,52285.4,103691.8
LLVM,random_search,7,20270431,30,29644,88606.0,61142.4,0.17229372218245198,52285.4,103691.8
LLVM,random_search,7,20270431,31,38704,91397.8,61142.4,0.17229372218245198,52285.4,103691.8
LLVM,random_search,7,20270431,32,52152,83319.6,61142.4,0.17229372218245198,52285.4,103691.8
LLVM,random_search,7,20270431,33,22412,78006.6,61142.4,0.17229372218245198,52285.4,103691.8
LLVM,random_search,7,20270431,34,62117,89591.8,61142.4,0.17229372218245198,52285.4,103691.8
LLVM,random_search,7,20270431,35,36808,90452.2,61142.4,0.17229372218245198,52285.4,103691.8
LLVM,random_search,7,20270431,36,40347,88346.2,61142.4,0.17229372218245198,52285.4,103691.8
LLVM,random_search,7,20270431,37,51958,92533.0,61142.4,0.17229372218245198,52285.4,103691.8
LLVM,random_search,7,20270431,38,46746,92367.6,61142.4,0.17229372218245198,52285.4,103691.8
LLVM,random_search,7,20270431,39,58727,73176.0,61142.4,0.17229372218245198,52285.4,103691.8
LLVM,random_search,7,20270431,40,59032,76158.0,61142.4,0.17229372218245198,52285.4,103691.8
LLVM,random_search,7,20270431,41,13135,80674.0,61142.4,0.17229372218245198,52285.4,103691.8
LLVM,random_search,7,20270431,42,57090,66574.8,61142.4,0.17229372218245198,52285.4,103691.8
LLVM,random_search,7,20270431,43,23452,77809.8,61142.4,0.17229372218245198,52285.4,103691.8
LLVM,random_search,7,20270431,44,43766,84500.4,61142.4,0.17229372218245198,52285.4,103691.8
LLVM,random_search,7,20270431,45,1127,62090.2,61142.4,0.17229372218245198,52285.4,103691.8
LLVM,random_search,7,20270431,46,41281,61578.2,61142.4,0.17229372218245198,52285.4,103691.8
LLVM,random_search,7,20270431,47,54695,80308.4,61142.4,0.17229372218245198,52285.4,103691.8
LLVM,random_search,7,20270431,48,57007,88284.4,61142.4,0.17229372218245198,52285.4,103691.8
LLVM,random_search,7,20270431,49,23303,74388.4,61142.4,0.17229372218245198,52285.4,103691.8
LLVM,random_search,7,20270431,50,53279,65444.0,61142.4,0.17229372218245198,52285.4,103691.8
LLVM,rf_smbo,7,20270431,1,15319,92326.8,92326.8,0.7789185782315042,52285.4,103691.8
LLVM,rf_smbo,7,20270431,2,37793,72999.6,72999.6,0.4029498272588628,52285.4,103691.8
LLVM,rf_smbo,7,20270431,3,28673,74031.0,72999.6,0.4029498272588628,52285.4,103691.8
LLVM,rf_smbo,7,20270431,4,38022,81659.2,72999.6,0.4029498272588628,52285.4,103691.8
LLVM,rf_smbo,7,20270431,5,49796,67055.2,67055.2,0.2873144199943975,52285.4,103691.8
LLVM,rf_smbo,7,20270431,6,34745,71900.2,67055.2,0.2873144199943975,52285.4,103691.8
LLVM,rf_smbo,7,20270431,7,34534,78244.4,67055.2,0.2873144199943975,52285.4,103691.8
LLVM,rf_smbo,7,20270431,8,53931,73523.8,67055.2,0.2873144199943975,52285.4,103691.8
LLVM,rf_smbo,7,20270431,9,60380,81592.8,67055.2,0.2873144199943975,52285.4,103691.8
LLVM,rf_smbo,7,20270431,10,8836,64404.6,64404.6,0.2357527467397055,52285.4,103691.8
LLVM,rf_smbo,7,20270431,11,49669,60252.0,60252.0,0.15497292165955986,52285.4,103691.8
LLVM,rf_smbo,7,20270431,12,8717,59545.0,59545.0,0.14121977030097416,52285.4,103691.8
LLVM,rf_smbo,7,20270431,13,21781,74944.6,59545.0,0.14121977030097416,52285.4,103691.8
LLVM,rf_smbo,7,20270431,14,49677,61784.2,59545.0,0.14121977030097416,52285.4,103691.8
LLVM,rf_smbo,7,20270431,15,49925,62920.4,59545.0,0.14121977030097416,52285.4,103691.8
LLVM,rf_smbo,7,20270431,16,34053,60788.4,59545.0,0.14121977030097416,52285.4,103691.8
LLVM,rf_smbo,7,20270431,17,50501,62876.6,59545.0,0.14121977030097416,52285.4,103691.8
LLVM,rf_smbo,7,20270431,18,50572,62668.6,59545.0,0.14121977030097416,52285.4,103691.8
LLVM,rf_smbo,7,20270431,19,36109,75969.8,59545.0,0.14121977030097416,52285.4,103691.8
LLVM,rf_smbo,7,20270431,20,50236,67590.2,59545.0,0.14121977030097416,52285.4,103691.8
LLVM,rf_smbo,7,20270431,21,49698,65075.0,59545.0,0.14121977030097416,52285.4,103691.8
LLVM,rf_smbo,7,20270431,22,20997,58547.6,58547.6,0.12181751688505706,52285.4,103691.8
LLVM,rf_smbo,7,20270431,23,8732,60657.4,58547.6,0.12181751688505706,52285.4,103691.8
LLVM,rf_smbo,7,20270431,24,8194,56785.4,56785.4,0.0875377384917053,52285.4,103691.8
LLVM,rf_smbo,7,20270431,25,9218,56887.0,56785.4,0.0875377384917053,52285.4,103691.8
LLVM,rf_smbo,7,20270431,26,11138,65918.8,56785.4,0.0875377384917053,52285.4,103691.8
LLVM,rf_smbo,7,20270431,27,18,59311.8,56785.4,0.0875377384917053,52285.4,103691.8
LLVM,rf_smbo,7,20270431,28,8210,59205.6,56785.4,0.0875377384917053,52285.4,103691.8
LLVM,rf_smbo,7,20270431,29,8258,58436.4,56785.4,0.0875377384917053,52285.4,103691.8
LLVM,rf_smbo,7,20270431,30,16402,59307.6,56785.4,0.0875377384917053,52285.4,103691.8
LLVM,rf_smbo,7,20270431,31,1026,56536.8,56536.8,0.08270176476080802,52285.4,103691.8
LLVM,rf_smbo,7,20270431,32,16384,53936.2,53936.2,0.03211273304491261,52285.4,103691.8
LLVM,rf_smbo,7,20270431,33,16512,53756.2,53756.2,0.028611223505244397,52285.4,103691.8
LLVM,rf_smbo,7,20270431,34,17412,57638.4,53756.2,0.028611223505244397,52285.4,103691.8
LLVM,rf_smbo,7,20270431,35,25689,71586.2,53756.2,0.028611223505244397,52285.4,103691.8
LLVM,rf_smbo,7,20270431,36,128,53380.6,53380.6,0.021304740265803424,52285.4,103691.8
LLVM,rf_smbo,7,20270431,37,136,56919.4,53380.6,0.021304740265803424,52285.4,103691.8
LLVM,rf_smbo,7,20270431,38,17576,59630.2,53380.6,0.021304740265803424,52285.4,103691.8
LLVM,rf_smbo,7,20270431,39,164,58753.2,53380.6,0.021304740265803424,52285.4,103691.8
LLVM,rf_smbo,7,20270431,40,19233,75472.8,53380.6,0.021304740265803424,52285.4,103691.8
LLVM,rf_smbo,7,20270431,41,17536,55519.0,53380.6,0.021304740265803424,52285.4,103691.8
LLVM,rf_smbo,7,20270431,42,16516,57791.6,53380.6,0.021304740265803424,52285.4,103691.8
LLVM,rf_smbo,7,20270431,43,24584,63746.8,53380.6,0.021304740265803424,52285.4,103691.8
LLVM,rf_smbo,7,20270431,44,4224,59463.6,53380.6,0.021304740265803424,52285.4,103691.8
LLVM,rf_smbo,7,20270431,45,19232,75678.2,53380.6,0.021304740265803424,52285.4,103691.8
LLVM,rf_smbo,7,20270431,46,17544,58628.2,53380.6,0.021304740265803424,52285.4,103691.8
LLVM,rf_smbo,7,20270431,47,22866,69031.8,53380.6,0.021304740265803424,52285.4,103691.8
LLVM,rf_smbo,7,20270431,48,8192,53887.2,53380.6,0.021304740265803424,52285.4,103691.8
LLVM,rf_smbo,7,20270431,49,8320,53879.2,53380.6,0.021304740265803424,52285.4,103691.8
LLVM,rf_smbo,7,20270431,50,16392,57250.2,53380.6,0.021304740265803424,52285.4,103691.8
LLVM,random_search,8,20270432,1,8259,58419.0,58419.0,0.1193158828472719,52285.4,103691.8
LLVM,random_search,8,20270432,2,21593,79681.4,58419.0,0.1193158828472719,52285.4,103691.8
LLVM,random_search,8,20270432,3,15329,85685.8,58419.0,0.1193158828472719,52285.4,103691.8
LLVM,random_search,8,20270432,4,23241,83582.8,58419.0,0.1193158828472719,52285.4,103691.8
LLVM,random_search,8,20270432,5,34385,71336.2,58419.0,0.1193158828472719,52285.4,103691.8
LLVM,random_search,8,20270432,6,48512,79830.2,58419.0,0.1193158828472719,52285.4,103691.8
LLVM,random_search,8,20270432,7,56223,82994.0,58419.0,0.1193158828472719,52285.4,103691.8
LLVM,random_search,8,20270432,8,30320,86800.2,58419.0,0.1193158828472719,52285.4,103691.8
LLVM,random_search,8,20270432,9,5520,79077.6,58419.0,0.1193158828472719,52285.4,103691.8
LLVM,random_search,8,20270432,10,61591,84180.2,58419.0,0.1193158828472719,52285.4,103691.8
LLVM,random_search,8,20270432,11,60824,71377.6,58419.0,0.1193158828472719,52285.4,103691.8
LLVM,random_search,8,20270432,12,47099,102825.4,58419.0,0.1193158828472719,52285.4,103691.8
LLVM,random_search,8,20270432,13,20921,64404.8,58419.0,0.1193158828472719,52285.4,103691.8
LLVM,random_search,8,20270432,14,48394,82163.2,58419.0,0.1193158828472719,52285.4,103691.8
LLVM,random_search,8,20270432,15,29998,86047.8,58419.0,0.1193158828472719,52285.4,103691.8
LLVM,random_search,8,20270432,16,44856,81157.0,58419.0,0.1193158828472719,52285.4,103691.8
LLVM,random_search,8,20270432,17,21476,70121.0,58419.0,0.1193158828472719,52285.4,103691.8
LLVM,random_search,8,20270432,18,22096,79908.6,58419.0,0.1193158828472719,52285.4,103691.8
LLVM,random_search,8,20270432,19,7473,83454.6,58419.0,0.1193158828472719,52285.4,103691.8
LLVM,random_search,8,20270432,20,4829,80867.4,58419.0,0.1193158828472719,52285.4,103691.8
LLVM,random_search,8,20270432,21,24286,88259.2,58419.0,0.1193158828472719,52285.4,103691.8
LLVM,random_search,8,20270432,22,58643,69314.0,58419.0,0.1193158828472719,52285.4,103691.8
LLVM,random_search,8,20270432,23,11729,70316.0,58419.0,0.1193158828472719,52285.4,103691.8
LLVM,random_search,8,20270432,24,24809,70774.2,58419.0,0.1193158828472719,52285.4,103691.8
LLVM,random_search,8,20270432,25,32563,92191.6,58419.0,0.1193158828472719,52285.4,103691.8
LLVM,random_search,8,20270432,26,23602,64532.0,58419.0,0.1193158828472719,52285.4,103691.8
LLVM,random_search,8,20270432,27,27637,81154.0,58419.0,0.1193158828472719,52285.4,103691.8
LLVM,random_search,8,20270432,28,45578,75091.8,58419.0,0.1193158828472719,52285.4,103691.8
LLVM,random_search,8,20270432,29,7647,89661.8,58419.0,0.1193158828472719,52285.4,103691.8
LLVM,random_search,8,20270432,30,27016,69773.6,58419.0,0.1193158828472719,52285.4,103691.8
LLVM,random_search,8,20270432,31,20807,62193.4,58419.0,0.1193158828472719,52285.4,103691.8
LLVM,random_search,8,20270432,32,32460,90568.8,58419.0,0.1193158828472719,52285.4,103691.8
LLVM,random_search,8,20270432,33,29599,86508.2,58419.0,0.1193158828472719,52285.4,103691.8
LLVM,random_search,8,20270432,34,45088,77934.2,58419.0,0.1193158828472719,52285.4,103691.8
LLVM,random_search,8,20270432,35,29044,91391.2,58419.0,0.1193158828472719,52285.4,103691.8
LLVM,random_search,8,20270432,36,7238,66110.6,58419.0,0.1193158828472719,52285.4,103691.8
LLVM,random_search,8,20270432,37,64696,85599.4,58419.0,0.1193158828472719,52285.4,103691.8
LLVM,random_search,8,20270432,38,46255,87211.4,58419.0,0.1193158828472719,52285.4,103691.8
LLVM,random_search,8,20270432,39,18061,66302.0,58419.0,0.1193158828472719,52285.4,103691.8
LLVM,random_search,8,20270432,40,46917,87700.0,58419.0,0.1193158828472719,52285.4,103691.8
LLVM,random_search,8,20270432,41,12669,86853.2,58419.0,0.1193158828472719,52285.4,103691.8
LLVM,random_search,8,20270432,42,17918,70571.2,58419.0,0.1193158828472719,52285.4,103691.8
LLVM,random_search,8,20270432,43,28260,75927.4,58419.0,0.1193158828472719,52285.4,103691.8
LLVM,random_search,8,20270432,44,28166,71059.8,58419.0,0.1193158828472719,52285.4,103691.8
LLVM,random_search,8,20270432,45,37589,82856.6,58419.0,0.1193158828472719,52285.4,103691.8
LLVM,random_search,8,20270432,46,16321,83197.0,58419.0,0.1193158828472719,52285.4,103691.8
LLVM,random_search,8,20270432,47,28526,79445.8,58419.0,0.1193158828472719,52285.4,103691.8
LLVM,random_search,8,20270432,48,23478,82608.2,58419.0,0.1193158828472719,52285.4,103691.8
LLVM,random_search,8,20270432,49,17066,69235.2,58419.0,0.1193158828472719,52285.4,103691.8
LLVM,random_search,8,20270432,50,27400,65373.8,58419.0,0.1193158828472719,52285.4,103691.8
LLVM,rf_smbo,8,20270432,1,33633,67842.2,67842.2,0.30262379781505794,52285.4,103691.8
LLVM,rf_smbo,8,20270432,2,21224,71853.2,67842.2,0.30262379781505794,52285.4,103691.8
LLVM,rf_smbo,8,20270432,3,48959,94078.2,67842.2,0.30262379781505794,52285.4,103691.8
LLVM,rf_smbo,8,20270432,4,10747,80468.2,67842.2,0.30262379781505794,52285.4,103691.8
LLVM,rf_smbo,8,20270432,5,34750,72891.0,67842.2,0.30262379781505794,52285.4,103691.8
LLVM,rf_smbo,8,20270432,6,58942,82383.0,67842.2,0.30262379781505794,52285.4,103691.8
LLVM,rf_smbo,8,20270432,7,609,59040.2,59040.2,0.13139998132528236,52285.4,103691.8
LLVM,rf_smbo,8,20270432,8,20067,82913.2,59040.2,0.13139998132528236,52285.4,103691.8
LLVM,rf_smbo,8,20270432,9,641,59596.0,59040.2,0.13139998132528236,52285.4,103691.8
LLVM,rf_smbo,8,20270432,10,19483,75962.0,59040.2,0.13139998132528236,52285.4,103691.8
LLVM,rf_smbo,8,20270432,11,33424,67704.2,59040.2,0.13139998132528236,52285.4,103691.8
LLVM,rf_smbo,8,20270432,12,1681,63075.4,59040.2,0.13139998132528236,52285.4,103691.8
LLVM,rf_smbo,8,20270432,13,1,52324.8,52324.8,0.0007664415325718481,52285.4,103691.8
LLVM,rf_smbo,8,20270432,14,46275,87170.0,52324.8,0.0007664415325718481,52285.4,103691.8
LLVM,rf_smbo,8,20270432,15,8961,56961.4,52324.8,0.0007664415325718481,52285.4,103691.8
LLVM,rf_smbo,8,20270432,16,9472,56610.0,52324.8,0.0007664415325718481,52285.4,103691.8
LLVM,rf_smbo,8,20270432,17,50304,58714.6,52324.8,0.0007664415325718481,52285.4,103691.8
LLVM,rf_smbo,8,20270432,18,4225,59413.8,52324.8,0.0007664415325718481,52285.4,103691.8
LLVM,rf_smbo,8,20270432,19,59392,63295.2,52324.8,0.0007664415325718481,52285.4,103691.8
LLVM,rf_smbo,8,20270432,20,8353,55535.6,52324.8,0.0007664415325718481,52285.4,103691.8
LLVM,rf_smbo,8,20270432,21,22593,56021.6,52324.8,0.0007664415325718481,52285.4,103691.8
LLVM,rf_smbo,8,20270432,22,20545,56026.8,52324.8,0.0007664415325718481,52285.4,103691.8
LLVM,rf_smbo,8,20270432,23,20550,59651.4,52324.8,0.0007664415325718481,52285.4,103691.8
LLVM,rf_smbo,8,20270432,24,20486,58020.6,52324.8,0.0007664415325718481,52285.4,103691.8
LLVM,rf_smbo,8,20270432,25,8193,53919.8,52324.8,0.0007664415325718481,52285.4,103691.8
LLVM,rf_smbo,8,20270432,26,23299,72743.6,52324.8,0.0007664415325718481,52285.4,103691.8
LLVM,rf_smbo,8,20270432,27,0,52285.4,52285.4,0.0,52285.4,103691.8
LLVM,rf_smbo,8,20270432,28,65,55246.6,52285.4,0.0,52285.4,103691.8
LLVM,rf_smbo,8,20270432,29,2609,77298.4,52285.4,0.0,52285.4,103691.8
LLVM,rf_smbo,8,20270432,30,64,55426.0,52285.4,0.0,52285.4,103691.8
LLVM,rf_smbo,8,20270432,31,9217,55418.8,52285.4,0.0,52285.4,103691.8
LLVM,rf_smbo,8,20270432,32,20480,54182.0,52285.4,0.0,52285.4,103691.8
LLVM,rf_smbo,8,20270432,33,6144,61001.2,52285.4,0.0,52285.4,103691.8
LLVM,rf_smbo,8,20270432,34,8192,53887.2,52285.4,0.0,52285.4,103691.8
LLVM,rf_smbo,8,20270432,35,16513,53862.8,52285.4,0.0,52285.4,103691.8
LLVM,rf_smbo,8,20270432,36,16448,55226.8,52285.4,0.0,52285.4,103691.8
LLVM,rf_smbo,8,20270432,37,1152,54937.4,52285.4,0.0,52285.4,103691.8
LLVM,rf_smbo,8,20270432,38,40961,56966.8,52285.4,0.0,52285.4,103691.8
LLVM,rf_smbo,8,20270432,39,4,57087.8,52285.4,0.0,52285.4,103691.8
LLVM,rf_smbo,8,20270432,40,129,53429.4,52285.4,0.0,52285.4,103691.8
LLVM,rf_smbo,8,20270432,41,1024,55081.4,52285.4,0.0,52285.4,103691.8
LLVM,rf_smbo,8,20270432,42,16392,57250.2,52285.4,0.0,52285.4,103691.8
LLVM,rf_smbo,8,20270432,43,177,58497.2,52285.4,0.0,52285.4,103691.8
LLVM,rf_smbo,8,20270432,44,17537,55536.8,52285.4,0.0,52285.4,103691.8
LLVM,rf_smbo,8,20270432,45,16393,57396.4,52285.4,0.0,52285.4,103691.8
LLVM,rf_smbo,8,20270432,46,16512,53756.2,52285.4,0.0,52285.4,103691.8
LLVM,rf_smbo,8,20270432,47,136,56919.4,52285.4,0.0,52285.4,103691.8
LLVM,rf_smbo,8,20270432,48,21248,57269.6,52285.4,0.0,52285.4,103691.8
LLVM,rf_smbo,8,20270432,49,128,53380.6,52285.4,0.0,52285.4,103691.8
LLVM,rf_smbo,8,20270432,50,8256,55568.4,52285.4,0.0,52285.4,103691.8
LLVM,random_search,9,20270433,1,15586,82019.8,82019.8,0.5784182514239472,52285.4,103691.8
LLVM,random_search,9,20270433,2,58712,74704.0,74704.0,0.43610523203336543,52285.4,103691.8
LLVM,random_search,9,20270433,3,24286,88259.2,74704.0,0.43610523203336543,52285.4,103691.8
LLVM,random_search,9,20270433,4,47681,79617.0,74704.0,0.43610523203336543,52285.4,103691.8
LLVM,random_search,9,20270433,5,26105,76088.6,74704.0,0.43610523203336543,52285.4,103691.8
LLVM,random_search,9,20270433,6,27055,73724.4,73724.4,0.4170492390052599,52285.4,103691.8
LLVM,random_search,9,20270433,7,4638,67199.6,67199.6,0.2901234087584426,52285.4,103691.8
LLVM,random_search,9,20270433,8,20826,69336.0,67199.6,0.2901234087584426,52285.4,103691.8
LLVM,random_search,9,20270433,9,12460,75238.4,67199.6,0.2901234087584426,52285.4,103691.8
LLVM,random_search,9,20270433,10,14609,76423.2,67199.6,0.2901234087584426,52285.4,103691.8
LLVM,random_search,9,20270433,11,24279,87830.2,67199.6,0.2901234087584426,52285.4,103691.8
LLVM,random_search,9,20270433,12,3277,82089.2,67199.6,0.2901234087584426,52285.4,103691.8
LLVM,random_search,9,20270433,13,61382,83591.0,67199.6,0.2901234087584426,52285.4,103691.8
LLVM,random_search,9,20270433,14,58356,84616.4,67199.6,0.2901234087584426,52285.4,103691.8
LLVM,random_search,9,20270433,15,43597,70119.4,67199.6,0.2901234087584426,52285.4,103691.8
LLVM,random_search,9,20270433,16,52306,81683.4,67199.6,0.2901234087584426,52285.4,103691.8
LLVM,random_search,9,20270433,17,7532,87598.0,67199.6,0.2901234087584426,52285.4,103691.8
LLVM,random_search,9,20270433,18,23115,75023.2,67199.6,0.2901234087584426,52285.4,103691.8
LLVM,random_search,9,20270433,19,54060,69853.6,67199.6,0.2901234087584426,52285.4,103691.8
LLVM,random_search,9,20270433,20,28108,73286.4,67199.6,0.2901234087584426,52285.4,103691.8
LLVM,random_search,9,20270433,21,28395,82548.8,67199.6,0.2901234087584426,52285.4,103691.8
LLVM,random_search,9,20270433,22,53780,62387.4,62387.4,0.19651249649849045,52285.4,103691.8
LLVM,random_search,9,20270433,23,27773,77541.6,62387.4,0.19651249649849045,52285.4,103691.8
LLVM,random_search,9,20270433,24,32670,90880.6,62387.4,0.19651249649849045,52285.4,103691.8
LLVM,random_search,9,20270433,25,34746,72412.8,62387.4,0.19651249649849045,52285.4,103691.8
LLVM,random_search,9,20270433,26,22535,58637.6,58637.6,0.12356827165489116,52285.4,103691.8
LLVM,random_search,9,20270433,27,9300,64879.0,58637.6,0.12356827165489116,52285.4,103691.8
LLVM,random_search,9,20270433,28,64179,90117.6,58637.6,0.12356827165489116,52285.4,103691.8
LLVM,random_search,9,20270433,29,36955,76697.0,58637.6,0.12356827165489116,52285.4,103691.8
LLVM,random_search,9,20270433,30,6913,75021.8,58637.6,0.12356827165489116,52285.4,103691.8
LLVM,random_search,9,20270433,31,24397,81004.4,58637.6,0.12356827165489116,52285.4,103691.8
LLVM,random_search,9,20270433,32,63481,98749.0,58637.6,0.12356827165489116,52285.4,103691.8
LLVM,random_search,9,20270433,33,57421,69764.8,58637.6,0.12356827165489116,52285.4,103691.8
LLVM,random_search,9,20270433,34,17573,61062.0,58637.6,0.12356827165489116,52285.4,103691.8
LLVM,random_search,9,20270433,35,22204,83207.4,58637.6,0.12356827165489116,52285.4,103691.8
LLVM,random_search,9,20270433,36,41536,60711.0,58637.6,0.12356827165489116,52285.4,103691.8
LLVM,random_search,9,20270433,37,52669,82750.4,58637.6,0.12356827165489116,52285.4,103691.8
LLVM,random_search,9,20270433,38,26693,66417.8,58637.6,0.12356827165489116,52285.4,103691.8
LLVM,random_search,9,20270433,39,50098,69592.4,58637.6,0.12356827165489116,52285.4,103691.8
LLVM,random_search,9,20270433,40,4090,90458.6,58637.6,0.12356827165489116,52285.4,103691.8
LLVM,random_search,9,20270433,41,24490,83985.8,58637.6,0.12356827165489116,52285.4,103691.8
LLVM,random_search,9,20270433,42,64426,91128.6,58637.6,0.12356827165489116,52285.4,103691.8
LLVM,random_search,9,20270433,43,63252,86718.0,58637.6,0.12356827165489116,52285.4,103691.8
LLVM,random_search,9,20270433,44,6157,65106.2,58637.6,0.12356827165489116,52285.4,103691.8
LLVM,random_search,9,20270433,45,18567,72610.2,58637.6,0.12356827165489116,52285.4,103691.8
LLVM,random_search,9,20270433,46,39874,88541.6,58637.6,0.12356827165489116,52285.4,103691.8
LLVM,random_search,9,20270433,47,63542,90055.6,58637.6,0.12356827165489116,52285.4,103691.8
LLVM,random_search,9,20270433,48,46199,92985.0,58637.6,0.12356827165489116,52285.4,103691.8
LLVM,random_search,9,20270433,49,40955,102413.6,58637.6,0.12356827165489116,52285.4,103691.8
LLVM,random_search,9,20270433,50,24795,72921.6,58637.6,0.12356827165489116,52285.4,103691.8
LLVM,rf_smbo,9,20270433,1,50271,70292.8,70292.8,0.35029490491456317,52285.4,103691.8
LLVM,rf_smbo,9,20270433,2,30044,87287.0,70292.8,0.35029490491456317,52285.4,103691.8
LLVM,rf_smbo,9,20270433,3,61322,76300.8,70292.8,0.35029490491456317,52285.4,103691.8
LLVM,rf_smbo,9,20270433,4,25666,64688.4,64688.4,0.24127346011391576,52285.4,103691.8
LLVM,rf_smbo,9,20270433,5,53623,75366.8,64688.4,0.24127346011391576,52285.4,103691.8
LLVM,rf_smbo,9,20270433,6,45828,77552.4,64688.4,0.24127346011391576,52285.4,103691.8
LLVM,rf_smbo,9,20270433,7,58487,78117.2,64688.4,0.24127346011391576,52285.4,103691.8
LLVM,rf_smbo,9,20270433,8,32002,77430.4,64688.4,0.24127346011391576,52285.4,103691.8
LLVM,rf_smbo,9,20270433,9,17474,58330.6,58330.6,0.11759625260667926,52285.4,103691.8
LLVM,rf_smbo,9,20270433,10,17986,64333.2,58330.6,0.11759625260667926,52285.4,103691.8
LLVM,rf_smbo,9,20270433,11,1091,58011.8,58011.8,0.11139469015531142,52285.4,103691.8
LLVM,rf_smbo,9,20270433,12,17476,59347.4,58011.8,0.11139469015531142,52285.4,103691.8
LLVM,rf_smbo,9,20270433,13,16812,65267.4,58011.8,0.11139469015531142,52285.4,103691.8
LLVM,rf_smbo,9,20270433,14,98,60329.8,58011.8,0.11139469015531142,52285.4,103691.8
LLVM,rf_smbo,9,20270433,15,2562,70291.2,58011.8,0.11139469015531142,52285.4,103691.8
LLVM,rf_smbo,9,20270433,16,31980,89933.0,58011.8,0.11139469015531142,52285.4,103691.8
LLVM,rf_smbo,9,20270433,17,1127,62090.2,58011.8,0.11139469015531142,52285.4,103691.8
LLVM,rf_smbo,9,20270433,18,17507,61117.6,58011.8,0.11139469015531142,52285.4,103691.8
LLVM,rf_smbo,9,20270433,19,1193,59276.6,58011.8,0.11139469015531142,52285.4,103691.8
LLVM,rf_smbo,9,20270433,20,18529,72738.4,58011.8,0.11139469015531142,52285.4,103691.8
LLVM,rf_smbo,9,20270433,21,17574,60695.0,58011.8,0.11139469015531142,52285.4,103691.8
LLVM,rf_smbo,9,20270433,22,1201,59740.0,58011.8,0.11139469015531142,52285.4,103691.8
LLVM,rf_smbo,9,20270433,23,1099,59690.6,58011.8,0.11139469015531142,52285.4,103691.8
LLVM,rf_smbo,9,20270433,24,1121,57982.6,57982.6,0.11082666749665405,52285.4,103691.8
LLVM,rf_smbo,9,20270433,25,6241,64436.2,57982.6,0.11082666749665405,52285.4,103691.8
LLVM,rf_smbo,9,20270433,26,1025,54845.4,54845.4,0.04979924678639235,52285.4,103691.8
LLVM,rf_smbo,9,20270433,27,1537,58399.2,54845.4,0.04979924678639235,52285.4,103691.8
LLVM,rf_smbo,9,20270433,28,1158,58631.8,54845.4,0.04979924678639235,52285.4,103691.8
LLVM,rf_smbo,9,20270433,29,1792,58524.8,54845.4,0.04979924678639235,52285.4,103691.8
LLVM,rf_smbo,9,20270433,30,34304,63204.8,54845.4,0.04979924678639235,52285.4,103691.8
LLVM,rf_smbo,9,20270433,31,1161,58267.0,54845.4,0.04979924678639235,52285.4,103691.8
LLVM,rf_smbo,9,20270433,32,1793,58418.0,54845.4,0.04979924678639235,52285.4,103691.8
LLVM,rf_smbo,9,20270433,33,41990,61758.4,54845.4,0.04979924678639235,52285.4,103691.8
LLVM,rf_smbo,9,20270433,34,1035,58417.2,54845.4,0.04979924678639235,52285.4,103691.8
LLVM,rf_smbo,9,20270433,35,33801,61182.2,54845.4,0.04979924678639235,52285.4,103691.8
LLVM,rf_smbo,9,20270433,36,1153,54945.0,54845.4,0.04979924678639235,52285.4,103691.8
LLVM,rf_smbo,9,20270433,37,1027,56544.0,54845.4,0.04979924678639235,52285.4,103691.8
LLVM,rf_smbo,9,20270433,38,1374,66100.0,54845.4,0.04979924678639235,52285.4,103691.8
LLVM,rf_smbo,9,20270433,39,0,52285.4,52285.4,0.0,52285.4,103691.8
LLVM,rf_smbo,9,20270433,40,8,56974.0,52285.4,0.0,52285.4,103691.8
LLVM,rf_smbo,9,20270433,41,32,59307.4,52285.4,0.0,52285.4,103691.8
LLVM,rf_smbo,9,20270433,42,20,59593.4,52285.4,0.0,52285.4,103691.8
LLVM,rf_smbo,9,20270433,43,1040,56619.2,52285.4,0.0,52285.4,103691.8
LLVM,rf_smbo,9,20270433,44,6,57127.4,52285.4,0.0,52285.4,103691.8
LLVM,rf_smbo,9,20270433,45,128,53380.6,52285.4,0.0,52285.4,103691.8
LLVM,rf_smbo,9,20270433,46,768,56424.8,52285.4,0.0,52285.4,103691.8
LLVM,rf_smbo,9,20270433,47,515,56916.0,52285.4,0.0,52285.4,103691.8
LLVM,rf_smbo,9,20270433,48,129,53429.4,52285.4,0.0,52285.4,103691.8
LLVM,rf_smbo,9,20270433,49,784,58899.4,52285.4,0.0,52285.4,103691.8
LLVM,rf_smbo,9,20270433,50,130,56412.8,52285.4,0.0,52285.4,103691.8
LLVM,random_search,10,20270434,1,31731,90046.4,90046.4,0.7345583429300631,52285.4,103691.8
LLVM,random_search,10,20270434,2,12368,75445.4,75445.4,0.4505275607706432,52285.4,103691.8
LLVM,random_search,10,20270434,3,43752,81688.6,75445.4,0.4505275607706432,52285.4,103691.8
LLVM,random_search,10,20270434,4,26726,67704.6,67704.6,0.29994708830028954,52285.4,103691.8
LLVM,random_search,10,20270434,5,64876,90299.2,67704.6,0.29994708830028954,52285.4,103691.8
LLVM,random_search,10,20270434,6,50521,69336.2,67704.6,0.29994708830028954,52285.4,103691.8
LLVM,random_search,10,20270434,7,49200,65489.4,65489.4,0.2568551775654393,52285.4,103691.8
LLVM,random_search,10,20270434,8,21023,62428.8,62428.8,0.19731784369261418,52285.4,103691.8
LLVM,random_search,10,20270434,9,44738,79591.4,62428.8,0.19731784369261418,52285.4,103691.8
LLVM,random_search,10,20270434,10,14511,78130.0,62428.8,0.19731784369261418,52285.4,103691.8
LLVM,random_search,10,20270434,11,9238,59869.0,59869.0,0.14752248747237695,52285.4,103691.8
LLVM,random_search,10,20270434,12,10561,62815.4,59869.0,0.14752248747237695,52285.4,103691.8
LLVM,random_search,10,20270434,13,56915,75925.6,59869.0,0.14752248747237695,52285.4,103691.8
LLVM,random_search,10,20270434,14,16376,91343.6,59869.0,0.14752248747237695,52285.4,103691.8
LLVM,random_search,10,20270434,15,18535,76924.0,59869.0,0.14752248747237695,52285.4,103691.8
LLVM,random_search,10,20270434,16,45454,82757.4,59869.0,0.14752248747237695,52285.4,103691.8
LLVM,random_search,10,20270434,17,29863,80486.6,59869.0,0.14752248747237695,52285.4,103691.8
LLVM,random_search,10,20270434,18,64836,82844.4,59869.0,0.14752248747237695,52285.4,103691.8
LLVM,random_search,10,20270434,19,16816,63161.6,59869.0,0.14752248747237695,52285.4,103691.8
LLVM,random_search,10,20270434,20,5105,75936.0,59869.0,0.14752248747237695,52285.4,103691.8
LLVM,random_search,10,20270434,21,9826,67162.4,59869.0,0.14752248747237695,52285.4,103691.8
LLVM,random_search,10,20270434,22,15038,87353.8,59869.0,0.14752248747237695,52285.4,103691.8
LLVM,random_search,10,20270434,23,60352,72750.4,59869.0,0.14752248747237695,52285.4,103691.8
LLVM,random_search,10,20270434,24,34212,63612.2,59869.0,0.14752248747237695,52285.4,103691.8
LLVM,random_search,10,20270434,25,54724,82744.2,59869.0,0.14752248747237695,52285.4,103691.8
LLVM,random_search,10,20270434,26,45955,79641.0,59869.0,0.14752248747237695,52285.4,103691.8
LLVM,random_search,10,20270434,27,59720,70252.6,59869.0,0.14752248747237695,52285.4,103691.8
LLVM,random_search,10,20270434,28,15712,79274.4,59869.0,0.14752248747237695,52285.4,103691.8
LLVM,random_search,10,20270434,29,13469,82021.4,59869.0,0.14752248747237695,52285.4,103691.8
LLVM,random_search,10,20270434,30,37119,80400.0,59869.0,0.14752248747237695,52285.4,103691.8
LLVM,random_search,10,20270434,31,14823,89609.2,59869.0,0.14752248747237695,52285.4,103691.8
LLVM,random_search,10,20270434,32,52100,76956.4,59869.0,0.14752248747237695,52285.4,103691.8
LLVM,random_search,10,20270434,33,57948,75503.2,59869.0,0.14752248747237695,52285.4,103691.8
LLVM,random_search,10,20270434,34,4307,70037.0,59869.0,0.14752248747237695,52285.4,103691.8
LLVM,random_search,10,20270434,35,38192,86769.4,59869.0,0.14752248747237695,52285.4,103691.8
LLVM,random_search,10,20270434,36,57664,67049.0,59869.0,0.14752248747237695,52285.4,103691.8
LLVM,random_search,10,20270434,37,62834,85785.4,59869.0,0.14752248747237695,52285.4,103691.8
LLVM,random_search,10,20270434,38,47434,82298.4,59869.0,0.14752248747237695,52285.4,103691.8
LLVM,random_search,10,20270434,39,17545,58482.4,58482.4,0.12054919231846618,52285.4,103691.8
LLVM,random_search,10,20270434,40,5914,85442.4,58482.4,0.12054919231846618,52285.4,103691.8
LLVM,random_search,10,20270434,41,50114,68770.8,58482.4,0.12054919231846618,52285.4,103691.8
LLVM,random_search,10,20270434,42,43518,86161.2,58482.4,0.12054919231846618,52285.4,103691.8
LLVM,random_search,10,20270434,43,33193,66613.4,58482.4,0.12054919231846618,52285.4,103691.8
LLVM,random_search,10,20270434,44,8774,60321.6,58482.4,0.12054919231846618,52285.4,103691.8
LLVM,random_search,10,20270434,45,9546,61200.6,58482.4,0.12054919231846618,52285.4,103691.8
LLVM,random_search,10,20270434,46,63652,83107.0,58482.4,0.12054919231846618,52285.4,103691.8
LLVM,random_search,10,20270434,47,25162,67590.0,58482.4,0.12054919231846618,52285.4,103691.8
LLVM,random_search,10,20270434,48,35201,77421.2,58482.4,0.12054919231846618,52285.4,103691.8
LLVM,random_search,10,20270434,49,38679,88322.2,58482.4,0.12054919231846618,52285.4,103691.8
LLVM,random_search,10,20270434,50,4964,73377.2,58482.4,0.12054919231846618,52285.4,103691.8
LLVM,rf_smbo,10,20270434,1,1357,61434.6,61434.6,0.17797783933518,52285.4,103691.8
LLVM,rf_smbo,10,20270434,2,32333,88552.4,61434.6,0.17797783933518,52285.4,103691.8
LLVM,rf_smbo,10,20270434,3,9815,72095.8,61434.6,0.17797783933518,52285.4,103691.8
LLVM,rf_smbo,10,20270434,4,37377,66556.6,61434.6,0.17797783933518,52285.4,103691.8
LLVM,rf_smbo,10,20270434,5,28343,76345.8,61434.6,0.17797783933518,52285.4,103691.8
LLVM,rf_smbo,10,20270434,6,18980,77779.0,61434.6,0.17797783933518,52285.4,103691.8
LLVM,rf_smbo,10,20270434,7,33302,63927.2,61434.6,0.17797783933518,52285.4,103691.8
LLVM,rf_smbo,10,20270434,8,33584,68476.2,61434.6,0.17797783933518,52285.4,103691.8
LLVM,rf_smbo,10,20270434,9,33293,61989.2,61434.6,0.17797783933518,52285.4,103691.8
LLVM,rf_smbo,10,20270434,10,33565,67036.4,61434.6,0.17797783933518,52285.4,103691.8
LLVM,rf_smbo,10,20270434,11,34077,64553.2,61434.6,0.17797783933518,52285.4,103691.8
LLVM,rf_smbo,10,20270434,12,48133,75710.2,61434.6,0.17797783933518,52285.4,103691.8
LLVM,rf_smbo,10,20270434,13,58637,68410.4,61434.6,0.17797783933518,52285.4,103691.8
LLVM,rf_smbo,10,20270434,14,34061,62040.4,61434.6,0.17797783933518,52285.4,103691.8
LLVM,rf_smbo,10,20270434,15,34381,70069.0,61434.6,0.17797783933518,52285.4,103691.8
LLVM,rf_smbo,10,20270434,16,34125,64595.4,61434.6,0.17797783933518,52285.4,103691.8
LLVM,rf_smbo,10,20270434,17,34119,64522.4,61434.6,0.17797783933518,52285.4,103691.8
LLVM,rf_smbo,10,20270434,18,36173,79269.0,61434.6,0.17797783933518,52285.4,103691.8
LLVM,rf_smbo,10,20270434,19,1291,58567.4,58567.4,0.12220268293442062,52285.4,103691.8
LLVM,rf_smbo,10,20270434,20,1295,59275.8,58567.4,0.12220268293442062,52285.4,103691.8
LLVM,rf_smbo,10,20270434,21,1031,57859.4,57859.4,0.10843007874505897,52285.4,103691.8
LLVM,rf_smbo,10,20270434,22,1342,65236.6,57859.4,0.10843007874505897,52285.4,103691.8
LLVM,rf_smbo,10,20270434,23,7,57750.4,57750.4,0.10630972019048211,52285.4,103691.8
LLVM,rf_smbo,10,20270434,24,4230,63484.0,57750.4,0.10630972019048211,52285.4,103691.8
LLVM,rf_smbo,10,20270434,25,4,57087.8,57087.8,0.09342027451834793,52285.4,103691.8
LLVM,rf_smbo,10,20270434,26,1029,57855.0,57087.8,0.09342027451834793,52285.4,103691.8
LLVM,rf_smbo,10,20270434,27,37,63472.0,57087.8,0.09342027451834793,52285.4,103691.8
LLVM,rf_smbo,10,20270434,28,1052,60419.2,57087.8,0.09342027451834793,52285.4,103691.8
LLVM,rf_smbo,10,20270434,29,4126,66728.0,57087.8,0.09342027451834793,52285.4,103691.8
LLVM,rf_smbo,10,20270434,30,1027,56544.0,56544.0,0.08284182514239469,52285.4,103691.8
LLVM,rf_smbo,10,20270434,31,2571,72545.2,56544.0,0.08284182514239469,52285.4,103691.8
LLVM,rf_smbo,10,20270434,32,71,59394.0,56544.0,0.08284182514239469,52285.4,103691.8
LLVM,rf_smbo,10,20270434,33,1026,56536.8,56536.8,0.08270176476080802,52285.4,103691.8
LLVM,rf_smbo,10,20270434,34,17411,56976.6,56536.8,0.08270176476080802,52285.4,103691.8
LLVM,rf_smbo,10,20270434,35,17410,56842.4,56536.8,0.08270176476080802,52285.4,103691.8
LLVM,rf_smbo,10,20270434,36,1025,54845.4,54845.4,0.04979924678639235,52285.4,103691.8
LLVM,rf_smbo,10,20270434,37,16770,62517.4,54845.4,0.04979924678639235,52285.4,103691.8
LLVM,rf_smbo,10,20270434,38,17923,62420.4,54845.4,0.04979924678639235,52285.4,103691.8
LLVM,rf_smbo,10,20270434,39,9313,58264.0,54845.4,0.04979924678639235,52285.4,103691.8
LLVM,rf_smbo,10,20270434,40,17408,55001.2,54845.4,0.04979924678639235,52285.4,103691.8
LLVM,rf_smbo,10,20270434,41,22528,55555.6,54845.4,0.04979924678639235,52285.4,103691.8
LLVM,rf_smbo,10,20270434,42,22593,56021.6,54845.4,0.04979924678639235,52285.4,103691.8
LLVM,rf_smbo,10,20270434,43,9216,55382.4,54845.4,0.04979924678639235,52285.4,103691.8
LLVM,rf_smbo,10,20270434,44,17664,56718.0,54845.4,0.04979924678639235,52285.4,103691.8
LLVM,rf_smbo,10,20270434,45,23568,57190.2,54845.4,0.04979924678639235,52285.4,103691.8
LLVM,rf_smbo,10,20270434,46,23712,58618.2,54845.4,0.04979924678639235,52285.4,103691.8
LLVM,rf_smbo,10,20270434,47,17425,56872.0,54845.4,0.04979924678639235,52285.4,103691.8
LLVM,rf_smbo,10,20270434,48,1152,54937.4,54845.4,0.04979924678639235,52285.4,103691.8
LLVM,rf_smbo,10,20270434,49,19714,71314.4,54845.4,0.04979924678639235,52285.4,103691.8
LLVM,rf_smbo,10,20270434,50,17440,60018.2,54845.4,0.04979924678639235,52285.4,103691.8
LLVM,random_search,11,20270435,1,1424,58912.8,58912.8,0.12892169068442844,52285.4,103691.8
LLVM,random_search,11,20270435,2,4609,62451.2,58912.8,0.12892169068442844,52285.4,103691.8
LLVM,random_search,11,20270435,3,45212,78220.0,58912.8,0.12892169068442844,52285.4,103691.8
LLVM,random_search,11,20270435,4,101,61754.0,58912.8,0.12892169068442844,52285.4,103691.8
LLVM,random_search,11,20270435,5,64237,98270.4,58912.8,0.12892169068442844,52285.4,103691.8
LLVM,random_search,11,20270435,6,9926,70812.2,58912.8,0.12892169068442844,52285.4,103691.8
LLVM,random_search,11,20270435,7,52589,85531.2,58912.8,0.12892169068442844,52285.4,103691.8
LLVM,random_search,11,20270435,8,16814,65142.0,58912.8,0.12892169068442844,52285.4,103691.8
LLVM,random_search,11,20270435,9,17548,58615.6,58615.6,0.1231403093778206,52285.4,103691.8
LLVM,random_search,11,20270435,10,63892,90866.4,58615.6,0.1231403093778206,52285.4,103691.8
LLVM,random_search,11,20270435,11,52170,84262.0,58615.6,0.1231403093778206,52285.4,103691.8
LLVM,random_search,11,20270435,12,39506,87168.6,58615.6,0.1231403093778206,52285.4,103691.8
LLVM,random_search,11,20270435,13,53654,69978.2,58615.6,0.1231403093778206,52285.4,103691.8
LLVM,random_search,11,20270435,14,53975,77558.2,58615.6,0.1231403093778206,52285.4,103691.8
LLVM,random_search,11,20270435,15,52729,87658.0,58615.6,0.1231403093778206,52285.4,103691.8
LLVM,random_search,11,20270435,16,53015,86009.2,58615.6,0.1231403093778206,52285.4,103691.8
LLVM,random_search,11,20270435,17,46574,94010.0,58615.6,0.1231403093778206,52285.4,103691.8
LLVM,random_search,11,20270435,18,54858,81186.8,58615.6,0.1231403093778206,52285.4,103691.8
LLVM,random_search,11,20270435,19,11456,68406.0,58615.6,0.1231403093778206,52285.4,103691.8
LLVM,random_search,11,20270435,20,26194,77440.2,58615.6,0.1231403093778206,52285.4,103691.8
LLVM,random_search,11,20270435,21,49019,99290.2,58615.6,0.1231403093778206,52285.4,103691.8
LLVM,random_search,11,20270435,22,44926,80943.6,58615.6,0.1231403093778206,52285.4,103691.8
LLVM,random_search,11,20270435,23,24433,82056.0,58615.6,0.1231403093778206,52285.4,103691.8
LLVM,random_search,11,20270435,24,7359,72296.2,58615.6,0.1231403093778206,52285.4,103691.8
LLVM,random_search,11,20270435,25,4328,70094.0,58615.6,0.1231403093778206,52285.4,103691.8
LLVM,random_search,11,20270435,26,31874,80016.8,58615.6,0.1231403093778206,52285.4,103691.8
LLVM,random_search,11,20270435,27,47570,88486.6,58615.6,0.1231403093778206,52285.4,103691.8
LLVM,random_search,11,20270435,28,40934,86734.2,58615.6,0.1231403093778206,52285.4,103691.8
LLVM,random_search,11,20270435,29,51458,76960.2,58615.6,0.1231403093778206,52285.4,103691.8
LLVM,random_search,11,20270435,30,14662,77654.2,58615.6,0.1231403093778206,52285.4,103691.8
LLVM,random_search,11,20270435,31,20156,82901.4,58615.6,0.1231403093778206,52285.4,103691.8
LLVM,random_search,11,20270435,32,46145,79752.0,58615.6,0.1231403093778206,52285.4,103691.8
LLVM,random_search,11,20270435,33,27303,71972.8,58615.6,0.1231403093778206,52285.4,103691.8
LLVM,random_search,11,20270435,34,8365,62320.8,58615.6,0.1231403093778206,52285.4,103691.8
LLVM,random_search,11,20270435,35,21498,77348.8,58615.6,0.1231403093778206,52285.4,103691.8
LLVM,random_search,11,20270435,36,12898,76176.0,58615.6,0.1231403093778206,52285.4,103691.8
LLVM,random_search,11,20270435,37,15383,74914.0,58615.6,0.1231403093778206,52285.4,103691.8
LLVM,random_search,11,20270435,38,30591,96572.8,58615.6,0.1231403093778206,52285.4,103691.8
LLVM,random_search,11,20270435,39,55161,87043.4,58615.6,0.1231403093778206,52285.4,103691.8
LLVM,random_search,11,20270435,40,45482,83613.6,58615.6,0.1231403093778206,52285.4,103691.8
LLVM,random_search,11,20270435,41,45036,83601.4,58615.6,0.1231403093778206,52285.4,103691.8
LLVM,random_search,11,20270435,42,39471,91217.4,58615.6,0.1231403093778206,52285.4,103691.8
LLVM,random_search,11,20270435,43,7320,68722.8,58615.6,0.1231403093778206,52285.4,103691.8
LLVM,random_search,11,20270435,44,23302,73620.0,58615.6,0.1231403093778206,52285.4,103691.8
LLVM,random_search,11,20270435,45,63853,96200.2,58615.6,0.1231403093778206,52285.4,103691.8
LLVM,random_search,11,20270435,46,64634,92654.8,58615.6,0.1231403093778206,52285.4,103691.8
LLVM,random_search,11,20270435,47,517,58085.6,58085.6,0.1128303090665753,52285.4,103691.8
LLVM,random_search,11,20270435,48,45914,90196.0,58085.6,0.1128303090665753,52285.4,103691.8
LLVM,random_search,11,20270435,49,5063,74384.4,58085.6,0.1128303090665753,52285.4,103691.8
LLVM,random_search,11,20270435,50,24492,83136.4,58085.6,0.1128303090665753,52285.4,103691.8
LLVM,rf_smbo,11,20270435,1,59477,74263.6,74263.6,0.427538205359644,52285.4,103691.8
LLVM,rf_smbo,11,20270435,2,38620,97028.6,74263.6,0.427538205359644,52285.4,103691.8
LLVM,rf_smbo,11,20270435,3,3421,82034.0,74263.6,0.427538205359644,52285.4,103691.8
LLVM,rf_smbo,11,20270435,4,47231,88812.4,74263.6,0.427538205359644,52285.4,103691.8
LLVM,rf_smbo,11,20270435,5,36124,78032.6,74263.6,0.427538205359644,52285.4,103691.8
LLVM,rf_smbo,11,20270435,6,51650,85304.0,74263.6,0.427538205359644,52285.4,103691.8
LLVM,rf_smbo,11,20270435,7,59400,65867.8,65867.8,0.264216128731053,52285.4,103691.8
LLVM,rf_smbo,11,20270435,8,60182,71317.6,65867.8,0.264216128731053,52285.4,103691.8
LLVM,rf_smbo,11,20270435,9,60424,66410.6,65867.8,0.264216128731053,52285.4,103691.8
LLVM,rf_smbo,11,20270435,10,29353,85023.6,65867.8,0.264216128731053,52285.4,103691.8
LLVM,rf_smbo,11,20270435,11,27444,74066.2,65867.8,0.264216128731053,52285.4,103691.8
LLVM,rf_smbo,11,20270435,12,10249,63592.8,63592.8,0.21996093871580194,52285.4,103691.8
LLVM,rf_smbo,11,20270435,13,57609,71650.0,63592.8,0.21996093871580194,52285.4,103691.8
LLVM,rf_smbo,11,20270435,14,57868,66685.4,63592.8,0.21996093871580194,52285.4,103691.8
LLVM,rf_smbo,11,20270435,15,11336,66273.0,63592.8,0.21996093871580194,52285.4,103691.8
LLVM,rf_smbo,11,20270435,16,11328,62736.0,62736.0,0.20329375330698118,52285.4,103691.8
LLVM,rf_smbo,11,20270435,17,8864,62248.4,62248.4,0.19380855302063557,52285.4,103691.8
LLVM,rf_smbo,11,20270435,18,8868,66466.0,62248.4,0.19380855302063557,52285.4,103691.8
LLVM,rf_smbo,11,20270435,19,8802,61730.4,61730.4,0.18373198667870147,52285.4,103691.8
LLVM,rf_smbo,11,20270435,20,11332,66369.6,61730.4,0.18373198667870147,52285.4,103691.8
LLVM,rf_smbo,11,20270435,21,8771,59459.2,59459.2,0.13955071742039893,52285.4,103691.8
LLVM,rf_smbo,11,20270435,22,8707,56915.0,56915.0,0.0900588253602664,52285.4,103691.8
LLVM,rf_smbo,11,20270435,23,515,56916.0,56915.0,0.0900588253602664,52285.4,103691.8
LLVM,rf_smbo,11,20270435,24,771,59014.4,56915.0,0.0900588253602664,52285.4,103691.8
LLVM,rf_smbo,11,20270435,25,558,64936.6,56915.0,0.0900588253602664,52285.4,103691.8
LLVM,rf_smbo,11,20270435,26,551,64026.0,56915.0,0.0900588253602664,52285.4,103691.8
LLVM,rf_smbo,11,20270435,27,9859,63645.8,56915.0,0.0900588253602664,52285.4,103691.8
LLVM,rf_smbo,11,20270435,28,1027,56544.0,56544.0,0.08284182514239469,52285.4,103691.8
LLVM,rf_smbo,11,20270435,29,3486,77658.6,56544.0,0.08284182514239469,52285.4,103691.8
LLVM,rf_smbo,11,20270435,30,1187,59395.0,56544.0,0.08284182514239469,52285.4,103691.8
LLVM,rf_smbo,11,20270435,31,2,55493.0,55493.0,0.062396899996887516,52285.4,103691.8
LLVM,rf_smbo,11,20270435,32,16515,56883.8,55493.0,0.062396899996887516,52285.4,103691.8
LLVM,rf_smbo,11,20270435,33,3,56400.0,55493.0,0.062396899996887516,52285.4,103691.8
LLVM,rf_smbo,11,20270435,34,16387,56699.2,55493.0,0.062396899996887516,52285.4,103691.8
LLVM,rf_smbo,11,20270435,35,40963,60725.0,55493.0,0.062396899996887516,52285.4,103691.8
LLVM,rf_smbo,11,20270435,36,32768,57468.4,55493.0,0.062396899996887516,52285.4,103691.8
LLVM,rf_smbo,11,20270435,37,258,59896.0,55493.0,0.062396899996887516,52285.4,103691.8
LLVM,rf_smbo,11,20270435,38,147,58981.2,55493.0,0.062396899996887516,52285.4,103691.8
LLVM,rf_smbo,11,20270435,39,1031,57859.4,55493.0,0.062396899996887516,52285.4,103691.8
LLVM,rf_smbo,11,20270435,40,32771,60531.2,55493.0,0.062396899996887516,52285.4,103691.8
LLVM,rf_smbo,11,20270435,41,16388,57523.8,55493.0,0.062396899996887516,52285.4,103691.8
LLVM,rf_smbo,11,20270435,42,17408,55001.2,55001.2,0.052829997821282865,52285.4,103691.8
LLVM,rf_smbo,11,20270435,43,17424,56979.2,55001.2,0.052829997821282865,52285.4,103691.8
LLVM,rf_smbo,11,20270435,44,1025,54845.4,54845.4,0.04979924678639235,52285.4,103691.8
LLVM,rf_smbo,11,20270435,45,17441,60153.0,54845.4,0.04979924678639235,52285.4,103691.8
LLVM,rf_smbo,11,20270435,46,1049,59988.6,54845.4,0.04979924678639235,52285.4,103691.8
LLVM,rf_smbo,11,20270435,47,1152,54937.4,54845.4,0.04979924678639235,52285.4,103691.8
LLVM,rf_smbo,11,20270435,48,1188,60060.0,54845.4,0.04979924678639235,52285.4,103691.8
LLVM,rf_smbo,11,20270435,49,26412,78334.2,54845.4,0.04979924678639235,52285.4,103691.8
LLVM,rf_smbo,11,20270435,50,16520,57565.0,54845.4,0.04979924678639235,52285.4,103691.8
LLVM,random_search,12,20270436,1,11203,71920.0,71920.0,0.3819485511531638,52285.4,103691.8
LLVM,random_search,12,20270436,2,37837,78922.8,71920.0,0.3819485511531638,52285.4,103691.8
LLVM,random_search,12,20270436,3,7034,93736.8,71920.0,0.3819485511531638,52285.4,103691.8
LLVM,random_search,12,20270436,4,35387,85877.4,71920.0,0.3819485511531638,52285.4,103691.8
LLVM,random_search,12,20270436,5,61355,79956.6,71920.0,0.3819485511531638,52285.4,103691.8
LLVM,random_search,12,20270436,6,9138,66671.8,66671.8,0.2798562046749043,52285.4,103691.8
LLVM,random_search,12,20270436,7,805,66051.8,66051.8,0.2677954495938249,52285.4,103691.8
LLVM,random_search,12,20270436,8,49414,65141.0,65141.0,0.2500778113231037,52285.4,103691.8
LLVM,random_search,12,20270436,9,52331,86169.0,65141.0,0.2500778113231037,52285.4,103691.8
LLVM,random_search,12,20270436,10,22852,63875.6,63875.6,0.22546219925923613,52285.4,103691.8
LLVM,random_search,12,20270436,11,4981,79965.4,63875.6,0.22546219925923613,52285.4,103691.8
LLVM,random_search,12,20270436,12,34776,75918.0,63875.6,0.22546219925923613,52285.4,103691.8
LLVM,random_search,12,20270436,13,38124,89985.8,63875.6,0.22546219925923613,52285.4,103691.8
LLVM,random_search,12,20270436,14,53745,76755.4,63875.6,0.22546219925923613,52285.4,103691.8
LLVM,random_search,12,20270436,15,4871,66719.2,63875.6,0.22546219925923613,52285.4,103691.8
LLVM,random_search,12,20270436,16,18688,70895.4,63875.6,0.22546219925923613,52285.4,103691.8
LLVM,random_search,12,20270436,17,48626,91628.8,63875.6,0.22546219925923613,52285.4,103691.8
LLVM,random_search,12,20270436,18,43741,83566.4,63875.6,0.22546219925923613,52285.4,103691.8
LLVM,random_search,12,20270436,19,64483,92053.4,63875.6,0.22546219925923613,52285.4,103691.8
LLVM,random_search,12,20270436,20,32205,88914.8,63875.6,0.22546219925923613,52285.4,103691.8
LLVM,random_search,12,20270436,21,38920,66358.0,63875.6,0.22546219925923613,52285.4,103691.8
LLVM,random_search,12,20270436,22,35205,80119.4,63875.6,0.22546219925923613,52285.4,103691.8
LLVM,random_search,12,20270436,23,46587,96494.4,63875.6,0.22546219925923613,52285.4,103691.8
LLVM,random_search,12,20270436,24,45360,85308.6,63875.6,0.22546219925923613,52285.4,103691.8
LLVM,random_search,12,20270436,25,5988,87117.0,63875.6,0.22546219925923613,52285.4,103691.8
LLVM,random_search,12,20270436,26,49945,65871.0,63875.6,0.22546219925923613,52285.4,103691.8
LLVM,random_search,12,20270436,27,3901,89759.0,63875.6,0.22546219925923613,52285.4,103691.8
LLVM,random_search,12,20270436,28,31148,87842.4,63875.6,0.22546219925923613,52285.4,103691.8
LLVM,random_search,12,20270436,29,53598,72961.2,63875.6,0.22546219925923613,52285.4,103691.8
LLVM,random_search,12,20270436,30,42050,61087.2,61087.2,0.17121992592362031,52285.4,103691.8
LLVM,random_search,12,20270436,31,3011,79398.2,61087.2,0.17121992592362031,52285.4,103691.8
LLVM,random_search,12,20270436,32,51996,78560.8,61087.2,0.17121992592362031,52285.4,103691.8
LLVM,random_search,12,20270436,33,10878,69834.6,61087.2,0.17121992592362031,52285.4,103691.8
LLVM,random_search,12,20270436,34,1949,69480.6,61087.2,0.17121992592362031,52285.4,103691.8
LLVM,random_search,12,20270436,35,23401,83101.2,61087.2,0.17121992592362031,52285.4,103691.8
LLVM,random_search,12,20270436,36,49921,59800.8,59800.8,0.14619580441345828,52285.4,103691.8
LLVM,random_search,12,20270436,37,13219,79428.0,59800.8,0.14619580441345828,52285.4,103691.8
LLVM,random_search,12,20270436,38,8131,78084.8,59800.8,0.14619580441345828,52285.4,103691.8
LLVM,random_search,12,20270436,39,35516,84662.8,59800.8,0.14619580441345828,52285.4,103691.8
LLVM,random_search,12,20270436,40,8857,67558.6,59800.8,0.14619580441345828,52285.4,103691.8
LLVM,random_search,12,20270436,41,3175,77430.6,59800.8,0.14619580441345828,52285.4,103691.8
LLVM,random_search,12,20270436,42,53,65763.4,59800.8,0.14619580441345828,52285.4,103691.8
LLVM,random_search,12,20270436,43,5492,88424.8,59800.8,0.14619580441345828,52285.4,103691.8
LLVM,random_search,12,20270436,44,31477,95734.8,59800.8,0.14619580441345828,52285.4,103691.8
LLVM,random_search,12,20270436,45,46156,82729.6,59800.8,0.14619580441345828,52285.4,103691.8
LLVM,random_search,12,20270436,46,42002,62125.2,59800.8,0.14619580441345828,52285.4,103691.8
LLVM,random_search,12,20270436,47,26325,79873.8,59800.8,0.14619580441345828,52285.4,103691.8
LLVM,random_search,12,20270436,48,58921,78985.0,59800.8,0.14619580441345828,52285.4,103691.8
LLVM,random_search,12,20270436,49,59298,74422.4,59800.8,0.14619580441345828,52285.4,103691.8
LLVM,random_search,12,20270436,50,4171,65965.8,59800.8,0.14619580441345828,52285.4,103691.8
LLVM,rf_smbo,12,20270436,1,13802,90047.4,90047.4,0.7345777957608389,52285.4,103691.8
LLVM,rf_smbo,12,20270436,2,63667,84754.4,84754.4,0.6316139624638176,52285.4,103691.8
LLVM,rf_smbo,12,20270436,3,25399,75757.4,75757.4,0.45659684397273476,52285.4,103691.8
LLVM,rf_smbo,12,20270436,4,45417,85819.6,75757.4,0.45659684397273476,52285.4,103691.8
LLVM,rf_smbo,12,20270436,5,50659,70997.0,70997.0,0.3639935883469762,52285.4,103691.8
LLVM,rf_smbo,12,20270436,6,48711,85282.0,70997.0,0.3639935883469762,52285.4,103691.8
LLVM,rf_smbo,12,20270436,7,1335,66139.2,66139.2,0.2694956270036415,52285.4,103691.8
LLVM,rf_smbo,12,20270436,8,8759,66569.2,66139.2,0.2694956270036415,52285.4,103691.8
LLVM,rf_smbo,12,20270436,9,9521,63348.0,63348.0,0.2151988857418531,52285.4,103691.8
LLVM,rf_smbo,12,20270436,10,11569,69890.4,63348.0,0.2151988857418531,52285.4,103691.8
LLVM,rf_smbo,12,20270436,11,9665,62511.0,62511.0,0.19891686638239595,52285.4,103691.8
LLVM,rf_smbo,12,20270436,12,9675,67295.0,62511.0,0.19891686638239595,52285.4,103691.8
LLVM,rf_smbo,12,20270436,13,9734,63328.0,62511.0,0.19891686638239595,52285.4,103691.8
LLVM,rf_smbo,12,20270436,14,50724,72188.4,62511.0,0.19891686638239595,52285.4,103691.8
LLVM,rf_smbo,12,20270436,15,9937,68778.8,62511.0,0.19891686638239595,52285.4,103691.8
LLVM,rf_smbo,12,20270436,16,9216,55382.4,55382.4,0.060245416913069186,52285.4,103691.8
LLVM,rf_smbo,12,20270436,17,20481,54172.6,54172.6,0.03671138224034356,52285.4,103691.8
LLVM,rf_smbo,12,20270436,18,20548,59552.0,54172.6,0.03671138224034356,52285.4,103691.8
LLVM,rf_smbo,12,20270436,19,16448,55226.8,54172.6,0.03671138224034356,52285.4,103691.8
LLVM,rf_smbo,12,20270436,20,53248,57216.4,54172.6,0.03671138224034356,52285.4,103691.8
LLVM,rf_smbo,12,20270436,21,53314,60672.2,54172.6,0.03671138224034356,52285.4,103691.8
LLVM,rf_smbo,12,20270436,22,24852,70576.4,54172.6,0.03671138224034356,52285.4,103691.8
LLVM,rf_smbo,12,20270436,23,16896,56807.2,54172.6,0.03671138224034356,52285.4,103691.8
LLVM,rf_smbo,12,20270436,24,16898,57015.6,54172.6,0.03671138224034356,52285.4,103691.8
LLVM,rf_smbo,12,20270436,25,20994,57362.8,54172.6,0.03671138224034356,52285.4,103691.8
LLVM,rf_smbo,12,20270436,26,26625,60143.8,54172.6,0.03671138224034356,52285.4,103691.8
LLVM,rf_smbo,12,20270436,27,17424,56979.2,54172.6,0.03671138224034356,52285.4,103691.8
LLVM,rf_smbo,12,20270436,28,16400,57011.4,54172.6,0.03671138224034356,52285.4,103691.8
LLVM,rf_smbo,12,20270436,29,17416,57119.6,54172.6,0.03671138224034356,52285.4,103691.8
LLVM,rf_smbo,12,20270436,30,18432,67853.6,54172.6,0.03671138224034356,52285.4,103691.8
LLVM,rf_smbo,12,20270436,31,22529,55732.8,54172.6,0.03671138224034356,52285.4,103691.8
LLVM,rf_smbo,12,20270436,32,56336,60331.4,54172.6,0.03671138224034356,52285.4,103691.8
LLVM,rf_smbo,12,20270436,33,27139,63302.4,54172.6,0.03671138224034356,52285.4,103691.8
LLVM,rf_smbo,12,20270436,34,21906,76424.0,54172.6,0.03671138224034356,52285.4,103691.8
LLVM,rf_smbo,12,20270436,35,22539,59031.0,54172.6,0.03671138224034356,52285.4,103691.8
LLVM,rf_smbo,12,20270436,36,22656,55959.2,54172.6,0.03671138224034356,52285.4,103691.8
LLVM,rf_smbo,12,20270436,37,16512,53756.2,53756.2,0.028611223505244397,52285.4,103691.8
LLVM,rf_smbo,12,20270436,38,23108,73934.8,53756.2,0.028611223505244397,52285.4,103691.8
LLVM,rf_smbo,12,20270436,39,5624,89820.6,53756.2,0.028611223505244397,52285.4,103691.8
LLVM,rf_smbo,12,20270436,40,128,53380.6,53380.6,0.021304740265803424,52285.4,103691.8
LLVM,rf_smbo,12,20270436,41,8320,53879.2,53380.6,0.021304740265803424,52285.4,103691.8
LLVM,rf_smbo,12,20270436,42,16545,55813.4,53380.6,0.021304740265803424,52285.4,103691.8
LLVM,rf_smbo,12,20270436,43,182,61191.6,53380.6,0.021304740265803424,52285.4,103691.8
LLVM,rf_smbo,12,20270436,44,8322,56938.6,53380.6,0.021304740265803424,52285.4,103691.8
LLVM,rf_smbo,12,20270436,45,132,57211.8,53380.6,0.021304740265803424,52285.4,103691.8
LLVM,rf_smbo,12,20270436,46,176,58491.8,53380.6,0.021304740265803424,52285.4,103691.8
LLVM,rf_smbo,12,20270436,47,130,56412.8,53380.6,0.021304740265803424,52285.4,103691.8
LLVM,rf_smbo,12,20270436,48,18890,84814.4,53380.6,0.021304740265803424,52285.4,103691.8
LLVM,rf_smbo,12,20270436,49,8336,56623.6,53380.6,0.021304740265803424,52285.4,103691.8
LLVM,rf_smbo,12,20270436,50,129,53429.4,53380.6,0.021304740265803424,52285.4,103691.8
LLVM,random_search,13,20270437,1,44410,79430.0,79430.0,0.5280393102804319,52285.4,103691.8
LLVM,random_search,13,20270437,2,177,58497.2,58497.2,0.12083709421394992,52285.4,103691.8
LLVM,random_search,13,20270437,3,26239,83446.0,58497.2,0.12083709421394992,52285.4,103691.8
LLVM,random_search,13,20270437,4,35917,79258.6,58497.2,0.12083709421394992,52285.4,103691.8
LLVM,random_search,13,20270437,5,29617,87047.6,58497.2,0.12083709421394992,52285.4,103691.8
LLVM,random_search,13,20270437,6,12333,80557.6,58497.2,0.12083709421394992,52285.4,103691.8
LLVM,random_search,13,20270437,7,48190,83662.4,58497.2,0.12083709421394992,52285.4,103691.8
LLVM,random_search,13,20270437,8,51385,77984.2,58497.2,0.12083709421394992,52285.4,103691.8
LLVM,random_search,13,20270437,9,47792,88793.2,58497.2,0.12083709421394992,52285.4,103691.8
LLVM,random_search,13,20270437,10,8210,59205.6,58497.2,0.12083709421394992,52285.4,103691.8
LLVM,random_search,13,20270437,11,33708,71173.6,58497.2,0.12083709421394992,52285.4,103691.8
LLVM,random_search,13,20270437,12,59706,81180.0,58497.2,0.12083709421394992,52285.4,103691.8
LLVM,random_search,13,20270437,13,6390,74894.8,58497.2,0.12083709421394992,52285.4,103691.8
LLVM,random_search,13,20270437,14,54479,83472.2,58497.2,0.12083709421394992,52285.4,103691.8
LLVM,random_search,13,20270437,15,1224,64057.6,58497.2,0.12083709421394992,52285.4,103691.8
LLVM,random_search,13,20270437,16,46926,90231.6,58497.2,0.12083709421394992,52285.4,103691.8
LLVM,random_search,13,20270437,17,42188,67136.2,58497.2,0.12083709421394992,52285.4,103691.8
LLVM,random_search,13,20270437,18,50465,63746.8,58497.2,0.12083709421394992,52285.4,103691.8
LLVM,random_search,13,20270437,19,57149,78616.4,58497.2,0.12083709421394992,52285.4,103691.8
LLVM,random_search,13,20270437,20,31700,92343.8,58497.2,0.12083709421394992,52285.4,103691.8
LLVM,random_search,13,20270437,21,43851,75688.2,58497.2,0.12083709421394992,52285.4,103691.8
LLVM,random_search,13,20270437,22,9577,64945.8,58497.2,0.12083709421394992,52285.4,103691.8
LLVM,random_search,13,20270437,23,17526,67638.2,58497.2,0.12083709421394992,52285.4,103691.8
LLVM,random_search,13,20270437,24,6831,88614.4,58497.2,0.12083709421394992,52285.4,103691.8
LLVM,random_search,13,20270437,25,3941,82027.2,58497.2,0.12083709421394992,52285.4,103691.8
LLVM,random_search,13,20270437,26,14917,80163.6,58497.2,0.12083709421394992,52285.4,103691.8
LLVM,random_search,13,20270437,27,43016,65528.6,58497.2,0.12083709421394992,52285.4,103691.8
LLVM,random_search,13,20270437,28,64965,89595.6,58497.2,0.12083709421394992,52285.4,103691.8
LLVM,random_search,13,20270437,29,8743,64355.6,58497.2,0.12083709421394992,52285.4,103691.8
LLVM,random_search,13,20270437,30,1009,69241.0,58497.2,0.12083709421394992,52285.4,103691.8
LLVM,random_search,13,20270437,31,26047,72913.8,58497.2,0.12083709421394992,52285.4,103691.8
LLVM,random_search,13,20270437,32,13785,87671.0,58497.2,0.12083709421394992,52285.4,103691.8
LLVM,random_search,13,20270437,33,24463,68623.6,58497.2,0.12083709421394992,52285.4,103691.8
LLVM,random_search,13,20270437,34,39196,76344.4,58497.2,0.12083709421394992,52285.4,103691.8
LLVM,random_search,13,20270437,35,57400,73375.4,58497.2,0.12083709421394992,52285.4,103691.8
LLVM,random_search,13,20270437,36,36848,93199.2,58497.2,0.12083709421394992,52285.4,103691.8
LLVM,random_search,13,20270437,37,12470,75948.6,58497.2,0.12083709421394992,52285.4,103691.8
LLVM,random_search,13,20270437,38,32645,87950.2,58497.2,0.12083709421394992,52285.4,103691.8
LLVM,random_search,13,20270437,39,20959,72284.0,58497.2,0.12083709421394992,52285.4,103691.8
LLVM,random_search,13,20270437,40,11848,72340.0,58497.2,0.12083709421394992,52285.4,103691.8
LLVM,random_search,13,20270437,41,33174,69462.0,58497.2,0.12083709421394992,52285.4,103691.8
LLVM,random_search,13,20270437,42,44556,74584.4,58497.2,0.12083709421394992,52285.4,103691.8
LLVM,random_search,13,20270437,43,55165,92737.2,58497.2,0.12083709421394992,52285.4,103691.8
LLVM,random_search,13,20270437,44,64845,84843.4,58497.2,0.12083709421394992,52285.4,103691.8
LLVM,random_search,13,20270437,45,5788,87778.6,58497.2,0.12083709421394992,52285.4,103691.8
LLVM,random_search,13,20270437,46,20619,59032.8,58497.2,0.12083709421394992,52285.4,103691.8
LLVM,random_search,13,20270437,47,25988,66584.4,58497.2,0.12083709421394992,52285.4,103691.8
LLVM,random_search,13,20270437,48,57753,76573.0,58497.2,0.12083709421394992,52285.4,103691.8
LLVM,random_search,13,20270437,49,31392,81420.4,58497.2,0.12083709421394992,52285.4,103691.8
LLVM,random_search,13,20270437,50,55425,58854.6,58497.2,0.12083709421394992,52285.4,103691.8
LLVM,rf_smbo,13,20270437,1,57358,67591.6,67591.6,0.2977489184226089,52285.4,103691.8
LLVM,rf_smbo,13,20270437,2,59357,84216.0,67591.6,0.2977489184226089,52285.4,103691.8
LLVM,rf_smbo,13,20270437,3,13485,82599.0,67591.6,0.2977489184226089,52285.4,103691.8
LLVM,rf_smbo,13,20270437,4,64810,88962.6,67591.6,0.2977489184226089,52285.4,103691.8
LLVM,rf_smbo,13,20270437,5,19462,72022.8,67591.6,0.2977489184226089,52285.4,103691.8
LLVM,rf_smbo,13,20270437,6,48283,82759.6,67591.6,0.2977489184226089,52285.4,103691.8
LLVM,rf_smbo,13,20270437,7,271,62762.6,62762.6,0.20381119860562102,52285.4,103691.8
LLVM,rf_smbo,13,20270437,8,398,63347.0,62762.6,0.20381119860562102,52285.4,103691.8
LLVM,rf_smbo,13,20270437,9,6421,72438.6,62762.6,0.20381119860562102,52285.4,103691.8
LLVM,rf_smbo,13,20270437,10,2353,81348.0,62762.6,0.20381119860562102,52285.4,103691.8
LLVM,rf_smbo,13,20270437,11,49550,67478.8,62762.6,0.20381119860562102,52285.4,103691.8
LLVM,rf_smbo,13,20270437,12,41358,68147.4,62762.6,0.20381119860562102,52285.4,103691.8
LLVM,rf_smbo,13,20270437,13,79,60295.6,60295.6,0.15582106508139057,52285.4,103691.8
LLVM,rf_smbo,13,20270437,14,70,58788.2,58788.2,0.12649786796974688,52285.4,103691.8
LLVM,rf_smbo,13,20270437,15,8783,61929.2,58788.2,0.12649786796974688,52285.4,103691.8
LLVM,rf_smbo,13,20270437,16,75,59661.4,58788.2,0.12649786796974688,52285.4,103691.8
LLVM,rf_smbo,13,20270437,17,26694,66005.0,58788.2,0.12649786796974688,52285.4,103691.8
LLVM,rf_smbo,13,20270437,18,77,60387.0,58788.2,0.12649786796974688,52285.4,103691.8
LLVM,rf_smbo,13,20270437,19,586,60802.2,58788.2,0.12649786796974688,52285.4,103691.8
LLVM,rf_smbo,13,20270437,20,121,62314.2,58788.2,0.12649786796974688,52285.4,103691.8
LLVM,rf_smbo,13,20270437,21,120,62370.2,58788.2,0.12649786796974688,52285.4,103691.8
LLVM,rf_smbo,13,20270437,22,678,65964.2,58788.2,0.12649786796974688,52285.4,103691.8
LLVM,rf_smbo,13,20270437,23,26,60735.2,58788.2,0.12649786796974688,52285.4,103691.8
LLVM,rf_smbo,13,20270437,24,4,57087.8,57087.8,0.09342027451834793,52285.4,103691.8
LLVM,rf_smbo,13,20270437,25,24,59857.2,57087.8,0.09342027451834793,52285.4,103691.8
LLVM,rf_smbo,13,20270437,26,133,57744.6,57087.8,0.09342027451834793,52285.4,103691.8
LLVM,rf_smbo,13,20270437,27,920,63653.0,57087.8,0.09342027451834793,52285.4,103691.8
LLVM,rf_smbo,13,20270437,28,16519,58000.0,57087.8,0.09342027451834793,52285.4,103691.8
LLVM,rf_smbo,13,20270437,29,7,57750.4,57087.8,0.09342027451834793,52285.4,103691.8
LLVM,rf_smbo,13,20270437,30,6,57127.4,57087.8,0.09342027451834793,52285.4,103691.8
LLVM,rf_smbo,13,20270437,31,38,63087.4,57087.8,0.09342027451834793,52285.4,103691.8
LLVM,rf_smbo,13,20270437,32,196,62943.2,57087.8,0.09342027451834793,52285.4,103691.8
LLVM,rf_smbo,13,20270437,33,24581,64564.2,57087.8,0.09342027451834793,52285.4,103691.8
LLVM,rf_smbo,13,20270437,34,8196,57760.2,57087.8,0.09342027451834793,52285.4,103691.8
LLVM,rf_smbo,13,20270437,35,5,57817.8,57087.8,0.09342027451834793,52285.4,103691.8
LLVM,rf_smbo,13,20270437,36,135,57948.6,57087.8,0.09342027451834793,52285.4,103691.8
LLVM,rf_smbo,13,20270437,37,16389,58192.6,57087.8,0.09342027451834793,52285.4,103691.8
LLVM,rf_smbo,13,20270437,38,20487,58634.8,57087.8,0.09342027451834793,52285.4,103691.8
LLVM,rf_smbo,13,20270437,39,8199,58453.6,57087.8,0.09342027451834793,52285.4,103691.8
LLVM,rf_smbo,13,20270437,40,8197,58172.0,57087.8,0.09342027451834793,52285.4,103691.8
LLVM,rf_smbo,13,20270437,41,28,60417.2,57087.8,0.09342027451834793,52285.4,103691.8
LLVM,rf_smbo,13,20270437,42,16517,58410.8,57087.8,0.09342027451834793,52285.4,103691.8
LLVM,rf_smbo,13,20270437,43,32772,60151.6,57087.8,0.09342027451834793,52285.4,103691.8
LLVM,rf_smbo,13,20270437,44,49180,62685.8,57087.8,0.09342027451834793,52285.4,103691.8
LLVM,rf_smbo,13,20270437,45,49156,59794.4,57087.8,0.09342027451834793,52285.4,103691.8
LLVM,rf_smbo,13,20270437,46,17159,60611.0,57087.8,0.09342027451834793,52285.4,103691.8
LLVM,rf_smbo,13,20270437,47,8324,57624.0,57087.8,0.09342027451834793,52285.4,103691.8
LLVM,rf_smbo,13,20270437,48,517,58085.6,57087.8,0.09342027451834793,52285.4,103691.8
LLVM,rf_smbo,13,20270437,49,8711,58368.4,57087.8,0.09342027451834793,52285.4,103691.8
LLVM,rf_smbo,13,20270437,50,49285,60393.0,57087.8,0.09342027451834793,52285.4,103691.8
LLVM,random_search,14,20270438,1,10739,79332.8,79332.8,0.5261484951290112,52285.4,103691.8
LLVM,random_search,14,20270438,2,47801,91774.8,79332.8,0.5261484951290112,52285.4,103691.8
LLVM,random_search,14,20270438,3,7915,95634.4,79332.8,0.5261484951290112,52285.4,103691.8
LLVM,random_search,14,20270438,4,62638,84718.8,79332.8,0.5261484951290112,52285.4,103691.8
LLVM,random_search,14,20270438,5,57123,74321.6,74321.6,0.4286664695446482,52285.4,103691.8
LLVM,random_search,14,20270438,6,9222,57747.8,57747.8,0.10625914283046471,52285.4,103691.8
LLVM,random_search,14,20270438,7,32027,81979.8,57747.8,0.10625914283046471,52285.4,103691.8
LLVM,random_search,14,20270438,8,58713,75677.0,57747.8,0.10625914283046471,52285.4,103691.8
LLVM,random_search,14,20270438,9,52687,86159.6,57747.8,0.10625914283046471,52285.4,103691.8
LLVM,random_search,14,20270438,10,59597,74371.6,57747.8,0.10625914283046471,52285.4,103691.8
LLVM,random_search,14,20270438,11,63160,90608.6,57747.8,0.10625914283046471,52285.4,103691.8
LLVM,random_search,14,20270438,12,23094,80682.8,57747.8,0.10625914283046471,52285.4,103691.8
LLVM,random_search,14,20270438,13,64959,90292.0,57747.8,0.10625914283046471,52285.4,103691.8
LLVM,random_search,14,20270438,14,63034,94741.6,57747.8,0.10625914283046471,52285.4,103691.8
LLVM,random_search,14,20270438,15,26376,69704.0,57747.8,0.10625914283046471,52285.4,103691.8
LLVM,random_search,14,20270438,16,40735,80462.8,57747.8,0.10625914283046471,52285.4,103691.8
LLVM,random_search,14,20270438,17,4951,77304.0,57747.8,0.10625914283046471,52285.4,103691.8
LLVM,random_search,14,20270438,18,48096,90077.2,57747.8,0.10625914283046471,52285.4,103691.8
LLVM,random_search,14,20270438,19,63652,83107.0,57747.8,0.10625914283046471,52285.4,103691.8
LLVM,random_search,14,20270438,20,61400,82044.6,57747.8,0.10625914283046471,52285.4,103691.8
LLVM,random_search,14,20270438,21,54192,69168.4,57747.8,0.10625914283046471,52285.4,103691.8
LLVM,random_search,14,20270438,22,23010,73781.2,57747.8,0.10625914283046471,52285.4,103691.8
LLVM,random_search,14,20270438,23,54563,80883.2,57747.8,0.10625914283046471,52285.4,103691.8
LLVM,random_search,14,20270438,24,59395,66634.0,57747.8,0.10625914283046471,52285.4,103691.8
LLVM,random_search,14,20270438,25,46925,89207.2,57747.8,0.10625914283046471,52285.4,103691.8
LLVM,random_search,14,20270438,26,51375,80024.6,57747.8,0.10625914283046471,52285.4,103691.8
LLVM,random_search,14,20270438,27,3523,79202.0,57747.8,0.10625914283046471,52285.4,103691.8
LLVM,random_search,14,20270438,28,42904,71018.8,57747.8,0.10625914283046471,52285.4,103691.8
LLVM,random_search,14,20270438,29,52080,82872.0,57747.8,0.10625914283046471,52285.4,103691.8
LLVM,random_search,14,20270438,30,16837,70122.8,57747.8,0.10625914283046471,52285.4,103691.8
LLVM,random_search,14,20270438,31,54184,69602.4,57747.8,0.10625914283046471,52285.4,103691.8
LLVM,random_search,14,20270438,32,12180,75444.0,57747.8,0.10625914283046471,52285.4,103691.8
LLVM,random_search,14,20270438,33,17244,71827.8,57747.8,0.10625914283046471,52285.4,103691.8
LLVM,random_search,14,20270438,34,17297,60876.2,57747.8,0.10625914283046471,52285.4,103691.8
LLVM,random_search,14,20270438,35,57642,79408.4,57747.8,0.10625914283046471,52285.4,103691.8
LLVM,random_search,14,20270438,36,52778,90337.2,57747.8,0.10625914283046471,52285.4,103691.8
LLVM,random_search,14,20270438,37,3663,82385.2,57747.8,0.10625914283046471,52285.4,103691.8
LLVM,random_search,14,20270438,38,27213,67751.6,57747.8,0.10625914283046471,52285.4,103691.8
LLVM,random_search,14,20270438,39,26048,68866.0,57747.8,0.10625914283046471,52285.4,103691.8
LLVM,random_search,14,20270438,40,47720,88670.8,57747.8,0.10625914283046471,52285.4,103691.8
LLVM,random_search,14,20270438,41,26895,69825.0,57747.8,0.10625914283046471,52285.4,103691.8
LLVM,random_search,14,20270438,42,55941,80754.8,57747.8,0.10625914283046471,52285.4,103691.8
LLVM,random_search,14,20270438,43,6142,94878.0,57747.8,0.10625914283046471,52285.4,103691.8
LLVM,random_search,14,20270438,44,43029,69663.2,57747.8,0.10625914283046471,52285.4,103691.8
LLVM,random_search,14,20270438,45,62184,95947.8,57747.8,0.10625914283046471,52285.4,103691.8
LLVM,random_search,14,20270438,46,52974,92872.0,57747.8,0.10625914283046471,52285.4,103691.8
LLVM,random_search,14,20270438,47,39820,83985.6,57747.8,0.10625914283046471,52285.4,103691.8
LLVM,random_search,14,20270438,48,24640,61840.8,57747.8,0.10625914283046471,52285.4,103691.8
LLVM,random_search,14,20270438,49,13025,83862.2,57747.8,0.10625914283046471,52285.4,103691.8
LLVM,random_search,14,20270438,50,19273,77593.4,57747.8,0.10625914283046471,52285.4,103691.8
LLVM,rf_smbo,14,20270438,1,27788,67099.8,67099.8,0.2881820162470043,52285.4,103691.8
LLVM,rf_smbo,14,20270438,2,63660,84654.8,67099.8,0.2881820162470043,52285.4,103691.8
LLVM,rf_smbo,14,20270438,3,22119,80745.8,67099.8,0.2881820162470043,52285.4,103691.8
LLVM,rf_smbo,14,20270438,4,57215,94419.4,67099.8,0.2881820162470043,52285.4,103691.8
LLVM,rf_smbo,14,20270438,5,59498,76021.0,67099.8,0.2881820162470043,52285.4,103691.8
LLVM,rf_smbo,14,20270438,6,37859,78702.6,67099.8,0.2881820162470043,52285.4,103691.8
LLVM,rf_smbo,14,20270438,7,27714,66213.4,66213.4,0.2709390270472158,52285.4,103691.8
LLVM,rf_smbo,14,20270438,8,27824,67489.8,66213.4,0.2709390270472158,52285.4,103691.8
LLVM,rf_smbo,14,20270438,9,25356,66849.4,66213.4,0.2709390270472158,52285.4,103691.8
LLVM,rf_smbo,14,20270438,10,17330,66423.0,66213.4,0.2709390270472158,52285.4,103691.8
LLVM,rf_smbo,14,20270438,11,4019,80763.8,66213.4,0.2709390270472158,52285.4,103691.8
LLVM,rf_smbo,14,20270438,12,64850,88025.2,66213.4,0.2709390270472158,52285.4,103691.8
LLVM,rf_smbo,14,20270438,13,4941,72400.8,66213.4,0.2709390270472158,52285.4,103691.8
LLVM,rf_smbo,14,20270438,14,45260,80386.4,66213.4,0.2709390270472158,52285.4,103691.8
LLVM,rf_smbo,14,20270438,15,22706,60644.0,60644.0,0.1625984313237262,52285.4,103691.8
LLVM,rf_smbo,14,20270438,16,24462,67509.6,60644.0,0.1625984313237262,52285.4,103691.8
LLVM,rf_smbo,14,20270438,17,22709,63552.4,60644.0,0.1625984313237262,52285.4,103691.8
LLVM,rf_smbo,14,20270438,18,17522,61961.4,60644.0,0.1625984313237262,52285.4,103691.8
LLVM,rf_smbo,14,20270438,19,22640,61615.8,60644.0,0.1625984313237262,52285.4,103691.8
LLVM,rf_smbo,14,20270438,20,17521,61516.0,60644.0,0.1625984313237262,52285.4,103691.8
LLVM,rf_smbo,14,20270438,21,22627,60722.8,60644.0,0.1625984313237262,52285.4,103691.8
LLVM,rf_smbo,14,20270438,22,22644,67572.8,60644.0,0.1625984313237262,52285.4,103691.8
LLVM,rf_smbo,14,20270438,23,17507,61117.6,60644.0,0.1625984313237262,52285.4,103691.8
LLVM,rf_smbo,14,20270438,24,22638,66914.6,60644.0,0.1625984313237262,52285.4,103691.8
LLVM,rf_smbo,14,20270438,25,17939,65381.2,60644.0,0.1625984313237262,52285.4,103691.8
LLVM,rf_smbo,14,20270438,26,27317,75170.6,60644.0,0.1625984313237262,52285.4,103691.8
LLVM,rf_smbo,14,20270438,27,22649,63226.2,60644.0,0.1625984313237262,52285.4,103691.8
LLVM,rf_smbo,14,20270438,28,1055,61457.8,60644.0,0.1625984313237262,52285.4,103691.8
LLVM,rf_smbo,14,20270438,29,1054,60443.6,60443.6,0.1587000840362289,52285.4,103691.8
LLVM,rf_smbo,14,20270438,30,1122,60392.2,60392.2,0.15770020853434583,52285.4,103691.8
LLVM,rf_smbo,14,20270438,31,1199,63304.0,60392.2,0.15770020853434583,52285.4,103691.8
LLVM,rf_smbo,14,20270438,32,1123,60523.0,60392.2,0.15770020853434583,52285.4,103691.8
LLVM,rf_smbo,14,20270438,33,1299,59203.6,59203.6,0.1345785738740701,52285.4,103691.8
LLVM,rf_smbo,14,20270438,34,1040,56619.2,56619.2,0.0843046780167449,52285.4,103691.8
LLVM,rf_smbo,14,20270438,35,16,56380.6,56380.6,0.07966323259360697,52285.4,103691.8
LLVM,rf_smbo,14,20270438,36,1296,56483.2,56380.6,0.07966323259360697,52285.4,103691.8
LLVM,rf_smbo,14,20270438,37,784,58899.4,56380.6,0.07966323259360697,52285.4,103691.8
LLVM,rf_smbo,14,20270438,38,9568,59249.2,56380.6,0.07966323259360697,52285.4,103691.8
LLVM,rf_smbo,14,20270438,39,8212,59810.6,56380.6,0.07966323259360697,52285.4,103691.8
LLVM,rf_smbo,14,20270438,40,1280,56284.4,56284.4,0.07779187027296212,52285.4,103691.8
LLVM,rf_smbo,14,20270438,41,1320,62426.2,56284.4,0.07779187027296212,52285.4,103691.8
LLVM,rf_smbo,14,20270438,42,52,65212.0,56284.4,0.07779187027296212,52285.4,103691.8
LLVM,rf_smbo,14,20270438,43,769,56528.6,56284.4,0.07779187027296212,52285.4,103691.8
LLVM,rf_smbo,14,20270438,44,1028,57154.2,56284.4,0.07779187027296212,52285.4,103691.8
LLVM,rf_smbo,14,20270438,45,512,56277.8,56277.8,0.07766348158984097,52285.4,103691.8
LLVM,rf_smbo,14,20270438,46,513,56378.8,56277.8,0.07766348158984097,52285.4,103691.8
LLVM,rf_smbo,14,20270438,47,6,57127.4,56277.8,0.07766348158984097,52285.4,103691.8
LLVM,rf_smbo,14,20270438,48,1344,56316.4,56277.8,0.07766348158984097,52285.4,103691.8
LLVM,rf_smbo,14,20270438,49,1409,56420.0,56277.8,0.07766348158984097,52285.4,103691.8
LLVM,rf_smbo,14,20270438,50,576,56465.6,56277.8,0.07766348158984097,52285.4,103691.8
LLVM,random_search,15,20270439,1,53316,61479.8,61479.8,0.17885710728625231,52285.4,103691.8
LLVM,random_search,15,20270439,2,55899,84394.6,61479.8,0.17885710728625231,52285.4,103691.8
LLVM,random_search,15,20270439,3,39386,82736.8,61479.8,0.17885710728625231,52285.4,103691.8
LLVM,random_search,15,20270439,4,4218,74832.4,61479.8,0.17885710728625231,52285.4,103691.8
LLVM,random_search,15,20270439,5,36608,78613.8,61479.8,0.17885710728625231,52285.4,103691.8
LLVM,random_search,15,20270439,6,31893,83195.6,61479.8,0.17885710728625231,52285.4,103691.8
LLVM,random_search,15,20270439,7,17942,66120.0,61479.8,0.17885710728625231,52285.4,103691.8
LLVM,random_search,15,20270439,8,31046,83782.2,61479.8,0.17885710728625231,52285.4,103691.8
LLVM,random_search,15,20270439,9,5922,86697.8,61479.8,0.17885710728625231,52285.4,103691.8
LLVM,random_search,15,20270439,10,7425,76303.0,61479.8,0.17885710728625231,52285.4,103691.8
LLVM,random_search,15,20270439,11,29877,81899.8,61479.8,0.17885710728625231,52285.4,103691.8
LLVM,random_search,15,20270439,12,29323,86029.0,61479.8,0.17885710728625231,52285.4,103691.8
LLVM,random_search,15,20270439,13,14588,83736.4,61479.8,0.17885710728625231,52285.4,103691.8
LLVM,random_search,15,20270439,14,41111,64405.2,61479.8,0.17885710728625231,52285.4,103691.8
LLVM,random_search,15,20270439,15,26566,78412.4,61479.8,0.17885710728625231,52285.4,103691.8
LLVM,random_search,15,20270439,16,52200,88691.8,61479.8,0.17885710728625231,52285.4,103691.8
LLVM,random_search,15,20270439,17,49994,68459.4,61479.8,0.17885710728625231,52285.4,103691.8
LLVM,random_search,15,20270439,18,31497,78722.8,61479.8,0.17885710728625231,52285.4,103691.8
LLVM,random_search,15,20270439,19,16325,87765.0,61479.8,0.17885710728625231,52285.4,103691.8
LLVM,random_search,15,20270439,20,11723,73591.0,61479.8,0.17885710728625231,52285.4,103691.8
LLVM,random_search,15,20270439,21,33928,61111.0,61111.0,0.17168290329608762,52285.4,103691.8
LLVM,random_search,15,20270439,22,37832,76579.6,61111.0,0.17168290329608762,52285.4,103691.8
LLVM,random_search,15,20270439,23,46423,91383.4,61111.0,0.17168290329608762,52285.4,103691.8
LLVM,random_search,15,20270439,24,5017,70328.8,61111.0,0.17168290329608762,52285.4,103691.8
LLVM,random_search,15,20270439,25,59170,77390.6,61111.0,0.17168290329608762,52285.4,103691.8
LLVM,random_search,15,20270439,26,52843,93737.0,61111.0,0.17168290329608762,52285.4,103691.8
LLVM,random_search,15,20270439,27,24963,69295.6,61111.0,0.17168290329608762,52285.4,103691.8
LLVM,random_search,15,20270439,28,4807,77419.6,61111.0,0.17168290329608762,52285.4,103691.8
LLVM,random_search,15,20270439,29,4217,68815.8,61111.0,0.17168290329608762,52285.4,103691.8
LLVM,random_search,15,20270439,30,11184,70794.2,61111.0,0.17168290329608762,52285.4,103691.8
LLVM,random_search,15,20270439,31,23724,62955.2,61111.0,0.17168290329608762,52285.4,103691.8
LLVM,random_search,15,20270439,32,13288,85844.2,61111.0,0.17168290329608762,52285.4,103691.8
LLVM,random_search,15,20270439,33,58687,78528.0,61111.0,0.17168290329608762,52285.4,103691.8
LLVM,random_search,15,20270439,34,7752,72137.0,61111.0,0.17168290329608762,52285.4,103691.8
LLVM,random_search,15,20270439,35,39214,82573.4,61111.0,0.17168290329608762,52285.4,103691.8
LLVM,random_search,15,20270439,36,51208,73624.8,61111.0,0.17168290329608762,52285.4,103691.8
LLVM,random_search,15,20270439,37,35591,77982.0,61111.0,0.17168290329608762,52285.4,103691.8
LLVM,random_search,15,20270439,38,24213,81473.8,61111.0,0.17168290329608762,52285.4,103691.8
LLVM,random_search,15,20270439,39,20639,62241.8,61111.0,0.17168290329608762,52285.4,103691.8
LLVM,random_search,15,20270439,40,23464,78633.6,61111.0,0.17168290329608762,52285.4,103691.8
LLVM,random_search,15,20270439,41,65107,96474.8,61111.0,0.17168290329608762,52285.4,103691.8
LLVM,random_search,15,20270439,42,16624,65985.2,61111.0,0.17168290329608762,52285.4,103691.8
LLVM,random_search,15,20270439,43,42830,68764.4,61111.0,0.17168290329608762,52285.4,103691.8
LLVM,random_search,15,20270439,44,8277,65070.8,61111.0,0.17168290329608762,52285.4,103691.8
LLVM,random_search,15,20270439,45,10414,67158.6,61111.0,0.17168290329608762,52285.4,103691.8
LLVM,random_search,15,20270439,46,33582,71363.2,61111.0,0.17168290329608762,52285.4,103691.8
LLVM,random_search,15,20270439,47,23293,91159.8,61111.0,0.17168290329608762,52285.4,103691.8
LLVM,random_search,15,20270439,48,5492,88424.8,61111.0,0.17168290329608762,52285.4,103691.8
LLVM,random_search,15,20270439,49,63225,99559.8,61111.0,0.17168290329608762,52285.4,103691.8
LLVM,random_search,15,20270439,50,13228,82676.6,61111.0,0.17168290329608762,52285.4,103691.8
LLVM,rf_smbo,15,20270439,1,19687,83816.8,83816.8,0.6133749883283015,52285.4,103691.8
LLVM,rf_smbo,15,20270439,2,16558,60974.0,60974.0,0.1690178654797846,52285.4,103691.8
LLVM,rf_smbo,15,20270439,3,47689,82586.6,60974.0,0.1690178654797846,52285.4,103691.8
LLVM,rf_smbo,15,20270439,4,30606,84522.6,60974.0,0.1690178654797846,52285.4,103691.8
LLVM,rf_smbo,15,20270439,5,21879,83548.8,60974.0,0.1690178654797846,52285.4,103691.8
LLVM,rf_smbo,15,20270439,6,19251,79749.8,60974.0,0.1690178654797846,52285.4,103691.8
LLVM,rf_smbo,15,20270439,7,19045,76943.0,60974.0,0.1690178654797846,52285.4,103691.8
LLVM,rf_smbo,15,20270439,8,17508,61223.6,60974.0,0.1690178654797846,52285.4,103691.8
LLVM,rf_smbo,15,20270439,9,34474,71986.8,60974.0,0.1690178654797846,52285.4,103691.8
LLVM,rf_smbo,15,20270439,10,36964,70676.8,60974.0,0.1690178654797846,52285.4,103691.8
LLVM,rf_smbo,15,20270439,11,27749,70091.6,60974.0,0.1690178654797846,52285.4,103691.8
LLVM,rf_smbo,15,20270439,12,20845,71729.8,60974.0,0.1690178654797846,52285.4,103691.8
LLVM,rf_smbo,15,20270439,13,17630,66572.4,60974.0,0.1690178654797846,52285.4,103691.8
LLVM,rf_smbo,15,20270439,14,17635,66544.2,60974.0,0.1690178654797846,52285.4,103691.8
LLVM,rf_smbo,15,20270439,15,17569,56395.8,56395.8,0.07995891562140126,52285.4,103691.8
LLVM,rf_smbo,15,20270439,16,8881,66341.4,56395.8,0.07995891562140126,52285.4,103691.8
LLVM,rf_smbo,15,20270439,17,17545,58482.4,56395.8,0.07995891562140126,52285.4,103691.8
LLVM,rf_smbo,15,20270439,18,17585,60339.2,56395.8,0.07995891562140126,52285.4,103691.8
LLVM,rf_smbo,15,20270439,19,6281,64545.0,56395.8,0.07995891562140126,52285.4,103691.8
LLVM,rf_smbo,15,20270439,20,25761,63323.4,56395.8,0.07995891562140126,52285.4,103691.8
LLVM,rf_smbo,15,20270439,21,22705,60640.2,56395.8,0.07995891562140126,52285.4,103691.8
LLVM,rf_smbo,15,20270439,22,17480,58983.2,56395.8,0.07995891562140126,52285.4,103691.8
LLVM,rf_smbo,15,20270439,23,22857,63492.4,56395.8,0.07995891562140126,52285.4,103691.8
LLVM,rf_smbo,15,20270439,24,17993,65018.0,56395.8,0.07995891562140126,52285.4,103691.8
LLVM,rf_smbo,15,20270439,25,16513,53862.8,53862.8,0.03068489526595913,52285.4,103691.8
LLVM,rf_smbo,15,20270439,26,20609,54264.4,53862.8,0.03068489526595913,52285.4,103691.8
LLVM,rf_smbo,15,20270439,27,40960,57468.8,53862.8,0.03068489526595913,52285.4,103691.8
LLVM,rf_smbo,15,20270439,28,41728,60648.0,53862.8,0.03068489526595913,52285.4,103691.8
LLVM,rf_smbo,15,20270439,29,17153,56978.2,53862.8,0.03068489526595913,52285.4,103691.8
LLVM,rf_smbo,15,20270439,30,129,53429.4,53429.4,0.022254038407669083,52285.4,103691.8
LLVM,rf_smbo,15,20270439,31,25345,63082.2,53429.4,0.022254038407669083,52285.4,103691.8
LLVM,rf_smbo,15,20270439,32,16385,53839.4,53429.4,0.022254038407669083,52285.4,103691.8
LLVM,rf_smbo,15,20270439,33,41089,57788.6,53429.4,0.022254038407669083,52285.4,103691.8
LLVM,rf_smbo,15,20270439,34,16419,62814.8,53429.4,0.022254038407669083,52285.4,103691.8
LLVM,rf_smbo,15,20270439,35,20672,59962.0,53429.4,0.022254038407669083,52285.4,103691.8
LLVM,rf_smbo,15,20270439,36,16521,57464.2,53429.4,0.022254038407669083,52285.4,103691.8
LLVM,rf_smbo,15,20270439,37,16417,59549.8,53429.4,0.022254038407669083,52285.4,103691.8
LLVM,rf_smbo,15,20270439,38,128,53380.6,53380.6,0.021304740265803424,52285.4,103691.8
LLVM,rf_smbo,15,20270439,39,0,52285.4,52285.4,0.0,52285.4,103691.8
LLVM,rf_smbo,15,20270439,40,49284,59836.4,52285.4,0.0,52285.4,103691.8
LLVM,rf_smbo,15,20270439,41,1,52324.8,52285.4,0.0,52285.4,103691.8
LLVM,rf_smbo,15,20270439,42,1281,56303.6,52285.4,0.0,52285.4,103691.8
LLVM,rf_smbo,15,20270439,43,9,56997.8,52285.4,0.0,52285.4,103691.8
LLVM,rf_smbo,15,20270439,44,3,56400.0,52285.4,0.0,52285.4,103691.8
LLVM,rf_smbo,15,20270439,45,352,59994.2,52285.4,0.0,52285.4,103691.8
LLVM,rf_smbo,15,20270439,46,8323,56877.2,52285.4,0.0,52285.4,103691.8
LLVM,rf_smbo,15,20270439,47,512,56277.8,52285.4,0.0,52285.4,103691.8
LLVM,rf_smbo,15,20270439,48,8321,53727.6,52285.4,0.0,52285.4,103691.8
LLVM,rf_smbo,15,20270439,49,8454,61232.8,52285.4,0.0,52285.4,103691.8
LLVM,rf_smbo,15,20270439,50,8192,53887.2,52285.4,0.0,52285.4,103691.8
LLVM,random_search,16,20270440,1,31261,82519.0,82519.0,0.5881291045472937,52285.4,103691.8
LLVM,random_search,16,20270440,2,56395,65082.8,65082.8,0.24894565657194437,52285.4,103691.8
LLVM,random_search,16,20270440,3,49957,68719.0,65082.8,0.24894565657194437,52285.4,103691.8
LLVM,random_search,16,20270440,4,12863,82693.6,65082.8,0.24894565657194437,52285.4,103691.8
LLVM,random_search,16,20270440,5,58655,72205.4,65082.8,0.24894565657194437,52285.4,103691.8
LLVM,random_search,16,20270440,6,40934,86734.2,65082.8,0.24894565657194437,52285.4,103691.8
LLVM,random_search,16,20270440,7,9179,74237.6,65082.8,0.24894565657194437,52285.4,103691.8
LLVM,random_search,16,20270440,8,1511,68680.6,65082.8,0.24894565657194437,52285.4,103691.8
LLVM,random_search,16,20270440,9,59281,74509.4,65082.8,0.24894565657194437,52285.4,103691.8
LLVM,random_search,16,20270440,10,62065,86520.4,65082.8,0.24894565657194437,52285.4,103691.8
LLVM,random_search,16,20270440,11,4540,71530.4,65082.8,0.24894565657194437,52285.4,103691.8
LLVM,random_search,16,20270440,12,52968,89817.8,65082.8,0.24894565657194437,52285.4,103691.8
LLVM,random_search,16,20270440,13,4764,73824.0,65082.8,0.24894565657194437,52285.4,103691.8
LLVM,random_search,16,20270440,14,60872,74900.0,65082.8,0.24894565657194437,52285.4,103691.8
LLVM,random_search,16,20270440,15,47446,89107.2,65082.8,0.24894565657194437,52285.4,103691.8
LLVM,random_search,16,20270440,16,57416,67526.0,65082.8,0.24894565657194437,52285.4,103691.8
LLVM,random_search,16,20270440,17,34008,68017.8,65082.8,0.24894565657194437,52285.4,103691.8
LLVM,random_search,16,20270440,18,10917,72141.4,65082.8,0.24894565657194437,52285.4,103691.8
LLVM,random_search,16,20270440,19,64180,91014.8,65082.8,0.24894565657194437,52285.4,103691.8
LLVM,random_search,16,20270440,20,36475,96185.6,65082.8,0.24894565657194437,52285.4,103691.8
LLVM,random_search,16,20270440,21,12250,80389.8,65082.8,0.24894565657194437,52285.4,103691.8
LLVM,random_search,16,20270440,22,23872,71112.4,65082.8,0.24894565657194437,52285.4,103691.8
LLVM,random_search,16,20270440,23,4688,68236.0,65082.8,0.24894565657194437,52285.4,103691.8
LLVM,random_search,16,20270440,24,55699,71370.4,65082.8,0.24894565657194437,52285.4,103691.8
LLVM,random_search,16,20270440,25,33185,63423.2,63423.2,0.21666173861620333,52285.4,103691.8
LLVM,random_search,16,20270440,26,3359,76305.2,63423.2,0.21666173861620333,52285.4,103691.8
LLVM,random_search,16,20270440,27,10052,64570.4,63423.2,0.21666173861620333,52285.4,103691.8
LLVM,random_search,16,20270440,28,36384,85272.6,63423.2,0.21666173861620333,52285.4,103691.8
LLVM,random_search,16,20270440,29,47068,97575.4,63423.2,0.21666173861620333,52285.4,103691.8
LLVM,random_search,16,20270440,30,29613,90819.0,63423.2,0.21666173861620333,52285.4,103691.8
LLVM,random_search,16,20270440,31,28463,81300.2,63423.2,0.21666173861620333,52285.4,103691.8
LLVM,random_search,16,20270440,32,3443,76848.2,63423.2,0.21666173861620333,52285.4,103691.8
LLVM,random_search,16,20270440,33,4751,72328.4,63423.2,0.21666173861620333,52285.4,103691.8
LLVM,random_search,16,20270440,34,23919,83704.2,63423.2,0.21666173861620333,52285.4,103691.8
LLVM,random_search,16,20270440,35,867,65909.6,63423.2,0.21666173861620333,52285.4,103691.8
LLVM,random_search,16,20270440,36,56824,86670.6,63423.2,0.21666173861620333,52285.4,103691.8
LLVM,random_search,16,20270440,37,65105,93308.2,63423.2,0.21666173861620333,52285.4,103691.8
LLVM,random_search,16,20270440,38,22745,66795.0,63423.2,0.21666173861620333,52285.4,103691.8
LLVM,random_search,16,20270440,39,17338,70432.2,63423.2,0.21666173861620333,52285.4,103691.8
LLVM,random_search,16,20270440,40,64408,85432.4,63423.2,0.21666173861620333,52285.4,103691.8
LLVM,random_search,16,20270440,41,24349,70079.0,63423.2,0.21666173861620333,52285.4,103691.8
LLVM,random_search,16,20270440,42,62501,86737.4,63423.2,0.21666173861620333,52285.4,103691.8
LLVM,random_search,16,20270440,43,13258,83086.2,63423.2,0.21666173861620333,52285.4,103691.8
LLVM,random_search,16,20270440,44,22595,58745.6,58745.6,0.1256691773786921,52285.4,103691.8
LLVM,random_search,16,20270440,45,48825,91726.2,58745.6,0.1256691773786921,52285.4,103691.8
LLVM,random_search,16,20270440,46,46366,85713.4,58745.6,0.1256691773786921,52285.4,103691.8
LLVM,random_search,16,20270440,47,49912,77557.0,58745.6,0.1256691773786921,52285.4,103691.8
LLVM,random_search,16,20270440,48,48851,95822.0,58745.6,0.1256691773786921,52285.4,103691.8
LLVM,random_search,16,20270440,49,24487,81787.0,58745.6,0.1256691773786921,52285.4,103691.8
LLVM,random_search,16,20270440,50,23281,87042.2,58745.6,0.1256691773786921,52285.4,103691.8
LLVM,rf_smbo,16,20270440,1,54684,80186.2,80186.2,0.5427495409131936,52285.4,103691.8
LLVM,rf_smbo,16,20270440,2,64325,86917.8,80186.2,0.5427495409131936,52285.4,103691.8
LLVM,rf_smbo,16,20270440,3,46405,84039.0,80186.2,0.5427495409131936,52285.4,103691.8
LLVM,rf_smbo,16,20270440,4,65486,97408.6,80186.2,0.5427495409131936,52285.4,103691.8
LLVM,rf_smbo,16,20270440,5,20994,57362.8,57362.8,0.09876980298172992,52285.4,103691.8
LLVM,rf_smbo,16,20270440,6,35708,84767.2,57362.8,0.09876980298172992,52285.4,103691.8
LLVM,rf_smbo,16,20270440,7,9935,72807.6,57362.8,0.09876980298172992,52285.4,103691.8
LLVM,rf_smbo,16,20270440,8,8816,62315.2,57362.8,0.09876980298172992,52285.4,103691.8
LLVM,rf_smbo,16,20270440,9,118,66822.2,57362.8,0.09876980298172992,52285.4,103691.8
LLVM,rf_smbo,16,20270440,10,11280,62841.8,57362.8,0.09876980298172992,52285.4,103691.8
LLVM,rf_smbo,16,20270440,11,22546,59693.2,57362.8,0.09876980298172992,52285.4,103691.8
LLVM,rf_smbo,16,20270440,12,17154,59350.0,57362.8,0.09876980298172992,52285.4,103691.8
LLVM,rf_smbo,16,20270440,13,26370,68995.4,57362.8,0.09876980298172992,52285.4,103691.8
LLVM,rf_smbo,16,20270440,14,23634,65004.2,57362.8,0.09876980298172992,52285.4,103691.8
LLVM,rf_smbo,16,20270440,15,27788,67099.8,57362.8,0.09876980298172992,52285.4,103691.8
LLVM,rf_smbo,16,20270440,16,20993,56728.6,56728.6,0.08643281770363218,52285.4,103691.8
LLVM,rf_smbo,16,20270440,17,14339,71012.6,56728.6,0.08643281770363218,52285.4,103691.8
LLVM,rf_smbo,16,20270440,18,21020,61309.2,56728.6,0.08643281770363218,52285.4,103691.8
LLVM,rf_smbo,16,20270440,19,20999,58722.2,56728.6,0.08643281770363218,52285.4,103691.8
LLVM,rf_smbo,16,20270440,20,16929,60338.6,56728.6,0.08643281770363218,52285.4,103691.8
LLVM,rf_smbo,16,20270440,21,16902,58032.4,56728.6,0.08643281770363218,52285.4,103691.8
LLVM,rf_smbo,16,20270440,22,20614,58082.8,56728.6,0.08643281770363218,52285.4,103691.8
LLVM,rf_smbo,16,20270440,23,55334,67205.0,56728.6,0.08643281770363218,52285.4,103691.8
LLVM,rf_smbo,16,20270440,24,21057,57200.8,56728.6,0.08643281770363218,52285.4,103691.8
LLVM,rf_smbo,16,20270440,25,50080,66282.6,56728.6,0.08643281770363218,52285.4,103691.8
LLVM,rf_smbo,16,20270440,26,20483,57268.2,56728.6,0.08643281770363218,52285.4,103691.8
LLVM,rf_smbo,16,20270440,27,21251,59841.8,56728.6,0.08643281770363218,52285.4,103691.8
LLVM,rf_smbo,16,20270440,28,22432,76576.6,56728.6,0.08643281770363218,52285.4,103691.8
LLVM,rf_smbo,16,20270440,29,32008,78115.0,56728.6,0.08643281770363218,52285.4,103691.8
LLVM,rf_smbo,16,20270440,30,53761,60208.2,56728.6,0.08643281770363218,52285.4,103691.8
LLVM,rf_smbo,16,20270440,31,16391,58536.0,56728.6,0.08643281770363218,52285.4,103691.8
LLVM,rf_smbo,16,20270440,32,20551,60260.4,56728.6,0.08643281770363218,52285.4,103691.8
LLVM,rf_smbo,16,20270440,33,16385,53839.4,53839.4,0.030229699025802234,52285.4,103691.8
LLVM,rf_smbo,16,20270440,34,16454,59409.6,53839.4,0.030229699025802234,52285.4,103691.8
LLVM,rf_smbo,16,20270440,35,40960,57468.8,53839.4,0.030229699025802234,52285.4,103691.8
LLVM,rf_smbo,16,20270440,36,14158,84838.6,53839.4,0.030229699025802234,52285.4,103691.8
LLVM,rf_smbo,16,20270440,37,53249,57269.8,53839.4,0.030229699025802234,52285.4,103691.8
LLVM,rf_smbo,16,20270440,38,24641,61808.2,53839.4,0.030229699025802234,52285.4,103691.8
LLVM,rf_smbo,16,20270440,39,8257,55781.8,53839.4,0.030229699025802234,52285.4,103691.8
LLVM,rf_smbo,16,20270440,40,20480,54182.0,53839.4,0.030229699025802234,52285.4,103691.8
LLVM,rf_smbo,16,20270440,41,20481,54172.6,53839.4,0.030229699025802234,52285.4,103691.8
LLVM,rf_smbo,16,20270440,42,53248,57216.4,53839.4,0.030229699025802234,52285.4,103691.8
LLVM,rf_smbo,16,20270440,43,20609,54264.4,53839.4,0.030229699025802234,52285.4,103691.8
LLVM,rf_smbo,16,20270440,44,0,52285.4,52285.4,0.0,52285.4,103691.8
LLVM,rf_smbo,16,20270440,45,32896,57495.0,52285.4,0.0,52285.4,103691.8
LLVM,rf_smbo,16,20270440,46,145,56462.8,52285.4,0.0,52285.4,103691.8
LLVM,rf_smbo,16,20270440,47,8256,55568.4,52285.4,0.0,52285.4,103691.8
LLVM,rf_smbo,16,20270440,48,8321,53727.6,52285.4,0.0,52285.4,103691.8
LLVM,rf_smbo,16,20270440,49,14497,71097.8,52285.4,0.0,52285.4,103691.8
LLVM,rf_smbo,16,20270440,50,17,56750.0,52285.4,0.0,52285.4,103691.8
LLVM,random_search,17,20270441,1,51999,81240.8,81240.8,0.5632644962494943,52285.4,103691.8
LLVM,random_search,17,20270441,2,57152,78167.4,78167.4,0.5034781661427369,52285.4,103691.8
LLVM,random_search,17,20270441,3,58137,72311.8,72311.8,0.38957017025117496,52285.4,103691.8
LLVM,random_search,17,20270441,4,10046,71728.8,71728.8,0.3782291699088052,52285.4,103691.8
LLVM,random_search,17,20270441,5,56435,66507.8,66507.8,0.276665940427651,52285.4,103691.8
LLVM,random_search,17,20270441,6,22451,81600.6,66507.8,0.276665940427651,52285.4,103691.8
LLVM,random_search,17,20270441,7,57104,67577.4,66507.8,0.276665940427651,52285.4,103691.8
LLVM,random_search,17,20270441,8,52092,84900.6,66507.8,0.276665940427651,52285.4,103691.8
LLVM,random_search,17,20270441,9,40319,95590.2,66507.8,0.276665940427651,52285.4,103691.8
LLVM,random_search,17,20270441,10,62688,86141.2,66507.8,0.276665940427651,52285.4,103691.8
LLVM,random_search,17,20270441,11,30661,91182.8,66507.8,0.276665940427651,52285.4,103691.8
LLVM,random_search,17,20270441,12,5331,83898.2,66507.8,0.276665940427651,52285.4,103691.8
LLVM,random_search,17,20270441,13,1149,68824.8,66507.8,0.276665940427651,52285.4,103691.8
LLVM,random_search,17,20270441,14,32534,88146.8,66507.8,0.276665940427651,52285.4,103691.8
LLVM,random_search,17,20270441,15,33680,64360.2,64360.2,0.23488904105325398,52285.4,103691.8
LLVM,random_search,17,20270441,16,22466,83430.2,64360.2,0.23488904105325398,52285.4,103691.8
LLVM,random_search,17,20270441,17,11279,65920.8,64360.2,0.23488904105325398,52285.4,103691.8
LLVM,random_search,17,20270441,18,61899,95720.8,64360.2,0.23488904105325398,52285.4,103691.8
LLVM,random_search,17,20270441,19,15008,81147.8,64360.2,0.23488904105325398,52285.4,103691.8
LLVM,random_search,17,20270441,20,25434,78862.0,64360.2,0.23488904105325398,52285.4,103691.8
LLVM,random_search,17,20270441,21,3651,79435.6,64360.2,0.23488904105325398,52285.4,103691.8
LLVM,random_search,17,20270441,22,22162,80868.2,64360.2,0.23488904105325398,52285.4,103691.8
LLVM,random_search,17,20270441,23,23912,79417.4,64360.2,0.23488904105325398,52285.4,103691.8
LLVM,random_search,17,20270441,24,26604,81473.2,64360.2,0.23488904105325398,52285.4,103691.8
LLVM,random_search,17,20270441,25,41551,66177.6,64360.2,0.23488904105325398,52285.4,103691.8
LLVM,random_search,17,20270441,26,39712,84273.4,64360.2,0.23488904105325398,52285.4,103691.8
LLVM,random_search,17,20270441,27,50034,70441.6,64360.2,0.23488904105325398,52285.4,103691.8
LLVM,random_search,17,20270441,28,55764,74297.2,64360.2,0.23488904105325398,52285.4,103691.8
LLVM,random_search,17,20270441,29,16864,68834.6,64360.2,0.23488904105325398,52285.4,103691.8
LLVM,random_search,17,20270441,30,51105,66331.6,64360.2,0.23488904105325398,52285.4,103691.8
LLVM,random_search,17,20270441,31,57756,75678.2,64360.2,0.23488904105325398,52285.4,103691.8
LLVM,random_search,17,20270441,32,40362,87529.0,64360.2,0.23488904105325398,52285.4,103691.8
LLVM,random_search,17,20270441,33,45945,87996.2,64360.2,0.23488904105325398,52285.4,103691.8
LLVM,random_search,17,20270441,34,4400,73549.4,64360.2,0.23488904105325398,52285.4,103691.8
LLVM,random_search,17,20270441,35,20367,83284.8,64360.2,0.23488904105325398,52285.4,103691.8
LLVM,random_search,17,20270441,36,59833,75290.4,64360.2,0.23488904105325398,52285.4,103691.8
LLVM,random_search,17,20270441,37,27333,76997.2,64360.2,0.23488904105325398,52285.4,103691.8
LLVM,random_search,17,20270441,38,14111,86524.2,64360.2,0.23488904105325398,52285.4,103691.8
LLVM,random_search,17,20270441,39,27782,66804.2,64360.2,0.23488904105325398,52285.4,103691.8
LLVM,random_search,17,20270441,40,339,66581.2,64360.2,0.23488904105325398,52285.4,103691.8
LLVM,random_search,17,20270441,41,16759,71238.0,64360.2,0.23488904105325398,52285.4,103691.8
LLVM,random_search,17,20270441,42,15001,86356.0,64360.2,0.23488904105325398,52285.4,103691.8
LLVM,random_search,17,20270441,43,5664,83275.2,64360.2,0.23488904105325398,52285.4,103691.8
LLVM,random_search,17,20270441,44,173,61834.8,61834.8,0.18576286221170907,52285.4,103691.8
LLVM,random_search,17,20270441,45,4771,71578.2,61834.8,0.18576286221170907,52285.4,103691.8
LLVM,random_search,17,20270441,46,4444,74529.8,61834.8,0.18576286221170907,52285.4,103691.8
LLVM,random_search,17,20270441,47,62808,88750.8,61834.8,0.18576286221170907,52285.4,103691.8
LLVM,random_search,17,20270441,48,2650,80141.8,61834.8,0.18576286221170907,52285.4,103691.8
LLVM,random_search,17,20270441,49,60902,78688.2,61834.8,0.18576286221170907,52285.4,103691.8
LLVM,random_search,17,20270441,50,57567,77400.4,61834.8,0.18576286221170907,52285.4,103691.8
LLVM,rf_smbo,17,20270441,1,59624,73944.2,73944.2,0.42132497120981033,52285.4,103691.8
LLVM,rf_smbo,17,20270441,2,44267,80772.0,73944.2,0.42132497120981033,52285.4,103691.8
LLVM,rf_smbo,17,20270441,3,43852,73277.8,73277.8,0.4083616047807277,52285.4,103691.8
LLVM,rf_smbo,17,20270441,4,56827,89364.0,73277.8,0.4083616047807277,52285.4,103691.8
LLVM,rf_smbo,17,20270441,5,37519,76631.0,73277.8,0.4083616047807277,52285.4,103691.8
LLVM,rf_smbo,17,20270441,6,6563,70533.8,70533.8,0.35498303713156343,52285.4,103691.8
LLVM,rf_smbo,17,20270441,7,11170,70562.0,70533.8,0.35498303713156343,52285.4,103691.8
LLVM,rf_smbo,17,20270441,8,22402,76444.4,70533.8,0.35498303713156343,52285.4,103691.8
LLVM,rf_smbo,17,20270441,9,1792,58524.8,58524.8,0.12137399234336584,52285.4,103691.8
LLVM,rf_smbo,17,20270441,10,6420,71927.8,58524.8,0.12137399234336584,52285.4,103691.8
LLVM,rf_smbo,17,20270441,11,6400,64595.0,58524.8,0.12137399234336584,52285.4,103691.8
LLVM,rf_smbo,17,20270441,12,1168,57845.2,57845.2,0.10815384854804062,52285.4,103691.8
LLVM,rf_smbo,17,20270441,13,1264,66697.6,57845.2,0.10815384854804062,52285.4,103691.8
LLVM,rf_smbo,17,20270441,14,2833,71883.8,57845.2,0.10815384854804062,52285.4,103691.8
LLVM,rf_smbo,17,20270441,15,1824,64964.0,57845.2,0.10815384854804062,52285.4,103691.8
LLVM,rf_smbo,17,20270441,16,9728,58607.2,57845.2,0.10815384854804062,52285.4,103691.8
LLVM,rf_smbo,17,20270441,17,1796,62848.0,57845.2,0.10815384854804062,52285.4,103691.8
LLVM,rf_smbo,17,20270441,18,1802,63975.0,57845.2,0.10815384854804062,52285.4,103691.8
LLVM,rf_smbo,17,20270441,19,1540,62771.6,57845.2,0.10815384854804062,52285.4,103691.8
LLVM,rf_smbo,17,20270441,20,2880,72473.6,57845.2,0.10815384854804062,52285.4,103691.8
LLVM,rf_smbo,17,20270441,21,128,53380.6,53380.6,0.021304740265803424,52285.4,103691.8
LLVM,rf_smbo,17,20270441,22,144,56539.0,53380.6,0.021304740265803424,52285.4,103691.8
LLVM,rf_smbo,17,20270441,23,21392,60987.0,53380.6,0.021304740265803424,52285.4,103691.8
LLVM,rf_smbo,17,20270441,24,8321,53727.6,53380.6,0.021304740265803424,52285.4,103691.8
LLVM,rf_smbo,17,20270441,25,8960,56901.6,53380.6,0.021304740265803424,52285.4,103691.8
LLVM,rf_smbo,17,20270441,26,192,59106.0,53380.6,0.021304740265803424,52285.4,103691.8
LLVM,rf_smbo,17,20270441,27,8198,57673.4,53380.6,0.021304740265803424,52285.4,103691.8
LLVM,rf_smbo,17,20270441,28,8326,57667.0,53380.6,0.021304740265803424,52285.4,103691.8
LLVM,rf_smbo,17,20270441,29,8320,53879.2,53380.6,0.021304740265803424,52285.4,103691.8
LLVM,rf_smbo,17,20270441,30,49921,59800.8,53380.6,0.021304740265803424,52285.4,103691.8
LLVM,rf_smbo,17,20270441,31,8195,57050.8,53380.6,0.021304740265803424,52285.4,103691.8
LLVM,rf_smbo,17,20270441,32,8201,57419.6,53380.6,0.021304740265803424,52285.4,103691.8
LLVM,rf_smbo,17,20270441,33,133,57744.6,53380.6,0.021304740265803424,52285.4,103691.8
LLVM,rf_smbo,17,20270441,34,131,56442.8,53380.6,0.021304740265803424,52285.4,103691.8
LLVM,rf_smbo,17,20270441,35,8368,59027.0,53380.6,0.021304740265803424,52285.4,103691.8
LLVM,rf_smbo,17,20270441,36,8323,56877.2,53380.6,0.021304740265803424,52285.4,103691.8
LLVM,rf_smbo,17,20270441,37,8385,59706.2,53380.6,0.021304740265803424,52285.4,103691.8
LLVM,rf_smbo,17,20270441,38,0,52285.4,52285.4,0.0,52285.4,103691.8
LLVM,rf_smbo,17,20270441,39,153,59908.4,52285.4,0.0,52285.4,103691.8
LLVM,rf_smbo,17,20270441,40,64,55426.0,52285.4,0.0,52285.4,103691.8
LLVM,rf_smbo,17,20270441,41,21062,60683.6,52285.4,0.0,52285.4,103691.8
LLVM,rf_smbo,17,20270441,42,136,56919.4,52285.4,0.0,52285.4,103691.8
LLVM,rf_smbo,17,20270441,43,53391,63030.0,52285.4,0.0,52285.4,103691.8
LLVM,rf_smbo,17,20270441,44,512,56277.8,52285.4,0.0,52285.4,103691.8
LLVM,rf_smbo,17,20270441,45,8322,56938.6,52285.4,0.0,52285.4,103691.8
LLVM,rf_smbo,17,20270441,46,17,56750.0,52285.4,0.0,52285.4,103691.8
LLVM,rf_smbo,17,20270441,47,12,57251.4,52285.4,0.0,52285.4,103691.8
LLVM,rf_smbo,17,20270441,48,2,55493.0,52285.4,0.0,52285.4,103691.8
LLVM,rf_smbo,17,20270441,49,168,58048.8,52285.4,0.0,52285.4,103691.8
LLVM,rf_smbo,17,20270441,50,2113,69248.8,52285.4,0.0,52285.4,103691.8
LLVM,random_search,18,20270442,1,37962,83211.8,83211.8,0.6016060257088611,52285.4,103691.8
LLVM,random_search,18,20270442,2,46574,94010.0,83211.8,0.6016060257088611,52285.4,103691.8
LLVM,random_search,18,20270442,3,28603,76921.6,76921.6,0.47924382956207795,52285.4,103691.8
LLVM,random_search,18,20270442,4,9558,65396.6,65396.6,0.25504995486943255,52285.4,103691.8
LLVM,random_search,18,20270442,5,46987,90088.0,65396.6,0.25504995486943255,52285.4,103691.8
LLVM,random_search,18,20270442,6,32530,86145.0,65396.6,0.25504995486943255,52285.4,103691.8
LLVM,random_search,18,20270442,7,19203,72563.2,65396.6,0.25504995486943255,52285.4,103691.8
LLVM,random_search,18,20270442,8,1210,63946.0,63946.0,0.22683167854586195,52285.4,103691.8
LLVM,random_search,18,20270442,9,14703,86832.6,63946.0,0.22683167854586195,52285.4,103691.8
LLVM,random_search,18,20270442,10,15928,86330.2,63946.0,0.22683167854586195,52285.4,103691.8
LLVM,random_search,18,20270442,11,11326,72166.2,63946.0,0.22683167854586195,52285.4,103691.8
LLVM,random_search,18,20270442,12,33347,63205.4,63205.4,0.21242491207320488,52285.4,103691.8
LLVM,random_search,18,20270442,13,54480,79242.2,63205.4,0.21242491207320488,52285.4,103691.8
LLVM,random_search,18,20270442,14,27788,67099.8,63205.4,0.21242491207320488,52285.4,103691.8
LLVM,random_search,18,20270442,15,55311,62963.2,62963.2,0.20771343645927345,52285.4,103691.8
LLVM,random_search,18,20270442,16,32040,83377.8,62963.2,0.20771343645927345,52285.4,103691.8
LLVM,random_search,18,20270442,17,30344,84612.8,62963.2,0.20771343645927345,52285.4,103691.8
LLVM,random_search,18,20270442,18,51094,72182.6,62963.2,0.20771343645927345,52285.4,103691.8
LLVM,random_search,18,20270442,19,55525,70242.4,62963.2,0.20771343645927345,52285.4,103691.8
LLVM,random_search,18,20270442,20,6429,74070.0,62963.2,0.20771343645927345,52285.4,103691.8
LLVM,random_search,18,20270442,21,62765,89723.4,62963.2,0.20771343645927345,52285.4,103691.8
LLVM,random_search,18,20270442,22,25511,73325.4,62963.2,0.20771343645927345,52285.4,103691.8
LLVM,random_search,18,20270442,23,36850,93821.8,62963.2,0.20771343645927345,52285.4,103691.8
LLVM,random_search,18,20270442,24,18030,73699.6,62963.2,0.20771343645927345,52285.4,103691.8
LLVM,random_search,18,20270442,25,41765,69265.4,62963.2,0.20771343645927345,52285.4,103691.8
LLVM,random_search,18,20270442,26,47267,78198.0,62963.2,0.20771343645927345,52285.4,103691.8
LLVM,random_search,18,20270442,27,17323,69199.4,62963.2,0.20771343645927345,52285.4,103691.8
LLVM,random_search,18,20270442,28,19178,88281.2,62963.2,0.20771343645927345,52285.4,103691.8
LLVM,random_search,18,20270442,29,30600,83765.0,62963.2,0.20771343645927345,52285.4,103691.8
LLVM,random_search,18,20270442,30,28534,80632.0,62963.2,0.20771343645927345,52285.4,103691.8
LLVM,random_search,18,20270442,31,1374,66100.0,62963.2,0.20771343645927345,52285.4,103691.8
LLVM,random_search,18,20270442,32,64683,88160.4,62963.2,0.20771343645927345,52285.4,103691.8
LLVM,random_search,18,20270442,33,15282,85736.0,62963.2,0.20771343645927345,52285.4,103691.8
LLVM,random_search,18,20270442,34,26032,67962.8,62963.2,0.20771343645927345,52285.4,103691.8
LLVM,random_search,18,20270442,35,51230,78627.0,62963.2,0.20771343645927345,52285.4,103691.8
LLVM,random_search,18,20270442,36,60989,85003.4,62963.2,0.20771343645927345,52285.4,103691.8
LLVM,random_search,18,20270442,37,59963,77423.8,62963.2,0.20771343645927345,52285.4,103691.8
LLVM,random_search,18,20270442,38,48689,88921.0,62963.2,0.20771343645927345,52285.4,103691.8
LLVM,random_search,18,20270442,39,1428,62125.4,62125.4,0.1914158548351956,52285.4,103691.8
LLVM,random_search,18,20270442,40,55638,73934.6,62125.4,0.1914158548351956,52285.4,103691.8
LLVM,random_search,18,20270442,41,12862,79921.2,62125.4,0.1914158548351956,52285.4,103691.8
LLVM,random_search,18,20270442,42,50610,64037.4,62125.4,0.1914158548351956,52285.4,103691.8
LLVM,random_search,18,20270442,43,3661,82405.8,62125.4,0.1914158548351956,52285.4,103691.8
LLVM,random_search,18,20270442,44,18016,63783.0,62125.4,0.1914158548351956,52285.4,103691.8
LLVM,random_search,18,20270442,45,30935,86641.8,62125.4,0.1914158548351956,52285.4,103691.8
LLVM,random_search,18,20270442,46,21063,61372.0,61372.0,0.17676009212860652,52285.4,103691.8
LLVM,random_search,18,20270442,47,50795,78334.4,61372.0,0.17676009212860652,52285.4,103691.8
LLVM,random_search,18,20270442,48,44829,79217.4,61372.0,0.17676009212860652,52285.4,103691.8
LLVM,random_search,18,20270442,49,48467,88707.2,61372.0,0.17676009212860652,52285.4,103691.8
LLVM,random_search,18,20270442,50,65208,90713.8,61372.0,0.17676009212860652,52285.4,103691.8
LLVM,rf_smbo,18,20270442,1,28812,77578.0,77578.0,0.49201266768340124,52285.4,103691.8
LLVM,rf_smbo,18,20270442,2,33362,67195.0,67195.0,0.2900339257368732,52285.4,103691.8
LLVM,rf_smbo,18,20270442,3,31363,82846.8,67195.0,0.2900339257368732,52285.4,103691.8
LLVM,rf_smbo,18,20270442,4,1668,63921.0,63921.0,0.22634535777646358,52285.4,103691.8
LLVM,rf_smbo,18,20270442,5,8739,63140.0,63140.0,0.21115269694045874,52285.4,103691.8
LLVM,rf_smbo,18,20270442,6,42404,64507.4,63140.0,0.21115269694045874,52285.4,103691.8
LLVM,rf_smbo,18,20270442,7,762,76626.0,63140.0,0.21115269694045874,52285.4,103691.8
LLVM,rf_smbo,18,20270442,8,34091,70104.6,63140.0,0.21115269694045874,52285.4,103691.8
LLVM,rf_smbo,18,20270442,9,773,60239.2,60239.2,0.15472392542562785,52285.4,103691.8
LLVM,rf_smbo,18,20270442,10,9540,60313.0,60239.2,0.15472392542562785,52285.4,103691.8
LLVM,rf_smbo,18,20270442,11,8964,60209.4,60209.4,0.15414423106850508,52285.4,103691.8
LLVM,rf_smbo,18,20270442,12,8356,59184.0,59184.0,0.1341972983908618,52285.4,103691.8
LLVM,rf_smbo,18,20270442,13,8321,53727.6,53727.6,0.0280548725450527,52285.4,103691.8
LLVM,rf_smbo,18,20270442,14,8367,62287.4,53727.6,0.0280548725450527,52285.4,103691.8
LLVM,rf_smbo,18,20270442,15,9345,55505.4,53727.6,0.0280548725450527,52285.4,103691.8
LLVM,rf_smbo,18,20270442,16,22657,55451.6,53727.6,0.0280548725450527,52285.4,103691.8
LLVM,rf_smbo,18,20270442,17,8385,59706.2,53727.6,0.0280548725450527,52285.4,103691.8
LLVM,rf_smbo,18,20270442,18,22697,60042.6,53727.6,0.0280548725450527,52285.4,103691.8
LLVM,rf_smbo,18,20270442,19,9352,58813.6,53727.6,0.0280548725450527,52285.4,103691.8
LLVM,rf_smbo,18,20270442,20,9361,58135.8,53727.6,0.0280548725450527,52285.4,103691.8
LLVM,rf_smbo,18,20270442,21,8329,57337.0,53727.6,0.0280548725450527,52285.4,103691.8
LLVM,rf_smbo,18,20270442,22,11041,67497.2,53727.6,0.0280548725450527,52285.4,103691.8
LLVM,rf_smbo,18,20270442,23,30017,77318.4,53727.6,0.0280548725450527,52285.4,103691.8
LLVM,rf_smbo,18,20270442,24,8513,56713.8,53727.6,0.0280548725450527,52285.4,103691.8
LLVM,rf_smbo,18,20270442,25,20809,61361.6,53727.6,0.0280548725450527,52285.4,103691.8
LLVM,rf_smbo,18,20270442,26,9089,58440.4,53727.6,0.0280548725450527,52285.4,103691.8
LLVM,rf_smbo,18,20270442,27,8515,60116.8,53727.6,0.0280548725450527,52285.4,103691.8
LLVM,rf_smbo,18,20270442,28,9569,59237.4,53727.6,0.0280548725450527,52285.4,103691.8
LLVM,rf_smbo,18,20270442,29,10368,59918.2,53727.6,0.0280548725450527,52285.4,103691.8
LLVM,rf_smbo,18,20270442,30,22659,58770.6,53727.6,0.0280548725450527,52285.4,103691.8
LLVM,rf_smbo,18,20270442,31,9353,58726.8,53727.6,0.0280548725450527,52285.4,103691.8
LLVM,rf_smbo,18,20270442,32,51521,74850.0,53727.6,0.0280548725450527,52285.4,103691.8
LLVM,rf_smbo,18,20270442,33,23713,58887.2,53727.6,0.0280548725450527,52285.4,103691.8
LLVM,rf_smbo,18,20270442,34,20641,56030.4,53727.6,0.0280548725450527,52285.4,103691.8
LLVM,rf_smbo,18,20270442,35,8337,56860.6,53727.6,0.0280548725450527,52285.4,103691.8
LLVM,rf_smbo,18,20270442,36,21249,57241.2,53727.6,0.0280548725450527,52285.4,103691.8
LLVM,rf_smbo,18,20270442,37,20611,57273.0,53727.6,0.0280548725450527,52285.4,103691.8
LLVM,rf_smbo,18,20270442,38,53393,60194.0,53727.6,0.0280548725450527,52285.4,103691.8
LLVM,rf_smbo,18,20270442,39,49283,60145.8,53727.6,0.0280548725450527,52285.4,103691.8
LLVM,rf_smbo,18,20270442,40,27393,61958.2,53727.6,0.0280548725450527,52285.4,103691.8
LLVM,rf_smbo,18,20270442,41,20608,54233.0,53727.6,0.0280548725450527,52285.4,103691.8
LLVM,rf_smbo,18,20270442,42,9985,58668.4,53727.6,0.0280548725450527,52285.4,103691.8
LLVM,rf_smbo,18,20270442,43,22688,57211.0,53727.6,0.0280548725450527,52285.4,103691.8
LLVM,rf_smbo,18,20270442,44,20656,59324.2,53727.6,0.0280548725450527,52285.4,103691.8
LLVM,rf_smbo,18,20270442,45,21250,59709.0,53727.6,0.0280548725450527,52285.4,103691.8
LLVM,rf_smbo,18,20270442,46,20640,55606.0,53727.6,0.0280548725450527,52285.4,103691.8
LLVM,rf_smbo,18,20270442,47,49280,57076.8,53727.6,0.0280548725450527,52285.4,103691.8
LLVM,rf_smbo,18,20270442,48,21248,57269.6,53727.6,0.0280548725450527,52285.4,103691.8
LLVM,rf_smbo,18,20270442,49,53377,57468.0,53727.6,0.0280548725450527,52285.4,103691.8
LLVM,rf_smbo,18,20270442,50,9344,55383.4,53727.6,0.0280548725450527,52285.4,103691.8
LLVM,random_search,19,20270443,1,35173,81875.4,81875.4,0.5756092626599021,52285.4,103691.8
LLVM,random_search,19,20270443,2,48844,93841.4,81875.4,0.5756092626599021,52285.4,103691.8
LLVM,random_search,19,20270443,3,51847,82103.6,81875.4,0.5756092626599021,52285.4,103691.8
LLVM,random_search,19,20270443,4,47103,103639.8,81875.4,0.5756092626599021,52285.4,103691.8
LLVM,random_search,19,20270443,5,15261,85141.8,81875.4,0.5756092626599021,52285.4,103691.8
LLVM,random_search,19,20270443,6,10197,72849.6,72849.6,0.4000319026424726,52285.4,103691.8
LLVM,random_search,19,20270443,7,7057,79246.4,72849.6,0.4000319026424726,52285.4,103691.8
LLVM,random_search,19,20270443,8,13123,77579.6,72849.6,0.4000319026424726,52285.4,103691.8
LLVM,random_search,19,20270443,9,5762,83393.0,72849.6,0.4000319026424726,52285.4,103691.8
LLVM,random_search,19,20270443,10,52698,85520.0,72849.6,0.4000319026424726,52285.4,103691.8
LLVM,random_search,19,20270443,11,37945,88944.8,72849.6,0.4000319026424726,52285.4,103691.8
LLVM,random_search,19,20270443,12,32900,60170.0,60170.0,0.15337778953593323,52285.4,103691.8
LLVM,random_search,19,20270443,13,20955,71351.4,60170.0,0.15337778953593323,52285.4,103691.8
LLVM,random_search,19,20270443,14,52879,84329.0,60170.0,0.15337778953593323,52285.4,103691.8
LLVM,random_search,19,20270443,15,41084,66251.0,60170.0,0.15337778953593323,52285.4,103691.8
LLVM,random_search,19,20270443,16,55384,67314.4,60170.0,0.15337778953593323,52285.4,103691.8
LLVM,random_search,19,20270443,17,46597,85849.8,60170.0,0.15337778953593323,52285.4,103691.8
LLVM,random_search,19,20270443,18,43288,73873.0,60170.0,0.15337778953593323,52285.4,103691.8
LLVM,random_search,19,20270443,19,56450,61811.8,60170.0,0.15337778953593323,52285.4,103691.8
LLVM,random_search,19,20270443,20,56682,85124.2,60170.0,0.15337778953593323,52285.4,103691.8
LLVM,random_search,19,20270443,21,35940,79939.4,60170.0,0.15337778953593323,52285.4,103691.8
LLVM,random_search,19,20270443,22,33656,71499.8,60170.0,0.15337778953593323,52285.4,103691.8
LLVM,random_search,19,20270443,23,1203,60293.6,60170.0,0.15337778953593323,52285.4,103691.8
LLVM,random_search,19,20270443,24,4145,69304.0,60170.0,0.15337778953593323,52285.4,103691.8
LLVM,random_search,19,20270443,25,32395,86149.8,60170.0,0.15337778953593323,52285.4,103691.8
LLVM,random_search,19,20270443,26,60006,71671.0,60170.0,0.15337778953593323,52285.4,103691.8
LLVM,random_search,19,20270443,27,39298,72692.8,60170.0,0.15337778953593323,52285.4,103691.8
LLVM,random_search,19,20270443,28,26948,67810.6,60170.0,0.15337778953593323,52285.4,103691.8
LLVM,random_search,19,20270443,29,57252,83273.2,60170.0,0.15337778953593323,52285.4,103691.8
LLVM,random_search,19,20270443,30,42139,66821.4,60170.0,0.15337778953593323,52285.4,103691.8
LLVM,random_search,19,20270443,31,30346,86152.4,60170.0,0.15337778953593323,52285.4,103691.8
LLVM,random_search,19,20270443,32,26291,73523.2,60170.0,0.15337778953593323,52285.4,103691.8
LLVM,random_search,19,20270443,33,7037,94468.0,60170.0,0.15337778953593323,52285.4,103691.8
LLVM,random_search,19,20270443,34,54943,87714.2,60170.0,0.15337778953593323,52285.4,103691.8
LLVM,random_search,19,20270443,35,26882,67158.8,60170.0,0.15337778953593323,52285.4,103691.8
LLVM,random_search,19,20270443,36,62418,94813.2,60170.0,0.15337778953593323,52285.4,103691.8
LLVM,random_search,19,20270443,37,30849,75832.6,60170.0,0.15337778953593323,52285.4,103691.8
LLVM,random_search,19,20270443,38,43256,76981.2,60170.0,0.15337778953593323,52285.4,103691.8
LLVM,random_search,19,20270443,39,60050,74174.8,60170.0,0.15337778953593323,52285.4,103691.8
LLVM,random_search,19,20270443,40,1217,60702.4,60170.0,0.15337778953593323,52285.4,103691.8
LLVM,random_search,19,20270443,41,41121,59451.4,59451.4,0.13939898534034673,52285.4,103691.8
LLVM,random_search,19,20270443,42,12521,78430.8,59451.4,0.13939898534034673,52285.4,103691.8
LLVM,random_search,19,20270443,43,32558,93744.4,59451.4,0.13939898534034673,52285.4,103691.8
LLVM,random_search,19,20270443,44,23891,79428.4,59451.4,0.13939898534034673,52285.4,103691.8
LLVM,random_search,19,20270443,45,31627,82455.2,59451.4,0.13939898534034673,52285.4,103691.8
LLVM,random_search,19,20270443,46,61164,83796.0,59451.4,0.13939898534034673,52285.4,103691.8
LLVM,random_search,19,20270443,47,29220,84271.4,59451.4,0.13939898534034673,52285.4,103691.8
LLVM,random_search,19,20270443,48,9388,62028.6,59451.4,0.13939898534034673,52285.4,103691.8
LLVM,random_search,19,20270443,49,37692,77333.2,59451.4,0.13939898534034673,52285.4,103691.8
LLVM,random_search,19,20270443,50,30043,87792.6,59451.4,0.13939898534034673,52285.4,103691.8
LLVM,rf_smbo,19,20270443,1,29003,83131.0,83131.0,0.6000342369821656,52285.4,103691.8
LLVM,rf_smbo,19,20270443,2,45807,95758.6,83131.0,0.6000342369821656,52285.4,103691.8
LLVM,rf_smbo,19,20270443,3,10842,72493.0,72493.0,0.39309502318777423,52285.4,103691.8
LLVM,rf_smbo,19,20270443,4,61757,95787.2,72493.0,0.39309502318777423,52285.4,103691.8
LLVM,rf_smbo,19,20270443,5,27617,72211.4,72211.4,0.387617106041271,52285.4,103691.8
LLVM,rf_smbo,19,20270443,6,8081,71477.6,71477.6,0.37334261881789044,52285.4,103691.8
LLVM,rf_smbo,19,20270443,7,34402,69973.6,69973.6,0.34408556133088497,52285.4,103691.8
LLVM,rf_smbo,19,20270443,8,10856,70206.0,69973.6,0.34408556133088497,52285.4,103691.8
LLVM,rf_smbo,19,20270443,9,50785,68282.0,68282.0,0.311179152790314,52285.4,103691.8
LLVM,rf_smbo,19,20270443,10,49847,73761.0,68282.0,0.311179152790314,52285.4,103691.8
LLVM,rf_smbo,19,20270443,11,50274,62704.0,62704.0,0.2026712627221513,52285.4,103691.8
LLVM,rf_smbo,19,20270443,12,51781,76394.2,62704.0,0.2026712627221513,52285.4,103691.8
LLVM,rf_smbo,19,20270443,13,51170,75928.2,62704.0,0.2026712627221513,52285.4,103691.8
LLVM,rf_smbo,19,20270443,14,33890,63466.8,62704.0,0.2026712627221513,52285.4,103691.8
LLVM,rf_smbo,19,20270443,15,42082,63590.6,62704.0,0.2026712627221513,52285.4,103691.8
LLVM,rf_smbo,19,20270443,16,40034,70935.6,62704.0,0.2026712627221513,52285.4,103691.8
LLVM,rf_smbo,19,20270443,17,17506,60935.4,60935.4,0.16826698621183353,52285.4,103691.8
LLVM,rf_smbo,19,20270443,18,17486,59615.6,59615.6,0.14259314015375513,52285.4,103691.8
LLVM,rf_smbo,19,20270443,19,17426,59536.4,59536.4,0.14105247595630116,52285.4,103691.8
LLVM,rf_smbo,19,20270443,20,17410,56842.4,56842.4,0.08864654984593358,52285.4,103691.8
LLVM,rf_smbo,19,20270443,21,17422,57615.4,56842.4,0.08864654984593358,52285.4,103691.8
LLVM,rf_smbo,19,20270443,22,17541,59577.2,56842.4,0.08864654984593358,52285.4,103691.8
LLVM,rf_smbo,19,20270443,23,17671,58535.8,56842.4,0.08864654984593358,52285.4,103691.8
LLVM,rf_smbo,19,20270443,24,16899,57048.4,56842.4,0.08864654984593358,52285.4,103691.8
LLVM,rf_smbo,19,20270443,25,17733,61014.8,56842.4,0.08864654984593358,52285.4,103691.8
LLVM,rf_smbo,19,20270443,26,16905,57697.8,56842.4,0.08864654984593358,52285.4,103691.8
LLVM,rf_smbo,19,20270443,27,16393,57396.4,56842.4,0.08864654984593358,52285.4,103691.8
LLVM,rf_smbo,19,20270443,28,16947,64226.2,56842.4,0.08864654984593358,52285.4,103691.8
LLVM,rf_smbo,19,20270443,29,20480,54182.0,54182.0,0.03689423884963737,52285.4,103691.8
LLVM,rf_smbo,19,20270443,30,59393,63498.8,54182.0,0.03689423884963737,52285.4,103691.8
LLVM,rf_smbo,19,20270443,31,16392,57250.2,54182.0,0.03689423884963737,52285.4,103691.8
LLVM,rf_smbo,19,20270443,32,18473,76761.0,54182.0,0.03689423884963737,52285.4,103691.8
LLVM,rf_smbo,19,20270443,33,21248,57269.6,54182.0,0.03689423884963737,52285.4,103691.8
LLVM,rf_smbo,19,20270443,34,16648,61097.0,54182.0,0.03689423884963737,52285.4,103691.8
LLVM,rf_smbo,19,20270443,35,21008,57276.8,54182.0,0.03689423884963737,52285.4,103691.8
LLVM,rf_smbo,19,20270443,36,20736,57002.8,54182.0,0.03689423884963737,52285.4,103691.8
LLVM,rf_smbo,19,20270443,37,28416,65685.2,54182.0,0.03689423884963737,52285.4,103691.8
LLVM,rf_smbo,19,20270443,38,22528,55555.6,54182.0,0.03689423884963737,52285.4,103691.8
LLVM,rf_smbo,19,20270443,39,22576,63874.6,54182.0,0.03689423884963737,52285.4,103691.8
LLVM,rf_smbo,19,20270443,40,20508,61153.0,54182.0,0.03689423884963737,52285.4,103691.8
LLVM,rf_smbo,19,20270443,41,20486,58020.6,54182.0,0.03689423884963737,52285.4,103691.8
LLVM,rf_smbo,19,20270443,42,20481,54172.6,54172.6,0.03671138224034356,52285.4,103691.8
LLVM,rf_smbo,19,20270443,43,22544,56720.0,54172.6,0.03671138224034356,52285.4,103691.8
LLVM,rf_smbo,19,20270443,44,22657,55451.6,54172.6,0.03671138224034356,52285.4,103691.8
LLVM,rf_smbo,19,20270443,45,53376,57290.4,54172.6,0.03671138224034356,52285.4,103691.8
LLVM,rf_smbo,19,20270443,46,20609,54264.4,54172.6,0.03671138224034356,52285.4,103691.8
LLVM,rf_smbo,19,20270443,47,20489,57859.4,54172.6,0.03671138224034356,52285.4,103691.8
LLVM,rf_smbo,19,20270443,48,20833,60671.0,54172.6,0.03671138224034356,52285.4,103691.8
LLVM,rf_smbo,19,20270443,49,22529,55732.8,54172.6,0.03671138224034356,52285.4,103691.8
LLVM,rf_smbo,19,20270443,50,22531,57235.4,54172.6,0.03671138224034356,52285.4,103691.8
LLVM,random_search,20,20270444,1,39396,83971.6,83971.6,0.6163862865324162,52285.4,103691.8
LLVM,random_search,20,20270444,2,12835,77216.6,77216.6,0.48498241464097863,52285.4,103691.8
LLVM,random_search,20,20270444,3,37878,86830.8,77216.6,0.48498241464097863,52285.4,103691.8
LLVM,random_search,20,20270444,4,65058,92737.0,77216.6,0.48498241464097863,52285.4,103691.8
LLVM,random_search,20,20270444,5,12911,83554.4,77216.6,0.48498241464097863,52285.4,103691.8
LLVM,random_search,20,20270444,6,14677,84345.6,77216.6,0.48498241464097863,52285.4,103691.8
LLVM,random_search,20,20270444,7,30763,86809.6,77216.6,0.48498241464097863,52285.4,103691.8
LLVM,random_search,20,20270444,8,51785,76692.2,76692.2,0.4747813501820784,52285.4,103691.8
LLVM,random_search,20,20270444,9,62224,82801.0,76692.2,0.4747813501820784,52285.4,103691.8
LLVM,random_search,20,20270444,10,18533,77009.2,76692.2,0.4747813501820784,52285.4,103691.8
LLVM,random_search,20,20270444,11,28071,69226.6,69226.6,0.32955429674126185,52285.4,103691.8
LLVM,random_search,20,20270444,12,56614,81648.2,69226.6,0.32955429674126185,52285.4,103691.8
LLVM,random_search,20,20270444,13,46628,90323.0,69226.6,0.32955429674126185,52285.4,103691.8
LLVM,random_search,20,20270444,14,55358,69245.4,69226.6,0.32955429674126185,52285.4,103691.8
LLVM,random_search,20,20270444,15,29618,87561.2,69226.6,0.32955429674126185,52285.4,103691.8
LLVM,random_search,20,20270444,16,40801,88302.0,69226.6,0.32955429674126185,52285.4,103691.8
LLVM,random_search,20,20270444,17,14395,81755.4,69226.6,0.32955429674126185,52285.4,103691.8
LLVM,random_search,20,20270444,18,26493,82608.4,69226.6,0.32955429674126185,52285.4,103691.8
LLVM,random_search,20,20270444,19,40877,92500.4,69226.6,0.32955429674126185,52285.4,103691.8
LLVM,random_search,20,20270444,20,32833,59061.0,59061.0,0.13180460020542187,52285.4,103691.8
LLVM,random_search,20,20270444,21,27857,70866.0,59061.0,0.13180460020542187,52285.4,103691.8
LLVM,random_search,20,20270444,22,1354,60806.6,59061.0,0.13180460020542187,52285.4,103691.8
LLVM,random_search,20,20270444,23,12646,78482.0,59061.0,0.13180460020542187,52285.4,103691.8
LLVM,random_search,20,20270444,24,43080,68027.4,59061.0,0.13180460020542187,52285.4,103691.8
LLVM,random_search,20,20270444,25,17283,60845.8,59061.0,0.13180460020542187,52285.4,103691.8
LLVM,random_search,20,20270444,26,52263,82172.4,59061.0,0.13180460020542187,52285.4,103691.8
LLVM,random_search,20,20270444,27,1125,61857.2,59061.0,0.13180460020542187,52285.4,103691.8
LLVM,random_search,20,20270444,28,17851,65342.6,59061.0,0.13180460020542187,52285.4,103691.8
LLVM,random_search,20,20270444,29,22251,90200.6,59061.0,0.13180460020542187,52285.4,103691.8
LLVM,random_search,20,20270444,30,59531,68616.6,59061.0,0.13180460020542187,52285.4,103691.8
LLVM,random_search,20,20270444,31,41545,64167.8,59061.0,0.13180460020542187,52285.4,103691.8
LLVM,random_search,20,20270444,32,60922,80151.0,59061.0,0.13180460020542187,52285.4,103691.8
LLVM,random_search,20,20270444,33,32108,88437.6,59061.0,0.13180460020542187,52285.4,103691.8
LLVM,random_search,20,20270444,34,25805,73437.4,59061.0,0.13180460020542187,52285.4,103691.8
LLVM,random_search,20,20270444,35,53509,64448.0,59061.0,0.13180460020542187,52285.4,103691.8
LLVM,random_search,20,20270444,36,25783,70308.6,59061.0,0.13180460020542187,52285.4,103691.8
LLVM,random_search,20,20270444,37,22504,86185.6,59061.0,0.13180460020542187,52285.4,103691.8
LLVM,random_search,20,20270444,38,4863,83806.6,59061.0,0.13180460020542187,52285.4,103691.8
LLVM,random_search,20,20270444,39,11731,73152.0,59061.0,0.13180460020542187,52285.4,103691.8
LLVM,random_search,20,20270444,40,11151,68777.6,59061.0,0.13180460020542187,52285.4,103691.8
LLVM,random_search,20,20270444,41,36308,84701.6,59061.0,0.13180460020542187,52285.4,103691.8
LLVM,random_search,20,20270444,42,3318,83792.6,59061.0,0.13180460020542187,52285.4,103691.8
LLVM,random_search,20,20270444,43,32193,83122.2,59061.0,0.13180460020542187,52285.4,103691.8
LLVM,random_search,20,20270444,44,60435,69074.4,59061.0,0.13180460020542187,52285.4,103691.8
LLVM,random_search,20,20270444,45,4476,72235.2,59061.0,0.13180460020542187,52285.4,103691.8
LLVM,random_search,20,20270444,46,50210,64933.0,59061.0,0.13180460020542187,52285.4,103691.8
LLVM,random_search,20,20270444,47,28858,83794.6,59061.0,0.13180460020542187,52285.4,103691.8
LLVM,random_search,20,20270444,48,8098,85498.6,59061.0,0.13180460020542187,52285.4,103691.8
LLVM,random_search,20,20270444,49,51954,89647.4,59061.0,0.13180460020542187,52285.4,103691.8
LLVM,random_search,20,20270444,50,18333,69920.8,59061.0,0.13180460020542187,52285.4,103691.8
LLVM,rf_smbo,20,20270444,1,22941,70656.0,70656.0,0.35736017305238255,52285.4,103691.8
LLVM,rf_smbo,20,20270444,2,7967,75505.2,70656.0,0.35736017305238255,52285.4,103691.8
LLVM,rf_smbo,20,20270444,3,57975,78777.4,70656.0,0.35736017305238255,52285.4,103691.8
LLVM,rf_smbo,20,20270444,4,54416,74285.4,70656.0,0.35736017305238255,52285.4,103691.8
LLVM,rf_smbo,20,20270444,5,10851,67045.6,67045.6,0.2871276728189487,52285.4,103691.8
LLVM,rf_smbo,20,20270444,6,54009,79260.8,67045.6,0.2871276728189487,52285.4,103691.8
LLVM,rf_smbo,20,20270444,7,26210,73809.8,67045.6,0.2871276728189487,52285.4,103691.8
LLVM,rf_smbo,20,20270444,8,27298,70586.6,67045.6,0.2871276728189487,52285.4,103691.8
LLVM,rf_smbo,20,20270444,9,27240,70769.6,67045.6,0.2871276728189487,52285.4,103691.8
LLVM,rf_smbo,20,20270444,10,31314,84903.6,67045.6,0.2871276728189487,52285.4,103691.8
LLVM,rf_smbo,20,20270444,11,10853,68511.6,67045.6,0.2871276728189487,52285.4,103691.8
LLVM,rf_smbo,20,20270444,12,10855,68630.4,67045.6,0.2871276728189487,52285.4,103691.8
LLVM,rf_smbo,20,20270444,13,14919,80046.8,67045.6,0.2871276728189487,52285.4,103691.8
LLVM,rf_smbo,20,20270444,14,9318,61734.2,61734.2,0.18380590743564995,52285.4,103691.8
LLVM,rf_smbo,20,20270444,15,33894,64811.6,61734.2,0.18380590743564995,52285.4,103691.8
LLVM,rf_smbo,20,20270444,16,50193,59906.4,59906.4,0.14825002334339693,52285.4,103691.8
LLVM,rf_smbo,20,20270444,17,32870,65389.4,59906.4,0.14825002334339693,52285.4,103691.8
LLVM,rf_smbo,20,20270444,18,52657,79251.6,59906.4,0.14825002334339693,52285.4,103691.8
LLVM,rf_smbo,20,20270444,19,50326,64546.8,59906.4,0.14825002334339693,52285.4,103691.8
LLVM,rf_smbo,20,20270444,20,49323,64895.2,59906.4,0.14825002334339693,52285.4,103691.8
LLVM,rf_smbo,20,20270444,21,33937,61283.8,59906.4,0.14825002334339693,52285.4,103691.8
LLVM,rf_smbo,20,20270444,22,50187,62112.6,59906.4,0.14825002334339693,52285.4,103691.8
LLVM,rf_smbo,20,20270444,23,33792,57668.2,57668.2,0.10471069750070021,52285.4,103691.8
LLVM,rf_smbo,20,20270444,24,33808,60478.6,57668.2,0.10471069750070021,52285.4,103691.8
LLVM,rf_smbo,20,20270444,25,34324,68172.4,57668.2,0.10471069750070021,52285.4,103691.8
LLVM,rf_smbo,20,20270444,26,33920,58958.8,57668.2,0.10471069750070021,52285.4,103691.8
LLVM,rf_smbo,20,20270444,27,9344,55383.4,55383.4,0.06026486974384512,52285.4,103691.8
LLVM,rf_smbo,20,20270444,28,1024,55081.4,55081.4,0.0543901148495129,52285.4,103691.8
LLVM,rf_smbo,20,20270444,29,14528,75537.4,55081.4,0.0543901148495129,52285.4,103691.8
LLVM,rf_smbo,20,20270444,30,1028,57154.2,55081.4,0.0543901148495129,52285.4,103691.8
LLVM,rf_smbo,20,20270444,31,9220,57722.6,55081.4,0.0543901148495129,52285.4,103691.8
LLVM,rf_smbo,20,20270444,32,320,56523.2,55081.4,0.0543901148495129,52285.4,103691.8
LLVM,rf_smbo,20,20270444,33,1536,58296.8,55081.4,0.0543901148495129,52285.4,103691.8
LLVM,rf_smbo,20,20270444,34,32,59307.4,55081.4,0.0543901148495129,52285.4,103691.8
LLVM,rf_smbo,20,20270444,35,128,53380.6,53380.6,0.021304740265803424,52285.4,103691.8
LLVM,rf_smbo,20,20270444,36,8512,56798.0,53380.6,0.021304740265803424,52285.4,103691.8
LLVM,rf_smbo,20,20270444,37,129,53429.4,53380.6,0.021304740265803424,52285.4,103691.8
LLVM,rf_smbo,20,20270444,38,769,56528.6,53380.6,0.021304740265803424,52285.4,103691.8
LLVM,rf_smbo,20,20270444,39,6912,74963.0,53380.6,0.021304740265803424,52285.4,103691.8
LLVM,rf_smbo,20,20270444,40,136,56919.4,53380.6,0.021304740265803424,52285.4,103691.8
LLVM,rf_smbo,20,20270444,41,141,58793.2,53380.6,0.021304740265803424,52285.4,103691.8
LLVM,rf_smbo,20,20270444,42,8513,56713.8,53380.6,0.021304740265803424,52285.4,103691.8
LLVM,rf_smbo,20,20270444,43,2209,69395.6,53380.6,0.021304740265803424,52285.4,103691.8
LLVM,rf_smbo,20,20270444,44,1344,56316.4,53380.6,0.021304740265803424,52285.4,103691.8
LLVM,rf_smbo,20,20270444,45,1345,56382.6,53380.6,0.021304740265803424,52285.4,103691.8
LLVM,rf_smbo,20,20270444,46,1217,60702.4,53380.6,0.021304740265803424,52285.4,103691.8
LLVM,rf_smbo,20,20270444,47,8963,59344.8,53380.6,0.021304740265803424,52285.4,103691.8
LLVM,rf_smbo,20,20270444,48,8961,56961.4,53380.6,0.021304740265803424,52285.4,103691.8
LLVM,rf_smbo,20,20270444,49,324,60858.4,53380.6,0.021304740265803424,52285.4,103691.8
LLVM,rf_smbo,20,20270444,50,8321,53727.6,53380.6,0.021304740265803424,52285.4,103691.8
LLVM,random_search,21,20270445,1,3769,81524.2,81524.2,0.568777428491394,52285.4,103691.8
LLVM,random_search,21,20270445,2,2763,84754.0,81524.2,0.568777428491394,52285.4,103691.8
LLVM,random_search,21,20270445,3,2474,79615.8,79615.8,0.5316536462386007,52285.4,103691.8
LLVM,random_search,21,20270445,4,15318,92086.8,79615.8,0.5316536462386007,52285.4,103691.8
LLVM,random_search,21,20270445,5,39069,72633.6,72633.6,0.3958300911948707,52285.4,103691.8
LLVM,random_search,21,20270445,6,9882,68778.2,68778.2,0.32083164742133263,52285.4,103691.8
LLVM,random_search,21,20270445,7,59325,80364.2,68778.2,0.32083164742133263,52285.4,103691.8
LLVM,random_search,21,20270445,8,42542,76272.6,68778.2,0.32083164742133263,52285.4,103691.8
LLVM,random_search,21,20270445,9,17313,62132.0,62132.0,0.19154424351831675,52285.4,103691.8
LLVM,random_search,21,20270445,10,43051,76677.2,62132.0,0.19154424351831675,52285.4,103691.8
LLVM,random_search,21,20270445,11,27726,67326.8,62132.0,0.19154424351831675,52285.4,103691.8
LLVM,random_search,21,20270445,12,36397,91706.2,62132.0,0.19154424351831675,52285.4,103691.8
LLVM,random_search,21,20270445,13,48916,83965.6,62132.0,0.19154424351831675,52285.4,103691.8
LLVM,random_search,21,20270445,14,46751,93251.0,62132.0,0.19154424351831675,52285.4,103691.8
LLVM,random_search,21,20270445,15,12662,84562.4,62132.0,0.19154424351831675,52285.4,103691.8
LLVM,random_search,21,20270445,16,13925,86532.4,62132.0,0.19154424351831675,52285.4,103691.8
LLVM,random_search,21,20270445,17,23975,77082.8,62132.0,0.19154424351831675,52285.4,103691.8
LLVM,random_search,21,20270445,18,5953,79720.6,62132.0,0.19154424351831675,52285.4,103691.8
LLVM,random_search,21,20270445,19,50322,62638.0,62132.0,0.19154424351831675,52285.4,103691.8
LLVM,random_search,21,20270445,20,23301,74223.4,62132.0,0.19154424351831675,52285.4,103691.8
LLVM,random_search,21,20270445,21,26919,75154.2,62132.0,0.19154424351831675,52285.4,103691.8
LLVM,random_search,21,20270445,22,55204,83197.6,62132.0,0.19154424351831675,52285.4,103691.8
LLVM,random_search,21,20270445,23,19642,79899.2,62132.0,0.19154424351831675,52285.4,103691.8
LLVM,random_search,21,20270445,24,9531,67468.0,62132.0,0.19154424351831675,52285.4,103691.8
LLVM,random_search,21,20270445,25,34391,76703.8,62132.0,0.19154424351831675,52285.4,103691.8
LLVM,random_search,21,20270445,26,19826,77527.2,62132.0,0.19154424351831675,52285.4,103691.8
LLVM,random_search,21,20270445,27,12134,73590.8,62132.0,0.19154424351831675,52285.4,103691.8
LLVM,random_search,21,20270445,28,28035,65497.0,62132.0,0.19154424351831675,52285.4,103691.8
LLVM,random_search,21,20270445,29,48872,95735.2,62132.0,0.19154424351831675,52285.4,103691.8
LLVM,random_search,21,20270445,30,38159,84050.2,62132.0,0.19154424351831675,52285.4,103691.8
LLVM,random_search,21,20270445,31,13413,82437.8,62132.0,0.19154424351831675,52285.4,103691.8
LLVM,random_search,21,20270445,32,52009,81424.4,62132.0,0.19154424351831675,52285.4,103691.8
LLVM,random_search,21,20270445,33,11878,75468.8,62132.0,0.19154424351831675,52285.4,103691.8
LLVM,random_search,21,20270445,34,27940,70319.4,62132.0,0.19154424351831675,52285.4,103691.8
LLVM,random_search,21,20270445,35,25188,69317.2,62132.0,0.19154424351831675,52285.4,103691.8
LLVM,random_search,21,20270445,36,39974,73976.8,62132.0,0.19154424351831675,52285.4,103691.8
LLVM,random_search,21,20270445,37,56241,83229.4,62132.0,0.19154424351831675,52285.4,103691.8
LLVM,random_search,21,20270445,38,58978,76104.6,62132.0,0.19154424351831675,52285.4,103691.8
LLVM,random_search,21,20270445,39,17945,66216.2,62132.0,0.19154424351831675,52285.4,103691.8
LLVM,random_search,21,20270445,40,37247,84026.0,62132.0,0.19154424351831675,52285.4,103691.8
LLVM,random_search,21,20270445,41,55581,70984.8,62132.0,0.19154424351831675,52285.4,103691.8
LLVM,random_search,21,20270445,42,34126,64125.6,62132.0,0.19154424351831675,52285.4,103691.8
LLVM,random_search,21,20270445,43,52007,83346.8,62132.0,0.19154424351831675,52285.4,103691.8
LLVM,random_search,21,20270445,44,38215,85168.2,62132.0,0.19154424351831675,52285.4,103691.8
LLVM,random_search,21,20270445,45,25544,74085.2,62132.0,0.19154424351831675,52285.4,103691.8
LLVM,random_search,21,20270445,46,60240,75736.4,62132.0,0.19154424351831675,52285.4,103691.8
LLVM,random_search,21,20270445,47,32816,65814.6,62132.0,0.19154424351831675,52285.4,103691.8
LLVM,random_search,21,20270445,48,51383,79552.4,62132.0,0.19154424351831675,52285.4,103691.8
LLVM,random_search,21,20270445,49,58219,84099.0,62132.0,0.19154424351831675,52285.4,103691.8
LLVM,random_search,21,20270445,50,2754,82490.8,62132.0,0.19154424351831675,52285.4,103691.8
LLVM,rf_smbo,21,20270445,1,50393,69556.0,69556.0,0.3359620591988546,52285.4,103691.8
LLVM,rf_smbo,21,20270445,2,40589,90066.8,69556.0,0.3359620591988546,52285.4,103691.8
LLVM,rf_smbo,21,20270445,3,31048,83696.8,69556.0,0.3359620591988546,52285.4,103691.8
LLVM,rf_smbo,21,20270445,4,56996,82785.0,69556.0,0.3359620591988546,52285.4,103691.8
LLVM,rf_smbo,21,20270445,5,4801,72365.2,69556.0,0.3359620591988546,52285.4,103691.8
LLVM,rf_smbo,21,20270445,6,47106,74170.2,69556.0,0.3359620591988546,52285.4,103691.8
LLVM,rf_smbo,21,20270445,7,50369,64577.0,64577.0,0.23910641476547664,52285.4,103691.8
LLVM,rf_smbo,21,20270445,8,49363,67545.4,64577.0,0.23910641476547664,52285.4,103691.8
LLVM,rf_smbo,21,20270445,9,50407,71124.0,64577.0,0.23910641476547664,52285.4,103691.8
LLVM,rf_smbo,21,20270445,10,22737,63331.0,63331.0,0.21486818761866222,52285.4,103691.8
LLVM,rf_smbo,21,20270445,11,9681,64098.6,63331.0,0.21486818761866222,52285.4,103691.8
LLVM,rf_smbo,21,20270445,12,11233,71781.4,63331.0,0.21486818761866222,52285.4,103691.8
LLVM,rf_smbo,21,20270445,13,23761,64392.0,63331.0,0.21486818761866222,52285.4,103691.8
LLVM,rf_smbo,21,20270445,14,23633,62915.8,62915.8,0.20679137228049427,52285.4,103691.8
LLVM,rf_smbo,21,20270445,15,17897,66709.6,62915.8,0.20679137228049427,52285.4,103691.8
LLVM,rf_smbo,21,20270445,16,24513,69272.8,62915.8,0.20679137228049427,52285.4,103691.8
LLVM,rf_smbo,21,20270445,17,21073,62998.8,62915.8,0.20679137228049427,52285.4,103691.8
LLVM,rf_smbo,21,20270445,18,21078,66311.8,62915.8,0.20679137228049427,52285.4,103691.8
LLVM,rf_smbo,21,20270445,19,23601,64027.6,62915.8,0.20679137228049427,52285.4,103691.8
LLVM,rf_smbo,21,20270445,20,16982,65907.8,62915.8,0.20679137228049427,52285.4,103691.8
LLVM,rf_smbo,21,20270445,21,22569,62847.2,62847.2,0.20545690808926506,52285.4,103691.8
LLVM,rf_smbo,21,20270445,22,23585,60586.0,60586.0,0.161470167138722,52285.4,103691.8
LLVM,rf_smbo,21,20270445,23,17705,63035.0,60586.0,0.161470167138722,52285.4,103691.8
LLVM,rf_smbo,21,20270445,24,23825,71401.2,60586.0,0.161470167138722,52285.4,103691.8
LLVM,rf_smbo,21,20270445,25,23553,57059.0,57059.0,0.09286003299200096,52285.4,103691.8
LLVM,rf_smbo,21,20270445,26,42241,60442.6,57059.0,0.09286003299200096,52285.4,103691.8
LLVM,rf_smbo,21,20270445,27,22529,55732.8,55732.8,0.06706168881695666,52285.4,103691.8
LLVM,rf_smbo,21,20270445,28,41993,61459.2,55732.8,0.06706168881695666,52285.4,103691.8
LLVM,rf_smbo,21,20270445,29,17414,57805.2,55732.8,0.06706168881695666,52285.4,103691.8
LLVM,rf_smbo,21,20270445,30,27149,65809.8,55732.8,0.06706168881695666,52285.4,103691.8
LLVM,rf_smbo,21,20270445,31,59393,63498.8,55732.8,0.06706168881695666,52285.4,103691.8
LLVM,rf_smbo,21,20270445,32,16390,57690.4,55732.8,0.06706168881695666,52285.4,103691.8
LLVM,rf_smbo,21,20270445,33,22659,58770.6,55732.8,0.06706168881695666,52285.4,103691.8
LLVM,rf_smbo,21,20270445,34,20743,62137.8,55732.8,0.06706168881695666,52285.4,103691.8
LLVM,rf_smbo,21,20270445,35,22886,66679.4,55732.8,0.06706168881695666,52285.4,103691.8
LLVM,rf_smbo,21,20270445,36,17670,57936.0,55732.8,0.06706168881695666,52285.4,103691.8
LLVM,rf_smbo,21,20270445,37,17926,63398.8,55732.8,0.06706168881695666,52285.4,103691.8
LLVM,rf_smbo,21,20270445,38,16393,57396.4,55732.8,0.06706168881695666,52285.4,103691.8
LLVM,rf_smbo,21,20270445,39,20481,54172.6,54172.6,0.03671138224034356,52285.4,103691.8
LLVM,rf_smbo,21,20270445,40,20582,61933.8,54172.6,0.03671138224034356,52285.4,103691.8
LLVM,rf_smbo,21,20270445,41,23617,57426.8,54172.6,0.03671138224034356,52285.4,103691.8
LLVM,rf_smbo,21,20270445,42,16457,59196.2,54172.6,0.03671138224034356,52285.4,103691.8
LLVM,rf_smbo,21,20270445,43,20993,56728.6,54172.6,0.03671138224034356,52285.4,103691.8
LLVM,rf_smbo,21,20270445,44,21249,57241.2,54172.6,0.03671138224034356,52285.4,103691.8
LLVM,rf_smbo,21,20270445,45,21641,71929.0,54172.6,0.03671138224034356,52285.4,103691.8
LLVM,rf_smbo,21,20270445,46,20496,57009.8,54172.6,0.03671138224034356,52285.4,103691.8
LLVM,rf_smbo,21,20270445,47,20992,57090.0,54172.6,0.03671138224034356,52285.4,103691.8
LLVM,rf_smbo,21,20270445,48,23554,57327.2,54172.6,0.03671138224034356,52285.4,103691.8
LLVM,rf_smbo,21,20270445,49,20488,57741.4,54172.6,0.03671138224034356,52285.4,103691.8
LLVM,rf_smbo,21,20270445,50,22625,58618.2,54172.6,0.03671138224034356,52285.4,103691.8
LLVM,random_search,22,20270446,1,13498,82914.4,82914.4,0.5958207538360981,52285.4,103691.8
LLVM,random_search,22,20270446,2,49069,92426.8,82914.4,0.5958207538360981,52285.4,103691.8
LLVM,random_search,22,20270446,3,25913,71431.6,71431.6,0.37244778860219746,52285.4,103691.8
LLVM,random_search,22,20270446,4,17854,63488.8,63488.8,0.21793784431510477,52285.4,103691.8
LLVM,random_search,22,20270446,5,11412,68659.6,63488.8,0.21793784431510477,52285.4,103691.8
LLVM,random_search,22,20270446,6,20610,57258.2,57258.2,0.09673503688256706,52285.4,103691.8
LLVM,random_search,22,20270446,7,39888,92697.6,57258.2,0.09673503688256706,52285.4,103691.8
LLVM,random_search,22,20270446,8,43338,72216.4,57258.2,0.09673503688256706,52285.4,103691.8
LLVM,random_search,22,20270446,9,12885,80811.6,57258.2,0.09673503688256706,52285.4,103691.8
LLVM,random_search,22,20270446,10,20573,66490.8,57258.2,0.09673503688256706,52285.4,103691.8
LLVM,random_search,22,20270446,11,58376,65890.4,57258.2,0.09673503688256706,52285.4,103691.8
LLVM,random_search,22,20270446,12,31766,80099.4,57258.2,0.09673503688256706,52285.4,103691.8
LLVM,random_search,22,20270446,13,65485,98187.8,57258.2,0.09673503688256706,52285.4,103691.8
LLVM,random_search,22,20270446,14,27437,73799.0,57258.2,0.09673503688256706,52285.4,103691.8
LLVM,random_search,22,20270446,15,63376,86014.8,57258.2,0.09673503688256706,52285.4,103691.8
LLVM,random_search,22,20270446,16,45025,82912.4,57258.2,0.09673503688256706,52285.4,103691.8
LLVM,random_search,22,20270446,17,19451,90299.2,57258.2,0.09673503688256706,52285.4,103691.8
LLVM,random_search,22,20270446,18,50346,65105.0,57258.2,0.09673503688256706,52285.4,103691.8
LLVM,random_search,22,20270446,19,58188,73823.6,57258.2,0.09673503688256706,52285.4,103691.8
LLVM,random_search,22,20270446,20,30134,84730.2,57258.2,0.09673503688256706,52285.4,103691.8
LLVM,random_search,22,20270446,21,26295,76338.0,57258.2,0.09673503688256706,52285.4,103691.8
LLVM,random_search,22,20270446,22,58286,78804.2,57258.2,0.09673503688256706,52285.4,103691.8
LLVM,random_search,22,20270446,23,124,63398.8,57258.2,0.09673503688256706,52285.4,103691.8
LLVM,random_search,22,20270446,24,4523,72134.0,57258.2,0.09673503688256706,52285.4,103691.8
LLVM,random_search,22,20270446,25,61566,87677.2,57258.2,0.09673503688256706,52285.4,103691.8
LLVM,random_search,22,20270446,26,36236,77740.4,57258.2,0.09673503688256706,52285.4,103691.8
LLVM,random_search,22,20270446,27,58350,85015.6,57258.2,0.09673503688256706,52285.4,103691.8
LLVM,random_search,22,20270446,28,45655,85554.6,57258.2,0.09673503688256706,52285.4,103691.8
LLVM,random_search,22,20270446,29,19131,83809.0,57258.2,0.09673503688256706,52285.4,103691.8
LLVM,random_search,22,20270446,30,65533,100599.6,57258.2,0.09673503688256706,52285.4,103691.8
LLVM,random_search,22,20270446,31,46748,90361.8,57258.2,0.09673503688256706,52285.4,103691.8
LLVM,random_search,22,20270446,32,17643,68878.8,57258.2,0.09673503688256706,52285.4,103691.8
LLVM,random_search,22,20270446,33,34507,76785.8,57258.2,0.09673503688256706,52285.4,103691.8
LLVM,random_search,22,20270446,34,20062,87980.4,57258.2,0.09673503688256706,52285.4,103691.8
LLVM,random_search,22,20270446,35,47909,88970.2,57258.2,0.09673503688256706,52285.4,103691.8
LLVM,random_search,22,20270446,36,50507,64713.2,57258.2,0.09673503688256706,52285.4,103691.8
LLVM,random_search,22,20270446,37,8697,73867.0,57258.2,0.09673503688256706,52285.4,103691.8
LLVM,random_search,22,20270446,38,39181,74512.6,57258.2,0.09673503688256706,52285.4,103691.8
LLVM,random_search,22,20270446,39,19427,82435.0,57258.2,0.09673503688256706,52285.4,103691.8
LLVM,random_search,22,20270446,40,49805,69089.0,57258.2,0.09673503688256706,52285.4,103691.8
LLVM,random_search,22,20270446,41,37758,80543.4,57258.2,0.09673503688256706,52285.4,103691.8
LLVM,random_search,22,20270446,42,2085,77851.6,57258.2,0.09673503688256706,52285.4,103691.8
LLVM,random_search,22,20270446,43,48081,93001.6,57258.2,0.09673503688256706,52285.4,103691.8
LLVM,random_search,22,20270446,44,20744,61195.2,57258.2,0.09673503688256706,52285.4,103691.8
LLVM,random_search,22,20270446,45,956,67810.6,57258.2,0.09673503688256706,52285.4,103691.8
LLVM,random_search,22,20270446,46,9533,68042.4,57258.2,0.09673503688256706,52285.4,103691.8
LLVM,random_search,22,20270446,47,46684,94500.8,57258.2,0.09673503688256706,52285.4,103691.8
LLVM,random_search,22,20270446,48,60990,83770.0,57258.2,0.09673503688256706,52285.4,103691.8
LLVM,random_search,22,20270446,49,8161,77881.2,57258.2,0.09673503688256706,52285.4,103691.8
LLVM,random_search,22,20270446,50,19295,86289.8,57258.2,0.09673503688256706,52285.4,103691.8
LLVM,rf_smbo,22,20270446,1,24077,66777.4,66777.4,0.2819104236048428,52285.4,103691.8
LLVM,rf_smbo,22,20270446,2,10153,65641.0,65641.0,0.25980422671107095,52285.4,103691.8
LLVM,rf_smbo,22,20270446,3,45616,81193.0,65641.0,0.25980422671107095,52285.4,103691.8
LLVM,rf_smbo,22,20270446,4,24096,66585.4,65641.0,0.25980422671107095,52285.4,103691.8
LLVM,rf_smbo,22,20270446,5,48606,91651.4,65641.0,0.25980422671107095,52285.4,103691.8
LLVM,rf_smbo,22,20270446,6,15563,81818.0,65641.0,0.25980422671107095,52285.4,103691.8
LLVM,rf_smbo,22,20270446,7,21408,62686.2,62686.2,0.20232500233433962,52285.4,103691.8
LLVM,rf_smbo,22,20270446,8,20896,59017.0,59017.0,0.13094867565128074,52285.4,103691.8
LLVM,rf_smbo,22,20270446,9,59816,72444.4,59017.0,0.13094867565128074,52285.4,103691.8
LLVM,rf_smbo,22,20270446,10,8611,62228.4,59017.0,0.13094867565128074,52285.4,103691.8
LLVM,rf_smbo,22,20270446,11,20903,64221.0,59017.0,0.13094867565128074,52285.4,103691.8
LLVM,rf_smbo,22,20270446,12,16771,62448.0,59017.0,0.13094867565128074,52285.4,103691.8
LLVM,rf_smbo,22,20270446,13,16801,59275.6,59017.0,0.13094867565128074,52285.4,103691.8
LLVM,rf_smbo,22,20270446,14,417,58673.4,58673.4,0.12426468299666968,52285.4,103691.8
LLVM,rf_smbo,22,20270446,15,4486,69511.6,58673.4,0.12426468299666968,52285.4,103691.8
LLVM,rf_smbo,22,20270446,16,320,56523.2,56523.2,0.0824372062622552,52285.4,103691.8
LLVM,rf_smbo,22,20270446,17,425,61907.6,56523.2,0.0824372062622552,52285.4,103691.8
LLVM,rf_smbo,22,20270446,18,436,65305.2,56523.2,0.0824372062622552,52285.4,103691.8
LLVM,rf_smbo,22,20270446,19,16724,67381.0,56523.2,0.0824372062622552,52285.4,103691.8
LLVM,rf_smbo,22,20270446,20,418,61844.6,56523.2,0.0824372062622552,52285.4,103691.8
LLVM,rf_smbo,22,20270446,21,384,58576.4,56523.2,0.0824372062622552,52285.4,103691.8
LLVM,rf_smbo,22,20270446,22,1792,58524.8,56523.2,0.0824372062622552,52285.4,103691.8
LLVM,rf_smbo,22,20270446,23,1920,60639.4,56523.2,0.0824372062622552,52285.4,103691.8
LLVM,rf_smbo,22,20270446,24,336,63025.4,56523.2,0.0824372062622552,52285.4,103691.8
LLVM,rf_smbo,22,20270446,25,33088,61325.4,56523.2,0.0824372062622552,52285.4,103691.8
LLVM,rf_smbo,22,20270446,26,34560,63113.4,56523.2,0.0824372062622552,52285.4,103691.8
LLVM,rf_smbo,22,20270446,27,16704,56475.6,56475.6,0.08151125151732073,52285.4,103691.8
LLVM,rf_smbo,22,20270446,28,16641,56980.4,56475.6,0.08151125151732073,52285.4,103691.8
LLVM,rf_smbo,22,20270446,29,41281,61578.2,56475.6,0.08151125151732073,52285.4,103691.8
LLVM,rf_smbo,22,20270446,30,18176,58761.2,56475.6,0.08151125151732073,52285.4,103691.8
LLVM,rf_smbo,22,20270446,31,20800,57036.8,56475.6,0.08151125151732073,52285.4,103691.8
LLVM,rf_smbo,22,20270446,32,16736,60495.2,56475.6,0.08151125151732073,52285.4,103691.8
LLVM,rf_smbo,22,20270446,33,129,53429.4,53429.4,0.022254038407669083,52285.4,103691.8
LLVM,rf_smbo,22,20270446,34,1537,58399.2,53429.4,0.022254038407669083,52285.4,103691.8
LLVM,rf_smbo,22,20270446,35,20609,54264.4,53429.4,0.022254038407669083,52285.4,103691.8
LLVM,rf_smbo,22,20270446,36,1027,56544.0,53429.4,0.022254038407669083,52285.4,103691.8
LLVM,rf_smbo,22,20270446,37,16514,57014.4,53429.4,0.022254038407669083,52285.4,103691.8
LLVM,rf_smbo,22,20270446,38,20497,57202.0,53429.4,0.022254038407669083,52285.4,103691.8
LLVM,rf_smbo,22,20270446,39,16529,56959.2,53429.4,0.022254038407669083,52285.4,103691.8
LLVM,rf_smbo,22,20270446,40,8321,53727.6,53429.4,0.022254038407669083,52285.4,103691.8
LLVM,rf_smbo,22,20270446,41,22662,59517.2,53429.4,0.022254038407669083,52285.4,103691.8
LLVM,rf_smbo,22,20270446,42,8388,63538.6,53429.4,0.022254038407669083,52285.4,103691.8
LLVM,rf_smbo,22,20270446,43,8320,53879.2,53429.4,0.022254038407669083,52285.4,103691.8
LLVM,rf_smbo,22,20270446,44,8209,56745.0,53429.4,0.022254038407669083,52285.4,103691.8
LLVM,rf_smbo,22,20270446,45,14336,69075.6,53429.4,0.022254038407669083,52285.4,103691.8
LLVM,rf_smbo,22,20270446,46,32912,60495.8,53429.4,0.022254038407669083,52285.4,103691.8
LLVM,rf_smbo,22,20270446,47,8323,56877.2,53429.4,0.022254038407669083,52285.4,103691.8
LLVM,rf_smbo,22,20270446,48,8192,53887.2,53429.4,0.022254038407669083,52285.4,103691.8
LLVM,rf_smbo,22,20270446,49,49281,57112.6,53429.4,0.022254038407669083,52285.4,103691.8
LLVM,rf_smbo,22,20270446,50,9217,55418.8,53429.4,0.022254038407669083,52285.4,103691.8
LLVM,random_search,23,20270447,1,23569,56686.6,56686.6,0.08561579881104292,52285.4,103691.8
LLVM,random_search,23,20270447,2,34658,69285.2,56686.6,0.08561579881104292,52285.4,103691.8
LLVM,random_search,23,20270447,3,53458,66513.8,56686.6,0.08561579881104292,52285.4,103691.8
LLVM,random_search,23,20270447,4,19280,79570.2,56686.6,0.08561579881104292,52285.4,103691.8
LLVM,random_search,23,20270447,5,16317,91541.8,56686.6,0.08561579881104292,52285.4,103691.8
LLVM,random_search,23,20270447,6,18528,72650.8,56686.6,0.08561579881104292,52285.4,103691.8
LLVM,random_search,23,20270447,7,51383,79552.4,56686.6,0.08561579881104292,52285.4,103691.8
LLVM,random_search,23,20270447,8,32902,61329.8,56686.6,0.08561579881104292,52285.4,103691.8
LLVM,random_search,23,20270447,9,35247,85502.2,56686.6,0.08561579881104292,52285.4,103691.8
LLVM,random_search,23,20270447,10,28888,84651.2,56686.6,0.08561579881104292,52285.4,103691.8
LLVM,random_search,23,20270447,11,26188,72227.2,56686.6,0.08561579881104292,52285.4,103691.8
LLVM,random_search,23,20270447,12,37184,67691.8,56686.6,0.08561579881104292,52285.4,103691.8
LLVM,random_search,23,20270447,13,4048,82726.8,56686.6,0.08561579881104292,52285.4,103691.8
LLVM,random_search,23,20270447,14,2872,79919.2,56686.6,0.08561579881104292,52285.4,103691.8
LLVM,random_search,23,20270447,15,23782,68851.4,56686.6,0.08561579881104292,52285.4,103691.8
LLVM,random_search,23,20270447,16,12652,83808.2,56686.6,0.08561579881104292,52285.4,103691.8
LLVM,random_search,23,20270447,17,5910,84149.4,56686.6,0.08561579881104292,52285.4,103691.8
LLVM,random_search,23,20270447,18,27340,76674.8,56686.6,0.08561579881104292,52285.4,103691.8
LLVM,random_search,23,20270447,19,26280,72011.8,56686.6,0.08561579881104292,52285.4,103691.8
LLVM,random_search,23,20270447,20,65232,92685.4,56686.6,0.08561579881104292,52285.4,103691.8
LLVM,random_search,23,20270447,21,46728,88016.4,56686.6,0.08561579881104292,52285.4,103691.8
LLVM,random_search,23,20270447,22,28952,84631.2,56686.6,0.08561579881104292,52285.4,103691.8
LLVM,random_search,23,20270447,23,7884,91179.0,56686.6,0.08561579881104292,52285.4,103691.8
LLVM,random_search,23,20270447,24,60003,70851.0,56686.6,0.08561579881104292,52285.4,103691.8
LLVM,random_search,23,20270447,25,48945,89124.4,56686.6,0.08561579881104292,52285.4,103691.8
LLVM,random_search,23,20270447,26,19591,75398.6,56686.6,0.08561579881104292,52285.4,103691.8
LLVM,random_search,23,20270447,27,63252,86718.0,56686.6,0.08561579881104292,52285.4,103691.8
LLVM,random_search,23,20270447,28,47187,83029.4,56686.6,0.08561579881104292,52285.4,103691.8
LLVM,random_search,23,20270447,29,10314,66273.8,56686.6,0.08561579881104292,52285.4,103691.8
LLVM,random_search,23,20270447,30,55095,89537.8,56686.6,0.08561579881104292,52285.4,103691.8
LLVM,random_search,23,20270447,31,50301,71609.6,56686.6,0.08561579881104292,52285.4,103691.8
LLVM,random_search,23,20270447,32,14084,81319.8,56686.6,0.08561579881104292,52285.4,103691.8
LLVM,random_search,23,20270447,33,50091,73434.4,56686.6,0.08561579881104292,52285.4,103691.8
LLVM,random_search,23,20270447,34,6957,87982.6,56686.6,0.08561579881104292,52285.4,103691.8
LLVM,random_search,23,20270447,35,6896,92291.0,56686.6,0.08561579881104292,52285.4,103691.8
LLVM,random_search,23,20270447,36,31190,92595.6,56686.6,0.08561579881104292,52285.4,103691.8
LLVM,random_search,23,20270447,37,27439,74849.6,56686.6,0.08561579881104292,52285.4,103691.8
LLVM,random_search,23,20270447,38,22039,79034.2,56686.6,0.08561579881104292,52285.4,103691.8
LLVM,random_search,23,20270447,39,5949,92889.0,56686.6,0.08561579881104292,52285.4,103691.8
LLVM,random_search,23,20270447,40,12201,71307.0,56686.6,0.08561579881104292,52285.4,103691.8
LLVM,random_search,23,20270447,41,10272,65441.0,56686.6,0.08561579881104292,52285.4,103691.8
LLVM,random_search,23,20270447,42,49960,68144.0,56686.6,0.08561579881104292,52285.4,103691.8
LLVM,random_search,23,20270447,43,27667,65660.4,56686.6,0.08561579881104292,52285.4,103691.8
LLVM,random_search,23,20270447,44,25269,76212.2,56686.6,0.08561579881104292,52285.4,103691.8
LLVM,random_search,23,20270447,45,40654,95496.2,56686.6,0.08561579881104292,52285.4,103691.8
LLVM,random_search,23,20270447,46,13198,76478.4,56686.6,0.08561579881104292,52285.4,103691.8
LLVM,random_search,23,20270447,47,54785,74817.0,56686.6,0.08561579881104292,52285.4,103691.8
LLVM,random_search,23,20270447,48,6820,85053.8,56686.6,0.08561579881104292,52285.4,103691.8
LLVM,random_search,23,20270447,49,18277,68100.0,56686.6,0.08561579881104292,52285.4,103691.8
LLVM,random_search,23,20270447,50,54211,70141.2,56686.6,0.08561579881104292,52285.4,103691.8
LLVM,rf_smbo,23,20270447,1,22445,84161.0,84161.0,0.6200706526813782,52285.4,103691.8
LLVM,rf_smbo,23,20270447,2,18798,83993.2,83993.2,0.6168064676771763,52285.4,103691.8
LLVM,rf_smbo,23,20270447,3,18175,77453.4,77453.4,0.4895888449687197,52285.4,103691.8
LLVM,rf_smbo,23,20270447,4,20545,56026.8,56026.8,0.07278082106508142,52285.4,103691.8
LLVM,rf_smbo,23,20270447,5,5567,86044.8,56026.8,0.07278082106508142,52285.4,103691.8
LLVM,rf_smbo,23,20270447,6,32133,81571.4,56026.8,0.07278082106508142,52285.4,103691.8
LLVM,rf_smbo,23,20270447,7,55347,67658.8,56026.8,0.07278082106508142,52285.4,103691.8
LLVM,rf_smbo,23,20270447,8,50263,68808.8,56026.8,0.07278082106508142,52285.4,103691.8
LLVM,rf_smbo,23,20270447,9,59968,65288.2,56026.8,0.07278082106508142,52285.4,103691.8
LLVM,rf_smbo,23,20270447,10,53248,57216.4,56026.8,0.07278082106508142,52285.4,103691.8
LLVM,rf_smbo,23,20270447,11,57344,63400.8,56026.8,0.07278082106508142,52285.4,103691.8
LLVM,rf_smbo,23,20270447,12,41088,57651.0,56026.8,0.07278082106508142,52285.4,103691.8
LLVM,rf_smbo,23,20270447,13,53568,60872.6,56026.8,0.07278082106508142,52285.4,103691.8
LLVM,rf_smbo,23,20270447,14,40964,60418.2,56026.8,0.07278082106508142,52285.4,103691.8
LLVM,rf_smbo,23,20270447,15,2400,73906.0,56026.8,0.07278082106508142,52285.4,103691.8
LLVM,rf_smbo,23,20270447,16,53584,67785.8,56026.8,0.07278082106508142,52285.4,103691.8
LLVM,rf_smbo,23,20270447,17,41472,59370.8,56026.8,0.07278082106508142,52285.4,103691.8
LLVM,rf_smbo,23,20270447,18,41536,60711.0,56026.8,0.07278082106508142,52285.4,103691.8
LLVM,rf_smbo,23,20270447,19,41546,64098.2,56026.8,0.07278082106508142,52285.4,103691.8
LLVM,rf_smbo,23,20270447,20,49292,60035.8,56026.8,0.07278082106508142,52285.4,103691.8
LLVM,rf_smbo,23,20270447,21,53251,60361.4,56026.8,0.07278082106508142,52285.4,103691.8
LLVM,rf_smbo,23,20270447,22,53377,57468.0,56026.8,0.07278082106508142,52285.4,103691.8
LLVM,rf_smbo,23,20270447,23,32771,60531.2,56026.8,0.07278082106508142,52285.4,103691.8
LLVM,rf_smbo,23,20270447,24,41377,63810.0,56026.8,0.07278082106508142,52285.4,103691.8
LLVM,rf_smbo,23,20270447,25,53259,62205.6,56026.8,0.07278082106508142,52285.4,103691.8
LLVM,rf_smbo,23,20270447,26,53761,60208.2,56026.8,0.07278082106508142,52285.4,103691.8
LLVM,rf_smbo,23,20270447,27,62601,81293.8,56026.8,0.07278082106508142,52285.4,103691.8
LLVM,rf_smbo,23,20270447,28,21248,57269.6,56026.8,0.07278082106508142,52285.4,103691.8
LLVM,rf_smbo,23,20270447,29,20483,57268.2,56026.8,0.07278082106508142,52285.4,103691.8
LLVM,rf_smbo,23,20270447,30,21250,59709.0,56026.8,0.07278082106508142,52285.4,103691.8
LLVM,rf_smbo,23,20270447,31,20624,57114.2,56026.8,0.07278082106508142,52285.4,103691.8
LLVM,rf_smbo,23,20270447,32,26641,62736.8,56026.8,0.07278082106508142,52285.4,103691.8
LLVM,rf_smbo,23,20270447,33,8976,59096.8,56026.8,0.07278082106508142,52285.4,103691.8
LLVM,rf_smbo,23,20270447,34,8336,56623.6,56026.8,0.07278082106508142,52285.4,103691.8
LLVM,rf_smbo,23,20270447,35,136,56919.4,56026.8,0.07278082106508142,52285.4,103691.8
LLVM,rf_smbo,23,20270447,36,20617,57866.8,56026.8,0.07278082106508142,52285.4,103691.8
LLVM,rf_smbo,23,20270447,37,20801,57091.2,56026.8,0.07278082106508142,52285.4,103691.8
LLVM,rf_smbo,23,20270447,38,8324,57624.0,56026.8,0.07278082106508142,52285.4,103691.8
LLVM,rf_smbo,23,20270447,39,20632,60528.2,56026.8,0.07278082106508142,52285.4,103691.8
LLVM,rf_smbo,23,20270447,40,259,60001.8,56026.8,0.07278082106508142,52285.4,103691.8
LLVM,rf_smbo,23,20270447,41,16545,55813.4,55813.4,0.06862958697749696,52285.4,103691.8
LLVM,rf_smbo,23,20270447,42,16563,59576.0,55813.4,0.06862958697749696,52285.4,103691.8
LLVM,rf_smbo,23,20270447,43,20640,55606.0,55606.0,0.06459506987456812,52285.4,103691.8
LLVM,rf_smbo,23,20270447,44,8353,55535.6,55535.6,0.0632255905879423,52285.4,103691.8
LLVM,rf_smbo,23,20270447,45,9088,58374.6,55535.6,0.0632255905879423,52285.4,103691.8
LLVM,rf_smbo,23,20270447,46,20692,64959.0,55535.6,0.0632255905879423,52285.4,103691.8
LLVM,rf_smbo,23,20270447,47,20641,56030.4,55535.6,0.0632255905879423,52285.4,103691.8
LLVM,rf_smbo,23,20270447,48,20646,59684.4,55535.6,0.0632255905879423,52285.4,103691.8
LLVM,rf_smbo,23,20270447,49,8257,55781.8,55535.6,0.0632255905879423,52285.4,103691.8
LLVM,rf_smbo,23,20270447,50,8361,58417.0,55535.6,0.0632255905879423,52285.4,103691.8
LLVM,random_search,24,20270448,1,57892,72527.4,72527.4,0.39376420056646627,52285.4,103691.8
LLVM,random_search,24,20270448,2,7725,79994.4,72527.4,0.39376420056646627,52285.4,103691.8
LLVM,random_search,24,20270448,3,7395,73880.2,72527.4,0.39376420056646627,52285.4,103691.8
LLVM,random_search,24,20270448,4,7226,73618.6,72527.4,0.39376420056646627,52285.4,103691.8
LLVM,random_search,24,20270448,5,4154,72990.2,72527.4,0.39376420056646627,52285.4,103691.8
LLVM,random_search,24,20270448,6,61132,80349.8,72527.4,0.39376420056646627,52285.4,103691.8
LLVM,random_search,24,20270448,7,54953,83538.4,72527.4,0.39376420056646627,52285.4,103691.8
LLVM,random_search,24,20270448,8,7167,96713.0,72527.4,0.39376420056646627,52285.4,103691.8
LLVM,random_search,24,20270448,9,54680,79271.6,72527.4,0.39376420056646627,52285.4,103691.8
LLVM,random_search,24,20270448,10,44664,80290.4,72527.4,0.39376420056646627,52285.4,103691.8
LLVM,random_search,24,20270448,11,38801,87174.6,72527.4,0.39376420056646627,52285.4,103691.8
LLVM,random_search,24,20270448,12,25824,69901.2,69901.2,0.3426771763827071,52285.4,103691.8
LLVM,random_search,24,20270448,13,53132,83681.0,69901.2,0.3426771763827071,52285.4,103691.8
LLVM,random_search,24,20270448,14,14541,81105.2,69901.2,0.3426771763827071,52285.4,103691.8
LLVM,random_search,24,20270448,15,55825,74342.0,69901.2,0.3426771763827071,52285.4,103691.8
LLVM,random_search,24,20270448,16,51507,86334.4,69901.2,0.3426771763827071,52285.4,103691.8
LLVM,random_search,24,20270448,17,65492,95859.2,69901.2,0.3426771763827071,52285.4,103691.8
LLVM,random_search,24,20270448,18,24549,76822.2,69901.2,0.3426771763827071,52285.4,103691.8
LLVM,random_search,24,20270448,19,989,74613.2,69901.2,0.3426771763827071,52285.4,103691.8
LLVM,random_search,24,20270448,20,7821,85754.2,69901.2,0.3426771763827071,52285.4,103691.8
LLVM,random_search,24,20270448,21,21282,65486.2,65486.2,0.25679292850695623,52285.4,103691.8
LLVM,random_search,24,20270448,22,61253,74146.8,65486.2,0.25679292850695623,52285.4,103691.8
LLVM,random_search,24,20270448,23,50014,75663.4,65486.2,0.25679292850695623,52285.4,103691.8
LLVM,random_search,24,20270448,24,49116,96296.8,65486.2,0.25679292850695623,52285.4,103691.8
LLVM,random_search,24,20270448,25,64498,92234.2,65486.2,0.25679292850695623,52285.4,103691.8
LLVM,random_search,24,20270448,26,43242,77040.4,65486.2,0.25679292850695623,52285.4,103691.8
LLVM,random_search,24,20270448,27,46386,87751.6,65486.2,0.25679292850695623,52285.4,103691.8
LLVM,random_search,24,20270448,28,36331,88358.8,65486.2,0.25679292850695623,52285.4,103691.8
LLVM,random_search,24,20270448,29,41613,69603.8,65486.2,0.25679292850695623,52285.4,103691.8
LLVM,random_search,24,20270448,30,37506,73025.8,65486.2,0.25679292850695623,52285.4,103691.8
LLVM,random_search,24,20270448,31,11899,83301.0,65486.2,0.25679292850695623,52285.4,103691.8
LLVM,random_search,24,20270448,32,26556,75112.6,65486.2,0.25679292850695623,52285.4,103691.8
LLVM,random_search,24,20270448,33,55253,89923.4,65486.2,0.25679292850695623,52285.4,103691.8
LLVM,random_search,24,20270448,34,2449,75794.8,65486.2,0.25679292850695623,52285.4,103691.8
LLVM,random_search,24,20270448,35,33442,68252.2,65486.2,0.25679292850695623,52285.4,103691.8
LLVM,random_search,24,20270448,36,10885,70044.2,65486.2,0.25679292850695623,52285.4,103691.8
LLVM,random_search,24,20270448,37,49891,76414.2,65486.2,0.25679292850695623,52285.4,103691.8
LLVM,random_search,24,20270448,38,22059,84992.2,65486.2,0.25679292850695623,52285.4,103691.8
LLVM,random_search,24,20270448,39,63844,89137.8,65486.2,0.25679292850695623,52285.4,103691.8
LLVM,random_search,24,20270448,40,44212,73411.4,65486.2,0.25679292850695623,52285.4,103691.8
LLVM,random_search,24,20270448,41,12352,69677.0,65486.2,0.25679292850695623,52285.4,103691.8
LLVM,random_search,24,20270448,42,37097,73784.2,65486.2,0.25679292850695623,52285.4,103691.8
LLVM,random_search,24,20270448,43,30793,79690.2,65486.2,0.25679292850695623,52285.4,103691.8
LLVM,random_search,24,20270448,44,34426,78854.6,65486.2,0.25679292850695623,52285.4,103691.8
LLVM,random_search,24,20270448,45,9682,66729.4,65486.2,0.25679292850695623,52285.4,103691.8
LLVM,random_search,24,20270448,46,49673,61097.0,61097.0,0.17141056366522453,52285.4,103691.8
LLVM,random_search,24,20270448,47,9995,64519.2,61097.0,0.17141056366522453,52285.4,103691.8
LLVM,random_search,24,20270448,48,56247,86908.6,61097.0,0.17141056366522453,52285.4,103691.8
LLVM,random_search,24,20270448,49,22787,62936.4,61097.0,0.17141056366522453,52285.4,103691.8
LLVM,random_search,24,20270448,50,7687,71034.8,61097.0,0.17141056366522453,52285.4,103691.8
LLVM,rf_smbo,24,20270448,1,62589,92280.2,92280.2,0.7780120763173456,52285.4,103691.8
LLVM,rf_smbo,24,20270448,2,29636,88154.0,88154.0,0.6977458059696846,52285.4,103691.8
LLVM,rf_smbo,24,20270448,3,46428,90114.6,88154.0,0.6977458059696846,52285.4,103691.8
LLVM,rf_smbo,24,20270448,4,52081,84167.8,84167.8,0.6202029319306546,52285.4,103691.8
LLVM,rf_smbo,24,20270448,5,28055,69890.0,69890.0,0.3424593046780167,52285.4,103691.8
LLVM,rf_smbo,24,20270448,6,21152,62664.8,62664.8,0.20190871175573472,52285.4,103691.8
LLVM,rf_smbo,24,20270448,7,9905,66518.4,62664.8,0.20190871175573472,52285.4,103691.8
LLVM,rf_smbo,24,20270448,8,24137,66910.0,62664.8,0.20190871175573472,52285.4,103691.8
LLVM,rf_smbo,24,20270448,9,8456,60837.6,60837.6,0.16636449936194708,52285.4,103691.8
LLVM,rf_smbo,24,20270448,10,8904,70481.0,60837.6,0.16636449936194708,52285.4,103691.8
LLVM,rf_smbo,24,20270448,11,4786,72718.4,60837.6,0.16636449936194708,52285.4,103691.8
LLVM,rf_smbo,24,20270448,12,21184,66676.6,60837.6,0.16636449936194708,52285.4,103691.8
LLVM,rf_smbo,24,20270448,13,49424,64054.2,60837.6,0.16636449936194708,52285.4,103691.8
LLVM,rf_smbo,24,20270448,14,20480,54182.0,54182.0,0.03689423884963737,52285.4,103691.8
LLVM,rf_smbo,24,20270448,15,16400,57011.4,54182.0,0.03689423884963737,52285.4,103691.8
LLVM,rf_smbo,24,20270448,16,42048,59336.4,54182.0,0.03689423884963737,52285.4,103691.8
LLVM,rf_smbo,24,20270448,17,16416,59583.6,54182.0,0.03689423884963737,52285.4,103691.8
LLVM,rf_smbo,24,20270448,18,41000,66493.2,54182.0,0.03689423884963737,52285.4,103691.8
LLVM,rf_smbo,24,20270448,19,23040,69738.4,54182.0,0.03689423884963737,52285.4,103691.8
LLVM,rf_smbo,24,20270448,20,20481,54172.6,54172.6,0.03671138224034356,52285.4,103691.8
LLVM,rf_smbo,24,20270448,21,20615,58691.2,54172.6,0.03671138224034356,52285.4,103691.8
LLVM,rf_smbo,24,20270448,22,22689,57493.4,54172.6,0.03671138224034356,52285.4,103691.8
LLVM,rf_smbo,24,20270448,23,8203,58666.8,54172.6,0.03671138224034356,52285.4,103691.8
LLVM,rf_smbo,24,20270448,24,20609,54264.4,54172.6,0.03671138224034356,52285.4,103691.8
LLVM,rf_smbo,24,20270448,25,20654,61248.8,54172.6,0.03671138224034356,52285.4,103691.8
LLVM,rf_smbo,24,20270448,26,20611,57273.0,54172.6,0.03671138224034356,52285.4,103691.8
LLVM,rf_smbo,24,20270448,27,9345,55505.4,54172.6,0.03671138224034356,52285.4,103691.8
LLVM,rf_smbo,24,20270448,28,8326,57667.0,54172.6,0.03671138224034356,52285.4,103691.8
LLVM,rf_smbo,24,20270448,29,20483,57268.2,54172.6,0.03671138224034356,52285.4,103691.8
LLVM,rf_smbo,24,20270448,30,20614,58082.8,54172.6,0.03671138224034356,52285.4,103691.8
LLVM,rf_smbo,24,20270448,31,20489,57859.4,54172.6,0.03671138224034356,52285.4,103691.8
LLVM,rf_smbo,24,20270448,32,22561,60372.0,54172.6,0.03671138224034356,52285.4,103691.8
LLVM,rf_smbo,24,20270448,33,53249,57269.8,54172.6,0.03671138224034356,52285.4,103691.8
LLVM,rf_smbo,24,20270448,34,21649,71162.0,54172.6,0.03671138224034356,52285.4,103691.8
LLVM,rf_smbo,24,20270448,35,16385,53839.4,53839.4,0.030229699025802234,52285.4,103691.8
LLVM,rf_smbo,24,20270448,36,41089,57788.6,53839.4,0.030229699025802234,52285.4,103691.8
LLVM,rf_smbo,24,20270448,37,8193,53919.8,53839.4,0.030229699025802234,52285.4,103691.8
LLVM,rf_smbo,24,20270448,38,1027,56544.0,53839.4,0.030229699025802234,52285.4,103691.8
LLVM,rf_smbo,24,20270448,39,8257,55781.8,53839.4,0.030229699025802234,52285.4,103691.8
LLVM,rf_smbo,24,20270448,40,32777,61159.0,53839.4,0.030229699025802234,52285.4,103691.8
LLVM,rf_smbo,24,20270448,41,8321,53727.6,53727.6,0.0280548725450527,52285.4,103691.8
LLVM,rf_smbo,24,20270448,42,16513,53862.8,53727.6,0.0280548725450527,52285.4,103691.8
LLVM,rf_smbo,24,20270448,43,26753,60340.6,53727.6,0.0280548725450527,52285.4,103691.8
LLVM,rf_smbo,24,20270448,44,8262,59147.4,53727.6,0.0280548725450527,52285.4,103691.8
LLVM,rf_smbo,24,20270448,45,24705,59672.8,53727.6,0.0280548725450527,52285.4,103691.8
LLVM,rf_smbo,24,20270448,46,1024,55081.4,53727.6,0.0280548725450527,52285.4,103691.8
LLVM,rf_smbo,24,20270448,47,8320,53879.2,53727.6,0.0280548725450527,52285.4,103691.8
LLVM,rf_smbo,24,20270448,48,4224,59463.6,53727.6,0.0280548725450527,52285.4,103691.8
LLVM,rf_smbo,24,20270448,49,17537,55536.8,53727.6,0.0280548725450527,52285.4,103691.8
LLVM,rf_smbo,24,20270448,50,49281,57112.6,53727.6,0.0280548725450527,52285.4,103691.8
LLVM,random_search,25,20270449,1,38953,73080.4,73080.4,0.4045216159855581,52285.4,103691.8
LLVM,random_search,25,20270449,2,60037,72840.8,72840.8,0.39986071773164433,52285.4,103691.8
LLVM,random_search,25,20270449,3,53234,93024.6,72840.8,0.39986071773164433,52285.4,103691.8
LLVM,random_search,25,20270449,4,1649,67327.6,67327.6,0.2926133710977622,52285.4,103691.8
LLVM,random_search,25,20270449,5,14274,89071.8,67327.6,0.2926133710977622,52285.4,103691.8
LLVM,random_search,25,20270449,6,31538,85111.4,67327.6,0.2926133710977622,52285.4,103691.8
LLVM,random_search,25,20270449,7,59009,70231.2,67327.6,0.2926133710977622,52285.4,103691.8
LLVM,random_search,25,20270449,8,2269,80824.4,67327.6,0.2926133710977622,52285.4,103691.8
LLVM,random_search,25,20270449,9,20773,68613.4,67327.6,0.2926133710977622,52285.4,103691.8
LLVM,random_search,25,20270449,10,15829,88316.4,67327.6,0.2926133710977622,52285.4,103691.8
LLVM,random_search,25,20270449,11,7773,81044.2,67327.6,0.2926133710977622,52285.4,103691.8
LLVM,random_search,25,20270449,12,24936,73274.6,67327.6,0.2926133710977622,52285.4,103691.8
LLVM,random_search,25,20270449,13,57233,69481.4,67327.6,0.2926133710977622,52285.4,103691.8
LLVM,random_search,25,20270449,14,42269,64153.6,64153.6,0.23087008621494592,52285.4,103691.8
LLVM,random_search,25,20270449,15,65251,97245.2,64153.6,0.23087008621494592,52285.4,103691.8
LLVM,random_search,25,20270449,16,9081,68815.6,64153.6,0.23087008621494592,52285.4,103691.8
LLVM,random_search,25,20270449,17,52965,91084.4,64153.6,0.23087008621494592,52285.4,103691.8
LLVM,random_search,25,20270449,18,6719,88223.2,64153.6,0.23087008621494592,52285.4,103691.8
LLVM,random_search,25,20270449,19,10982,78700.6,64153.6,0.23087008621494592,52285.4,103691.8
LLVM,random_search,25,20270449,20,53061,81926.4,64153.6,0.23087008621494592,52285.4,103691.8
LLVM,random_search,25,20270449,21,34421,78053.4,64153.6,0.23087008621494592,52285.4,103691.8
LLVM,random_search,25,20270449,22,57232,69618.6,64153.6,0.23087008621494592,52285.4,103691.8
LLVM,random_search,25,20270449,23,52389,78867.8,64153.6,0.23087008621494592,52285.4,103691.8
LLVM,random_search,25,20270449,24,42129,61207.2,61207.2,0.17355426561673246,52285.4,103691.8
LLVM,random_search,25,20270449,25,25159,67338.8,61207.2,0.17355426561673246,52285.4,103691.8
LLVM,random_search,25,20270449,26,62655,87719.4,61207.2,0.17355426561673246,52285.4,103691.8
LLVM,random_search,25,20270449,27,58447,70930.0,61207.2,0.17355426561673246,52285.4,103691.8
LLVM,random_search,25,20270449,28,42100,70317.4,61207.2,0.17355426561673246,52285.4,103691.8
LLVM,random_search,25,20270449,29,18272,63214.8,61207.2,0.17355426561673246,52285.4,103691.8
LLVM,random_search,25,20270449,30,27574,74776.2,61207.2,0.17355426561673246,52285.4,103691.8
LLVM,random_search,25,20270449,31,57331,80504.8,61207.2,0.17355426561673246,52285.4,103691.8
LLVM,random_search,25,20270449,32,8575,72793.6,61207.2,0.17355426561673246,52285.4,103691.8
LLVM,random_search,25,20270449,33,63441,93284.4,61207.2,0.17355426561673246,52285.4,103691.8
LLVM,random_search,25,20270449,34,63677,87174.2,61207.2,0.17355426561673246,52285.4,103691.8
LLVM,random_search,25,20270449,35,25056,74741.8,61207.2,0.17355426561673246,52285.4,103691.8
LLVM,random_search,25,20270449,36,8139,80287.2,61207.2,0.17355426561673246,52285.4,103691.8
LLVM,random_search,25,20270449,37,46035,91244.8,61207.2,0.17355426561673246,52285.4,103691.8
LLVM,random_search,25,20270449,38,6850,88540.6,61207.2,0.17355426561673246,52285.4,103691.8
LLVM,random_search,25,20270449,39,20466,90747.4,61207.2,0.17355426561673246,52285.4,103691.8
LLVM,random_search,25,20270449,40,28427,72329.8,61207.2,0.17355426561673246,52285.4,103691.8
LLVM,random_search,25,20270449,41,25685,71980.0,61207.2,0.17355426561673246,52285.4,103691.8
LLVM,random_search,25,20270449,42,41324,73004.4,61207.2,0.17355426561673246,52285.4,103691.8
LLVM,random_search,25,20270449,43,65270,100315.6,61207.2,0.17355426561673246,52285.4,103691.8
LLVM,random_search,25,20270449,44,31692,87426.6,61207.2,0.17355426561673246,52285.4,103691.8
LLVM,random_search,25,20270449,45,63802,96887.6,61207.2,0.17355426561673246,52285.4,103691.8
LLVM,random_search,25,20270449,46,11513,75961.4,61207.2,0.17355426561673246,52285.4,103691.8
LLVM,random_search,25,20270449,47,14506,77271.2,61207.2,0.17355426561673246,52285.4,103691.8
LLVM,random_search,25,20270449,48,49966,70763.8,61207.2,0.17355426561673246,52285.4,103691.8
LLVM,random_search,25,20270449,49,55077,85027.0,61207.2,0.17355426561673246,52285.4,103691.8
LLVM,random_search,25,20270449,50,9848,69301.0,61207.2,0.17355426561673246,52285.4,103691.8
LLVM,rf_smbo,25,20270449,1,45989,83963.0,83963.0,0.6162189921877431,52285.4,103691.8
LLVM,rf_smbo,25,20270449,2,25020,72193.0,72193.0,0.3872591739549939,52285.4,103691.8
LLVM,rf_smbo,25,20270449,3,48387,81431.2,72193.0,0.3872591739549939,52285.4,103691.8
LLVM,rf_smbo,25,20270449,4,25315,79477.6,72193.0,0.3872591739549939,52285.4,103691.8
LLVM,rf_smbo,25,20270449,5,42091,71504.4,71504.4,0.3738639546826853,52285.4,103691.8
LLVM,rf_smbo,25,20270449,6,17649,67250.8,67250.8,0.2911193936941704,52285.4,103691.8
LLVM,rf_smbo,25,20270449,7,1140,66873.2,66873.2,0.28377400479317744,52285.4,103691.8
LLVM,rf_smbo,25,20270449,8,23030,74815.8,66873.2,0.28377400479317744,52285.4,103691.8
LLVM,rf_smbo,25,20270449,9,22644,67572.8,66873.2,0.28377400479317744,52285.4,103691.8
LLVM,rf_smbo,25,20270449,10,18548,82078.4,66873.2,0.28377400479317744,52285.4,103691.8
LLVM,rf_smbo,25,20270449,11,22612,64875.8,64875.8,0.24491892060132592,52285.4,103691.8
LLVM,rf_smbo,25,20270449,12,55376,65074.4,64875.8,0.24491892060132592,52285.4,103691.8
LLVM,rf_smbo,25,20270449,13,58432,65161.6,64875.8,0.24491892060132592,52285.4,103691.8
LLVM,rf_smbo,25,20270449,14,50242,60514.4,60514.4,0.1600773444551651,52285.4,103691.8
LLVM,rf_smbo,25,20270449,15,50304,58714.6,58714.6,0.1250661396246381,52285.4,103691.8
LLVM,rf_smbo,25,20270449,16,50341,63227.6,58714.6,0.1250661396246381,52285.4,103691.8
LLVM,rf_smbo,25,20270449,17,58501,68145.2,58714.6,0.1250661396246381,52285.4,103691.8
LLVM,rf_smbo,25,20270449,18,50316,61444.8,58714.6,0.1250661396246381,52285.4,103691.8
LLVM,rf_smbo,25,20270449,19,50178,58899.6,58714.6,0.1250661396246381,52285.4,103691.8
LLVM,rf_smbo,25,20270449,20,11010,64461.6,58714.6,0.1250661396246381,52285.4,103691.8
LLVM,rf_smbo,25,20270449,21,50176,57535.6,57535.6,0.10213125213981132,52285.4,103691.8
LLVM,rf_smbo,25,20270449,22,9224,57418.2,57418.2,0.09984748980671658,52285.4,103691.8
LLVM,rf_smbo,25,20270449,23,9480,57714.6,57418.2,0.09984748980671658,52285.4,103691.8
LLVM,rf_smbo,25,20270449,24,50185,60774.8,57418.2,0.09984748980671658,52285.4,103691.8
LLVM,rf_smbo,25,20270449,25,9220,57722.6,57418.2,0.09984748980671658,52285.4,103691.8
LLVM,rf_smbo,25,20270449,26,9728,58607.2,57418.2,0.09984748980671658,52285.4,103691.8
LLVM,rf_smbo,25,20270449,27,9736,62872.8,57418.2,0.09984748980671658,52285.4,103691.8
LLVM,rf_smbo,25,20270449,28,9472,56610.0,56610.0,0.08412571197360637,52285.4,103691.8
LLVM,rf_smbo,25,20270449,29,8704,56763.8,56610.0,0.08412571197360637,52285.4,103691.8
LLVM,rf_smbo,25,20270449,30,9497,60339.2,56610.0,0.08412571197360637,52285.4,103691.8
LLVM,rf_smbo,25,20270449,31,8730,61263.8,56610.0,0.08412571197360637,52285.4,103691.8
LLVM,rf_smbo,25,20270449,32,3105,74005.8,56610.0,0.08412571197360637,52285.4,103691.8
LLVM,rf_smbo,25,20270449,33,12800,70795.8,56610.0,0.08412571197360637,52285.4,103691.8
LLVM,rf_smbo,25,20270449,34,9873,63585.0,56610.0,0.08412571197360637,52285.4,103691.8
LLVM,rf_smbo,25,20270449,35,9481,57691.6,56610.0,0.08412571197360637,52285.4,103691.8
LLVM,rf_smbo,25,20270449,36,9600,56867.0,56610.0,0.08412571197360637,52285.4,103691.8
LLVM,rf_smbo,25,20270449,37,9344,55383.4,55383.4,0.06026486974384512,52285.4,103691.8
LLVM,rf_smbo,25,20270449,38,15492,74468.4,55383.4,0.06026486974384512,52285.4,103691.8
LLVM,rf_smbo,25,20270449,39,9477,58322.0,55383.4,0.06026486974384512,52285.4,103691.8
LLVM,rf_smbo,25,20270449,40,9473,56908.2,55383.4,0.06026486974384512,52285.4,103691.8
LLVM,rf_smbo,25,20270449,41,9633,58451.2,55383.4,0.06026486974384512,52285.4,103691.8
LLVM,rf_smbo,25,20270449,42,8960,56901.6,55383.4,0.06026486974384512,52285.4,103691.8
LLVM,rf_smbo,25,20270449,43,9540,60313.0,55383.4,0.06026486974384512,52285.4,103691.8
LLVM,rf_smbo,25,20270449,44,9649,61560.2,55383.4,0.06026486974384512,52285.4,103691.8
LLVM,rf_smbo,25,20270449,45,9538,59383.6,55383.4,0.06026486974384512,52285.4,103691.8
LLVM,rf_smbo,25,20270449,46,8706,57069.8,55383.4,0.06026486974384512,52285.4,103691.8
LLVM,rf_smbo,25,20270449,47,9345,55505.4,55383.4,0.06026486974384512,52285.4,103691.8
LLVM,rf_smbo,25,20270449,48,23936,71181.0,55383.4,0.06026486974384512,52285.4,103691.8
LLVM,rf_smbo,25,20270449,49,8321,53727.6,53727.6,0.0280548725450527,52285.4,103691.8
LLVM,rf_smbo,25,20270449,50,9377,56714.8,53727.6,0.0280548725450527,52285.4,103691.8
LLVM,random_search,26,20270450,1,20431,89761.8,89761.8,0.7290220672912322,52285.4,103691.8
LLVM,random_search,26,20270450,2,26596,81108.0,81108.0,0.5606811603224501,52285.4,103691.8
LLVM,random_search,26,20270450,3,16038,86487.6,81108.0,0.5606811603224501,52285.4,103691.8
LLVM,random_search,26,20270450,4,47748,86886.0,81108.0,0.5606811603224501,52285.4,103691.8
LLVM,random_search,26,20270450,5,39750,88299.6,81108.0,0.5606811603224501,52285.4,103691.8
LLVM,random_search,26,20270450,6,46610,87092.6,81108.0,0.5606811603224501,52285.4,103691.8
LLVM,random_search,26,20270450,7,55938,79179.2,79179.2,0.5231605403218276,52285.4,103691.8
LLVM,random_search,26,20270450,8,41360,66697.8,66697.8,0.2803619782750786,52285.4,103691.8
LLVM,random_search,26,20270450,9,18716,79099.8,66697.8,0.2803619782750786,52285.4,103691.8
LLVM,random_search,26,20270450,10,31514,83286.0,66697.8,0.2803619782750786,52285.4,103691.8
LLVM,random_search,26,20270450,11,44812,73587.8,66697.8,0.2803619782750786,52285.4,103691.8
LLVM,random_search,26,20270450,12,4107,64341.6,64341.6,0.23452721840082164,52285.4,103691.8
LLVM,random_search,26,20270450,13,4649,68649.8,64341.6,0.23452721840082164,52285.4,103691.8
LLVM,random_search,26,20270450,14,33516,77527.0,64341.6,0.23452721840082164,52285.4,103691.8
LLVM,random_search,26,20270450,15,36384,85272.6,64341.6,0.23452721840082164,52285.4,103691.8
LLVM,random_search,26,20270450,16,57470,73522.4,64341.6,0.23452721840082164,52285.4,103691.8
LLVM,random_search,26,20270450,17,9600,56867.0,56867.0,0.08912508948302154,52285.4,103691.8
LLVM,random_search,26,20270450,18,52525,83497.4,56867.0,0.08912508948302154,52285.4,103691.8
LLVM,random_search,26,20270450,19,18752,71221.4,56867.0,0.08912508948302154,52285.4,103691.8
LLVM,random_search,26,20270450,20,8358,59219.0,56867.0,0.08912508948302154,52285.4,103691.8
LLVM,random_search,26,20270450,21,54634,85003.4,56867.0,0.08912508948302154,52285.4,103691.8
LLVM,random_search,26,20270450,22,45326,80695.2,56867.0,0.08912508948302154,52285.4,103691.8
LLVM,random_search,26,20270450,23,213,64724.4,56867.0,0.08912508948302154,52285.4,103691.8
LLVM,random_search,26,20270450,24,18233,71037.4,56867.0,0.08912508948302154,52285.4,103691.8
LLVM,random_search,26,20270450,25,48097,89993.4,56867.0,0.08912508948302154,52285.4,103691.8
LLVM,random_search,26,20270450,26,13995,89383.6,56867.0,0.08912508948302154,52285.4,103691.8
LLVM,random_search,26,20270450,27,53898,68586.8,56867.0,0.08912508948302154,52285.4,103691.8
LLVM,random_search,26,20270450,28,16468,64685.0,56867.0,0.08912508948302154,52285.4,103691.8
LLVM,random_search,26,20270450,29,32154,84506.0,56867.0,0.08912508948302154,52285.4,103691.8
LLVM,random_search,26,20270450,30,3492,75620.2,56867.0,0.08912508948302154,52285.4,103691.8
LLVM,random_search,26,20270450,31,58264,72651.2,56867.0,0.08912508948302154,52285.4,103691.8
LLVM,random_search,26,20270450,32,24213,81473.8,56867.0,0.08912508948302154,52285.4,103691.8
LLVM,random_search,26,20270450,33,27058,70020.2,56867.0,0.08912508948302154,52285.4,103691.8
LLVM,random_search,26,20270450,34,21667,72448.6,56867.0,0.08912508948302154,52285.4,103691.8
LLVM,random_search,26,20270450,35,11171,70626.8,56867.0,0.08912508948302154,52285.4,103691.8
LLVM,random_search,26,20270450,36,13820,90801.0,56867.0,0.08912508948302154,52285.4,103691.8
LLVM,random_search,26,20270450,37,54602,77945.6,56867.0,0.08912508948302154,52285.4,103691.8
LLVM,random_search,26,20270450,38,41799,69829.0,56867.0,0.08912508948302154,52285.4,103691.8
LLVM,random_search,26,20270450,39,27339,77755.4,56867.0,0.08912508948302154,52285.4,103691.8
LLVM,random_search,26,20270450,40,46442,90847.8,56867.0,0.08912508948302154,52285.4,103691.8
LLVM,random_search,26,20270450,41,24168,72013.2,56867.0,0.08912508948302154,52285.4,103691.8
LLVM,random_search,26,20270450,42,35628,83427.4,56867.0,0.08912508948302154,52285.4,103691.8
LLVM,random_search,26,20270450,43,44899,77745.4,56867.0,0.08912508948302154,52285.4,103691.8
LLVM,random_search,26,20270450,44,59341,82893.8,56867.0,0.08912508948302154,52285.4,103691.8
LLVM,random_search,26,20270450,45,25634,68542.2,56867.0,0.08912508948302154,52285.4,103691.8
LLVM,random_search,26,20270450,46,23886,75045.0,56867.0,0.08912508948302154,52285.4,103691.8
LLVM,random_search,26,20270450,47,59775,83520.0,56867.0,0.08912508948302154,52285.4,103691.8
LLVM,random_search,26,20270450,48,28257,71934.4,56867.0,0.08912508948302154,52285.4,103691.8
LLVM,random_search,26,20270450,49,20664,60652.0,56867.0,0.08912508948302154,52285.4,103691.8
LLVM,random_search,26,20270450,50,46092,80855.6,56867.0,0.08912508948302154,52285.4,103691.8
LLVM,rf_smbo,26,20270450,1,43598,69917.2,69917.2,0.34298842167512206,52285.4,103691.8
LLVM,rf_smbo,26,20270450,2,43644,72966.2,69917.2,0.34298842167512206,52285.4,103691.8
LLVM,rf_smbo,26,20270450,3,11641,70088.4,69917.2,0.34298842167512206,52285.4,103691.8
LLVM,rf_smbo,26,20270450,4,52349,87149.2,69917.2,0.34298842167512206,52285.4,103691.8
LLVM,rf_smbo,26,20270450,5,51177,75695.8,69917.2,0.34298842167512206,52285.4,103691.8
LLVM,rf_smbo,26,20270450,6,26946,67139.8,67139.8,0.28896012947804167,52285.4,103691.8
LLVM,rf_smbo,26,20270450,7,23747,65601.4,65601.4,0.25903389461234383,52285.4,103691.8
LLVM,rf_smbo,26,20270450,8,20803,60828.8,60828.8,0.16619331445111896,52285.4,103691.8
LLVM,rf_smbo,26,20270450,9,22275,74366.6,60828.8,0.16619331445111896,52285.4,103691.8
LLVM,rf_smbo,26,20270450,10,17154,59350.0,59350.0,0.13742646829966693,52285.4,103691.8
LLVM,rf_smbo,26,20270450,11,16898,57015.6,57015.6,0.09201578013632537,52285.4,103691.8
LLVM,rf_smbo,26,20270450,12,41604,66681.6,57015.6,0.09201578013632537,52285.4,103691.8
LLVM,rf_smbo,26,20270450,13,16897,56762.2,56762.2,0.08708643281770355,52285.4,103691.8
LLVM,rf_smbo,26,20270450,14,515,56916.0,56762.2,0.08708643281770355,52285.4,103691.8
LLVM,rf_smbo,26,20270450,15,526,59183.8,56762.2,0.08708643281770355,52285.4,103691.8
LLVM,rf_smbo,26,20270450,16,19566,82340.4,56762.2,0.08708643281770355,52285.4,103691.8
LLVM,rf_smbo,26,20270450,17,33281,60333.8,56762.2,0.08708643281770355,52285.4,103691.8
LLVM,rf_smbo,26,20270450,18,3157,80324.4,56762.2,0.08708643281770355,52285.4,103691.8
LLVM,rf_smbo,26,20270450,19,534,59646.6,56762.2,0.08708643281770355,52285.4,103691.8
LLVM,rf_smbo,26,20270450,20,530,59128.4,56762.2,0.08708643281770355,52285.4,103691.8
LLVM,rf_smbo,26,20270450,21,16903,58493.2,56762.2,0.08708643281770355,52285.4,103691.8
LLVM,rf_smbo,26,20270450,22,16435,63640.6,56762.2,0.08708643281770355,52285.4,103691.8
LLVM,rf_smbo,26,20270450,23,546,62390.2,56762.2,0.08708643281770355,52285.4,103691.8
LLVM,rf_smbo,26,20270450,24,17683,59620.4,56762.2,0.08708643281770355,52285.4,103691.8
LLVM,rf_smbo,26,20270450,25,16387,56699.2,56699.2,0.08586090447881967,52285.4,103691.8
LLVM,rf_smbo,26,20270450,26,16899,57048.4,56699.2,0.08586090447881967,52285.4,103691.8
LLVM,rf_smbo,26,20270450,27,25091,63199.4,56699.2,0.08586090447881967,52285.4,103691.8
LLVM,rf_smbo,26,20270450,28,16515,56883.8,56699.2,0.08586090447881967,52285.4,103691.8
LLVM,rf_smbo,26,20270450,29,17539,58358.0,56699.2,0.08586090447881967,52285.4,103691.8
LLVM,rf_smbo,26,20270450,30,16412,60990.0,56699.2,0.08586090447881967,52285.4,103691.8
LLVM,rf_smbo,26,20270450,31,17410,56842.4,56699.2,0.08586090447881967,52285.4,103691.8
LLVM,rf_smbo,26,20270450,32,17538,58180.8,56699.2,0.08586090447881967,52285.4,103691.8
LLVM,rf_smbo,26,20270450,33,17415,58238.0,56699.2,0.08586090447881967,52285.4,103691.8
LLVM,rf_smbo,26,20270450,34,2,55493.0,55493.0,0.062396899996887516,52285.4,103691.8
LLVM,rf_smbo,26,20270450,35,2051,70531.2,55493.0,0.062396899996887516,52285.4,103691.8
LLVM,rf_smbo,26,20270450,36,16396,57873.6,55493.0,0.062396899996887516,52285.4,103691.8
LLVM,rf_smbo,26,20270450,37,1026,56536.8,55493.0,0.062396899996887516,52285.4,103691.8
LLVM,rf_smbo,26,20270450,38,16963,59280.4,55493.0,0.062396899996887516,52285.4,103691.8
LLVM,rf_smbo,26,20270450,39,16642,60644.2,55493.0,0.062396899996887516,52285.4,103691.8
LLVM,rf_smbo,26,20270450,40,1024,55081.4,55081.4,0.0543901148495129,52285.4,103691.8
LLVM,rf_smbo,26,20270450,41,12,57251.4,55081.4,0.0543901148495129,52285.4,103691.8
LLVM,rf_smbo,26,20270450,42,1034,58213.4,55081.4,0.0543901148495129,52285.4,103691.8
LLVM,rf_smbo,26,20270450,43,1027,56544.0,55081.4,0.0543901148495129,52285.4,103691.8
LLVM,rf_smbo,26,20270450,44,1152,54937.4,54937.4,0.051588907217778326,52285.4,103691.8
LLVM,rf_smbo,26,20270450,45,0,52285.4,52285.4,0.0,52285.4,103691.8
LLVM,rf_smbo,26,20270450,46,128,53380.6,52285.4,0.0,52285.4,103691.8
LLVM,rf_smbo,26,20270450,47,33920,58958.8,52285.4,0.0,52285.4,103691.8
LLVM,rf_smbo,26,20270450,48,20,59593.4,52285.4,0.0,52285.4,103691.8
LLVM,rf_smbo,26,20270450,49,16513,53862.8,52285.4,0.0,52285.4,103691.8
LLVM,rf_smbo,26,20270450,50,32896,57495.0,52285.4,0.0,52285.4,103691.8
LLVM,random_search,27,20270451,1,61012,81909.6,81909.6,0.5762745494724393,52285.4,103691.8
LLVM,random_search,27,20270451,2,64518,81417.4,81417.4,0.5666998661645241,52285.4,103691.8
LLVM,random_search,27,20270451,3,29997,87468.2,81417.4,0.5666998661645241,52285.4,103691.8
LLVM,random_search,27,20270451,4,27782,66804.2,66804.2,0.28243175946963794,52285.4,103691.8
LLVM,random_search,27,20270451,5,37480,74456.8,66804.2,0.28243175946963794,52285.4,103691.8
LLVM,random_search,27,20270451,6,15835,89225.4,66804.2,0.28243175946963794,52285.4,103691.8
LLVM,random_search,27,20270451,7,49345,63055.4,63055.4,0.2095069874568147,52285.4,103691.8
LLVM,random_search,27,20270451,8,48592,87464.8,63055.4,0.2095069874568147,52285.4,103691.8
LLVM,random_search,27,20270451,9,35631,86309.4,63055.4,0.2095069874568147,52285.4,103691.8
LLVM,random_search,27,20270451,10,32881,65266.8,63055.4,0.2095069874568147,52285.4,103691.8
LLVM,random_search,27,20270451,11,18358,69239.6,63055.4,0.2095069874568147,52285.4,103691.8
LLVM,random_search,27,20270451,12,47991,98704.2,63055.4,0.2095069874568147,52285.4,103691.8
LLVM,random_search,27,20270451,13,37793,72999.6,63055.4,0.2095069874568147,52285.4,103691.8
LLVM,random_search,27,20270451,14,40798,96835.2,63055.4,0.2095069874568147,52285.4,103691.8
LLVM,random_search,27,20270451,15,57482,67328.0,63055.4,0.2095069874568147,52285.4,103691.8
LLVM,random_search,27,20270451,16,26067,73426.2,63055.4,0.2095069874568147,52285.4,103691.8
LLVM,random_search,27,20270451,17,33724,70793.6,63055.4,0.2095069874568147,52285.4,103691.8
LLVM,random_search,27,20270451,18,63011,90895.2,63055.4,0.2095069874568147,52285.4,103691.8
LLVM,random_search,27,20270451,19,62224,82801.0,63055.4,0.2095069874568147,52285.4,103691.8
LLVM,random_search,27,20270451,20,49225,62340.6,62340.6,0.19560210401817665,52285.4,103691.8
LLVM,random_search,27,20270451,21,47762,88853.0,62340.6,0.19560210401817665,52285.4,103691.8
LLVM,random_search,27,20270451,22,14391,80763.8,62340.6,0.19560210401817665,52285.4,103691.8
LLVM,random_search,27,20270451,23,22042,79738.6,62340.6,0.19560210401817665,52285.4,103691.8
LLVM,random_search,27,20270451,24,16056,87828.6,62340.6,0.19560210401817665,52285.4,103691.8
LLVM,random_search,27,20270451,25,33747,76583.0,62340.6,0.19560210401817665,52285.4,103691.8
LLVM,random_search,27,20270451,26,9166,67898.6,62340.6,0.19560210401817665,52285.4,103691.8
LLVM,random_search,27,20270451,27,62866,84629.6,62340.6,0.19560210401817665,52285.4,103691.8
LLVM,random_search,27,20270451,28,11792,69489.4,62340.6,0.19560210401817665,52285.4,103691.8
LLVM,random_search,27,20270451,29,38195,87535.4,62340.6,0.19560210401817665,52285.4,103691.8
LLVM,random_search,27,20270451,30,39070,72504.4,62340.6,0.19560210401817665,52285.4,103691.8
LLVM,random_search,27,20270451,31,22528,55555.6,55555.6,0.063614647203461,52285.4,103691.8
LLVM,random_search,27,20270451,32,3671,87136.0,55555.6,0.063614647203461,52285.4,103691.8
LLVM,random_search,27,20270451,33,32555,94619.2,55555.6,0.063614647203461,52285.4,103691.8
LLVM,random_search,27,20270451,34,55250,88637.6,55555.6,0.063614647203461,52285.4,103691.8
LLVM,random_search,27,20270451,35,26664,69072.2,55555.6,0.063614647203461,52285.4,103691.8
LLVM,random_search,27,20270451,36,704,66011.8,55555.6,0.063614647203461,52285.4,103691.8
LLVM,random_search,27,20270451,37,62901,86987.6,55555.6,0.063614647203461,52285.4,103691.8
LLVM,random_search,27,20270451,38,29489,86679.8,55555.6,0.063614647203461,52285.4,103691.8
LLVM,random_search,27,20270451,39,17970,69984.2,55555.6,0.063614647203461,52285.4,103691.8
LLVM,random_search,27,20270451,40,14721,75224.4,55555.6,0.063614647203461,52285.4,103691.8
LLVM,random_search,27,20270451,41,41864,64347.4,55555.6,0.063614647203461,52285.4,103691.8
LLVM,random_search,27,20270451,42,36409,90137.2,55555.6,0.063614647203461,52285.4,103691.8
LLVM,random_search,27,20270451,43,37707,76723.6,55555.6,0.063614647203461,52285.4,103691.8
LLVM,random_search,27,20270451,44,65506,97130.2,55555.6,0.063614647203461,52285.4,103691.8
LLVM,random_search,27,20270451,45,45403,88471.2,55555.6,0.063614647203461,52285.4,103691.8
LLVM,random_search,27,20270451,46,4557,77886.4,55555.6,0.063614647203461,52285.4,103691.8
LLVM,random_search,27,20270451,47,15243,81953.4,55555.6,0.063614647203461,52285.4,103691.8
LLVM,random_search,27,20270451,48,58793,70548.2,55555.6,0.063614647203461,52285.4,103691.8
LLVM,random_search,27,20270451,49,62663,88099.2,55555.6,0.063614647203461,52285.4,103691.8
LLVM,random_search,27,20270451,50,42261,63420.0,55555.6,0.063614647203461,52285.4,103691.8
LLVM,rf_smbo,27,20270451,1,1761,69459.4,69459.4,0.3340829157458992,52285.4,103691.8
LLVM,rf_smbo,27,20270451,2,23059,73891.6,69459.4,0.3340829157458992,52285.4,103691.8
LLVM,rf_smbo,27,20270451,3,22708,62728.2,62728.2,0.20314202122692884,52285.4,103691.8
LLVM,rf_smbo,27,20270451,4,13914,91284.2,62728.2,0.20314202122692884,52285.4,103691.8
LLVM,rf_smbo,27,20270451,5,51657,87902.0,62728.2,0.20314202122692884,52285.4,103691.8
LLVM,rf_smbo,27,20270451,6,63861,96044.0,62728.2,0.20314202122692884,52285.4,103691.8
LLVM,rf_smbo,27,20270451,7,59322,79520.6,62728.2,0.20314202122692884,52285.4,103691.8
LLVM,rf_smbo,27,20270451,8,22672,58435.2,58435.2,0.11963101870584199,52285.4,103691.8
LLVM,rf_smbo,27,20270451,9,17578,63140.6,58435.2,0.11963101870584199,52285.4,103691.8
LLVM,rf_smbo,27,20270451,10,22760,65780.2,58435.2,0.11963101870584199,52285.4,103691.8
LLVM,rf_smbo,27,20270451,11,23680,57061.0,57061.0,0.09289893865355284,52285.4,103691.8
LLVM,rf_smbo,27,20270451,12,20608,54233.0,54233.0,0.03788633321921003,52285.4,103691.8
LLVM,rf_smbo,27,20270451,13,22848,58925.4,54233.0,0.03788633321921003,52285.4,103691.8
LLVM,rf_smbo,27,20270451,14,60174,69318.0,54233.0,0.03788633321921003,52285.4,103691.8
LLVM,rf_smbo,27,20270451,15,22852,63875.6,54233.0,0.03788633321921003,52285.4,103691.8
LLVM,rf_smbo,27,20270451,16,27648,63197.4,54233.0,0.03788633321921003,52285.4,103691.8
LLVM,rf_smbo,27,20270451,17,20682,64671.0,54233.0,0.03788633321921003,52285.4,103691.8
LLVM,rf_smbo,27,20270451,18,20800,57036.8,54233.0,0.03788633321921003,52285.4,103691.8
LLVM,rf_smbo,27,20270451,19,8320,53879.2,53879.2,0.031003921690684343,52285.4,103691.8
LLVM,rf_smbo,27,20270451,20,16736,60495.2,53879.2,0.031003921690684343,52285.4,103691.8
LLVM,rf_smbo,27,20270451,21,24704,59954.2,53879.2,0.031003921690684343,52285.4,103691.8
LLVM,rf_smbo,27,20270451,22,20642,58205.8,53879.2,0.031003921690684343,52285.4,103691.8
LLVM,rf_smbo,27,20270451,23,20808,61041.8,53879.2,0.031003921690684343,52285.4,103691.8
LLVM,rf_smbo,27,20270451,24,21376,58805.6,53879.2,0.031003921690684343,52285.4,103691.8
LLVM,rf_smbo,27,20270451,25,16514,57014.4,53879.2,0.031003921690684343,52285.4,103691.8
LLVM,rf_smbo,27,20270451,26,21248,57269.6,53879.2,0.031003921690684343,52285.4,103691.8
LLVM,rf_smbo,27,20270451,27,20620,58174.2,53879.2,0.031003921690684343,52285.4,103691.8
LLVM,rf_smbo,27,20270451,28,20544,55845.8,53879.2,0.031003921690684343,52285.4,103691.8
LLVM,rf_smbo,27,20270451,29,16512,53756.2,53756.2,0.028611223505244397,52285.4,103691.8
LLVM,rf_smbo,27,20270451,30,20480,54182.0,53756.2,0.028611223505244397,52285.4,103691.8
LLVM,rf_smbo,27,20270451,31,24576,59912.4,53756.2,0.028611223505244397,52285.4,103691.8
LLVM,rf_smbo,27,20270451,32,20482,57203.6,53756.2,0.028611223505244397,52285.4,103691.8
LLVM,rf_smbo,27,20270451,33,8192,53887.2,53756.2,0.028611223505244397,52285.4,103691.8
LLVM,rf_smbo,27,20270451,34,8450,60214.0,53756.2,0.028611223505244397,52285.4,103691.8
LLVM,rf_smbo,27,20270451,35,0,52285.4,52285.4,0.0,52285.4,103691.8
LLVM,rf_smbo,27,20270451,36,12448,69766.6,52285.4,0.0,52285.4,103691.8
LLVM,rf_smbo,27,20270451,37,2,55493.0,52285.4,0.0,52285.4,103691.8
LLVM,rf_smbo,27,20270451,38,8704,56763.8,52285.4,0.0,52285.4,103691.8
LLVM,rf_smbo,27,20270451,39,136,56919.4,52285.4,0.0,52285.4,103691.8
LLVM,rf_smbo,27,20270451,40,8256,55568.4,52285.4,0.0,52285.4,103691.8
LLVM,rf_smbo,27,20270451,41,65,55246.6,52285.4,0.0,52285.4,103691.8
LLVM,rf_smbo,27,20270451,42,32960,62871.6,52285.4,0.0,52285.4,103691.8
LLVM,rf_smbo,27,20270451,43,1,52324.8,52285.4,0.0,52285.4,103691.8
LLVM,rf_smbo,27,20270451,44,513,56378.8,52285.4,0.0,52285.4,103691.8
LLVM,rf_smbo,27,20270451,45,2056,71153.6,52285.4,0.0,52285.4,103691.8
LLVM,rf_smbo,27,20270451,46,161,55378.0,52285.4,0.0,52285.4,103691.8
LLVM,rf_smbo,27,20270451,47,3,56400.0,52285.4,0.0,52285.4,103691.8
LLVM,rf_smbo,27,20270451,48,8193,53919.8,52285.4,0.0,52285.4,103691.8
LLVM,rf_smbo,27,20270451,49,16393,57396.4,52285.4,0.0,52285.4,103691.8
LLVM,rf_smbo,27,20270451,50,5632,76412.0,52285.4,0.0,52285.4,103691.8
LLVM,random_search,28,20270452,1,28083,68990.2,68990.2,0.3249556475458308,52285.4,103691.8
LLVM,random_search,28,20270452,2,55221,86600.6,68990.2,0.3249556475458308,52285.4,103691.8
LLVM,random_search,28,20270452,3,9878,67327.6,67327.6,0.2926133710977622,52285.4,103691.8
LLVM,random_search,28,20270452,4,35395,76486.0,67327.6,0.2926133710977622,52285.4,103691.8
LLVM,random_search,28,20270452,5,55816,73575.0,67327.6,0.2926133710977622,52285.4,103691.8
LLVM,random_search,28,20270452,6,55509,69183.6,67327.6,0.2926133710977622,52285.4,103691.8
LLVM,random_search,28,20270452,7,42451,70700.0,67327.6,0.2926133710977622,52285.4,103691.8
LLVM,random_search,28,20270452,8,14189,94643.0,67327.6,0.2926133710977622,52285.4,103691.8
LLVM,random_search,28,20270452,9,24704,59954.2,59954.2,0.1491798686544865,52285.4,103691.8
LLVM,random_search,28,20270452,10,11580,72113.8,59954.2,0.1491798686544865,52285.4,103691.8
LLVM,random_search,28,20270452,11,24533,87104.0,59954.2,0.1491798686544865,52285.4,103691.8
LLVM,random_search,28,20270452,12,51671,88351.4,59954.2,0.1491798686544865,52285.4,103691.8
LLVM,random_search,28,20270452,13,57715,74672.2,59954.2,0.1491798686544865,52285.4,103691.8
LLVM,random_search,28,20270452,14,52130,81036.0,59954.2,0.1491798686544865,52285.4,103691.8
LLVM,random_search,28,20270452,15,3710,85185.0,59954.2,0.1491798686544865,52285.4,103691.8
LLVM,random_search,28,20270452,16,30264,89608.0,59954.2,0.1491798686544865,52285.4,103691.8
LLVM,random_search,28,20270452,17,59211,76132.6,59954.2,0.1491798686544865,52285.4,103691.8
LLVM,random_search,28,20270452,18,45050,87010.4,59954.2,0.1491798686544865,52285.4,103691.8
LLVM,random_search,28,20270452,19,47324,84580.8,59954.2,0.1491798686544865,52285.4,103691.8
LLVM,random_search,28,20270452,20,54873,87920.4,59954.2,0.1491798686544865,52285.4,103691.8
LLVM,random_search,28,20270452,21,21628,78125.8,59954.2,0.1491798686544865,52285.4,103691.8
LLVM,random_search,28,20270452,22,46697,94206.6,59954.2,0.1491798686544865,52285.4,103691.8
LLVM,random_search,28,20270452,23,5992,89607.6,59954.2,0.1491798686544865,52285.4,103691.8
LLVM,random_search,28,20270452,24,42251,62400.2,59954.2,0.1491798686544865,52285.4,103691.8
LLVM,random_search,28,20270452,25,33280,59129.6,59129.6,0.13313906439665094,52285.4,103691.8
LLVM,random_search,28,20270452,26,21211,74553.6,59129.6,0.13313906439665094,52285.4,103691.8
LLVM,random_search,28,20270452,27,24898,67045.6,59129.6,0.13313906439665094,52285.4,103691.8
LLVM,random_search,28,20270452,28,50199,63689.8,59129.6,0.13313906439665094,52285.4,103691.8
LLVM,random_search,28,20270452,29,30493,87088.2,59129.6,0.13313906439665094,52285.4,103691.8
LLVM,random_search,28,20270452,30,30304,82915.4,59129.6,0.13313906439665094,52285.4,103691.8
LLVM,random_search,28,20270452,31,14226,85408.0,59129.6,0.13313906439665094,52285.4,103691.8
LLVM,random_search,28,20270452,32,51038,75557.0,59129.6,0.13313906439665094,52285.4,103691.8
LLVM,random_search,28,20270452,33,50616,65085.6,59129.6,0.13313906439665094,52285.4,103691.8
LLVM,random_search,28,20270452,34,22157,80961.0,59129.6,0.13313906439665094,52285.4,103691.8
LLVM,random_search,28,20270452,35,3867,82630.6,59129.6,0.13313906439665094,52285.4,103691.8
LLVM,random_search,28,20270452,36,17805,61873.0,59129.6,0.13313906439665094,52285.4,103691.8
LLVM,random_search,28,20270452,37,63025,92355.8,59129.6,0.13313906439665094,52285.4,103691.8
LLVM,random_search,28,20270452,38,36268,80580.2,59129.6,0.13313906439665094,52285.4,103691.8
LLVM,random_search,28,20270452,39,4838,79609.8,59129.6,0.13313906439665094,52285.4,103691.8
LLVM,random_search,28,20270452,40,14006,89413.6,59129.6,0.13313906439665094,52285.4,103691.8
LLVM,random_search,28,20270452,41,61622,85472.8,59129.6,0.13313906439665094,52285.4,103691.8
LLVM,random_search,28,20270452,42,14645,87056.0,59129.6,0.13313906439665094,52285.4,103691.8
LLVM,random_search,28,20270452,43,53530,67953.2,59129.6,0.13313906439665094,52285.4,103691.8
LLVM,random_search,28,20270452,44,54503,83985.8,59129.6,0.13313906439665094,52285.4,103691.8
LLVM,random_search,28,20270452,45,16148,81621.8,59129.6,0.13313906439665094,52285.4,103691.8
LLVM,random_search,28,20270452,46,46937,96221.8,59129.6,0.13313906439665094,52285.4,103691.8
LLVM,random_search,28,20270452,47,28013,75954.8,59129.6,0.13313906439665094,52285.4,103691.8
LLVM,random_search,28,20270452,48,45514,88637.6,59129.6,0.13313906439665094,52285.4,103691.8
LLVM,random_search,28,20270452,49,4985,74623.0,59129.6,0.13313906439665094,52285.4,103691.8
LLVM,random_search,28,20270452,50,25616,63151.8,59129.6,0.13313906439665094,52285.4,103691.8
LLVM,rf_smbo,28,20270452,1,49645,75583.4,75583.4,0.45321205141772214,52285.4,103691.8
LLVM,rf_smbo,28,20270452,2,14525,79438.8,75583.4,0.45321205141772214,52285.4,103691.8
LLVM,rf_smbo,28,20270452,3,49718,69587.4,69587.4,0.3365728780852188,52285.4,103691.8
LLVM,rf_smbo,28,20270452,4,30366,88751.8,69587.4,0.3365728780852188,52285.4,103691.8
LLVM,rf_smbo,28,20270452,5,26332,80289.0,69587.4,0.3365728780852188,52285.4,103691.8
LLVM,rf_smbo,28,20270452,6,10123,66599.0,66599.0,0.27844003859441624,52285.4,103691.8
LLVM,rf_smbo,28,20270452,7,33737,71272.8,66599.0,0.27844003859441624,52285.4,103691.8
LLVM,rf_smbo,28,20270452,8,51081,69370.6,66599.0,0.27844003859441624,52285.4,103691.8
LLVM,rf_smbo,28,20270452,9,50825,68541.0,66599.0,0.27844003859441624,52285.4,103691.8
LLVM,rf_smbo,28,20270452,10,55729,69432.8,66599.0,0.27844003859441624,52285.4,103691.8
LLVM,rf_smbo,28,20270452,11,31649,80818.2,66599.0,0.27844003859441624,52285.4,103691.8
LLVM,rf_smbo,28,20270452,12,42569,69514.4,66599.0,0.27844003859441624,52285.4,103691.8
LLVM,rf_smbo,28,20270452,13,6513,72014.0,66599.0,0.27844003859441624,52285.4,103691.8
LLVM,rf_smbo,28,20270452,14,51001,75144.6,66599.0,0.27844003859441624,52285.4,103691.8
LLVM,rf_smbo,28,20270452,15,10121,65315.2,65315.2,0.25346649444427144,52285.4,103691.8
LLVM,rf_smbo,28,20270452,16,10633,69433.8,65315.2,0.25346649444427144,52285.4,103691.8
LLVM,rf_smbo,28,20270452,17,8625,62946.8,62946.8,0.20739441003454825,52285.4,103691.8
LLVM,rf_smbo,28,20270452,18,22705,60640.2,60640.2,0.16252451056677758,52285.4,103691.8
LLVM,rf_smbo,28,20270452,19,22742,66477.2,60640.2,0.16252451056677758,52285.4,103691.8
LLVM,rf_smbo,28,20270452,20,23438,75475.4,60640.2,0.16252451056677758,52285.4,103691.8
LLVM,rf_smbo,28,20270452,21,21385,61964.8,60640.2,0.16252451056677758,52285.4,103691.8
LLVM,rf_smbo,28,20270452,22,20660,61843.6,60640.2,0.16252451056677758,52285.4,103691.8
LLVM,rf_smbo,28,20270452,23,20592,61731.6,60640.2,0.16252451056677758,52285.4,103691.8
LLVM,rf_smbo,28,20270452,24,27828,70775.6,60640.2,0.16252451056677758,52285.4,103691.8
LLVM,rf_smbo,28,20270452,25,16500,67523.8,60640.2,0.16252451056677758,52285.4,103691.8
LLVM,rf_smbo,28,20270452,26,21398,64154.2,60640.2,0.16252451056677758,52285.4,103691.8
LLVM,rf_smbo,28,20270452,27,16564,61472.6,60640.2,0.16252451056677758,52285.4,103691.8
LLVM,rf_smbo,28,20270452,28,20500,60228.2,60228.2,0.15450994428709258,52285.4,103691.8
LLVM,rf_smbo,28,20270452,29,16532,60172.2,60172.2,0.15342058576364023,52285.4,103691.8
LLVM,rf_smbo,28,20270452,30,148,59520.0,59520.0,0.1407334495315758,52285.4,103691.8
LLVM,rf_smbo,28,20270452,31,17428,59847.2,59520.0,0.1407334495315758,52285.4,103691.8
LLVM,rf_smbo,28,20270452,32,22682,62725.6,59520.0,0.1407334495315758,52285.4,103691.8
LLVM,rf_smbo,28,20270452,33,18968,74557.8,59520.0,0.1407334495315758,52285.4,103691.8
LLVM,rf_smbo,28,20270452,34,20616,57720.4,57720.4,0.10572613526720408,52285.4,103691.8
LLVM,rf_smbo,28,20270452,35,136,56919.4,56919.4,0.09014441781568054,52285.4,103691.8
LLVM,rf_smbo,28,20270452,36,1288,57252.6,56919.4,0.09014441781568054,52285.4,103691.8
LLVM,rf_smbo,28,20270452,37,776,59469.4,56919.4,0.09014441781568054,52285.4,103691.8
LLVM,rf_smbo,28,20270452,38,9224,57418.2,56919.4,0.09014441781568054,52285.4,103691.8
LLVM,rf_smbo,28,20270452,39,9352,58813.6,56919.4,0.09014441781568054,52285.4,103691.8
LLVM,rf_smbo,28,20270452,40,17544,58628.2,56919.4,0.09014441781568054,52285.4,103691.8
LLVM,rf_smbo,28,20270452,41,10,58023.0,56919.4,0.09014441781568054,52285.4,103691.8
LLVM,rf_smbo,28,20270452,42,1290,58724.2,56919.4,0.09014441781568054,52285.4,103691.8
LLVM,rf_smbo,28,20270452,43,10760,63499.2,56919.4,0.09014441781568054,52285.4,103691.8
LLVM,rf_smbo,28,20270452,44,1034,58213.4,56919.4,0.09014441781568054,52285.4,103691.8
LLVM,rf_smbo,28,20270452,45,16906,59055.6,56919.4,0.09014441781568054,52285.4,103691.8
LLVM,rf_smbo,28,20270452,46,1032,57045.2,56919.4,0.09014441781568054,52285.4,103691.8
LLVM,rf_smbo,28,20270452,47,32776,59819.2,56919.4,0.09014441781568054,52285.4,103691.8
LLVM,rf_smbo,28,20270452,48,34122,63373.8,56919.4,0.09014441781568054,52285.4,103691.8
LLVM,rf_smbo,28,20270452,49,6274,64006.0,56919.4,0.09014441781568054,52285.4,103691.8
LLVM,rf_smbo,28,20270452,50,16396,57873.6,56919.4,0.09014441781568054,52285.4,103691.8
LLVM,random_search,29,20270453,1,19764,80227.4,80227.4,0.543550997541162,52285.4,103691.8
LLVM,random_search,29,20270453,2,53476,68281.2,68281.2,0.3111635905256932,52285.4,103691.8
LLVM,random_search,29,20270453,3,4158,71261.6,68281.2,0.3111635905256932,52285.4,103691.8
LLVM,random_search,29,20270453,4,54011,81167.8,68281.2,0.3111635905256932,52285.4,103691.8
LLVM,random_search,29,20270453,5,40676,97309.2,68281.2,0.3111635905256932,52285.4,103691.8
LLVM,random_search,29,20270453,6,49662,78727.4,68281.2,0.3111635905256932,52285.4,103691.8
LLVM,random_search,29,20270453,7,29016,88472.2,68281.2,0.3111635905256932,52285.4,103691.8
LLVM,random_search,29,20270453,8,34722,67659.2,67659.2,0.29906392978306195,52285.4,103691.8
LLVM,random_search,29,20270453,9,65218,92939.2,67659.2,0.29906392978306195,52285.4,103691.8
LLVM,random_search,29,20270453,10,60171,69753.4,67659.2,0.29906392978306195,52285.4,103691.8
LLVM,random_search,29,20270453,11,63258,88675.4,67659.2,0.29906392978306195,52285.4,103691.8
LLVM,random_search,29,20270453,12,6161,62699.8,62699.8,0.20258956083289242,52285.4,103691.8
LLVM,random_search,29,20270453,13,61225,80087.6,62699.8,0.20258956083289242,52285.4,103691.8
LLVM,random_search,29,20270453,14,20419,86387.4,62699.8,0.20258956083289242,52285.4,103691.8
LLVM,random_search,29,20270453,15,42203,71769.0,62699.8,0.20258956083289242,52285.4,103691.8
LLVM,random_search,29,20270453,16,54070,71715.4,62699.8,0.20258956083289242,52285.4,103691.8
LLVM,random_search,29,20270453,17,47891,85289.2,62699.8,0.20258956083289242,52285.4,103691.8
LLVM,random_search,29,20270453,18,39370,82681.6,62699.8,0.20258956083289242,52285.4,103691.8
LLVM,random_search,29,20270453,19,54269,80439.4,62699.8,0.20258956083289242,52285.4,103691.8
LLVM,random_search,29,20270453,20,27274,70889.8,62699.8,0.20258956083289242,52285.4,103691.8
LLVM,random_search,29,20270453,21,30288,86373.2,62699.8,0.20258956083289242,52285.4,103691.8
LLVM,random_search,29,20270453,22,17883,68824.8,62699.8,0.20258956083289242,52285.4,103691.8
LLVM,random_search,29,20270453,23,34507,76785.8,62699.8,0.20258956083289242,52285.4,103691.8
LLVM,random_search,29,20270453,24,54663,78904.6,62699.8,0.20258956083289242,52285.4,103691.8
LLVM,random_search,29,20270453,25,40328,83050.8,62699.8,0.20258956083289242,52285.4,103691.8
LLVM,random_search,29,20270453,26,48997,90431.2,62699.8,0.20258956083289242,52285.4,103691.8
LLVM,random_search,29,20270453,27,32775,62007.8,62007.8,0.18912820193594573,52285.4,103691.8
LLVM,random_search,29,20270453,28,33225,73357.4,62007.8,0.18912820193594573,52285.4,103691.8
LLVM,random_search,29,20270453,29,48869,96915.0,62007.8,0.18912820193594573,52285.4,103691.8
LLVM,random_search,29,20270453,30,40284,88915.0,62007.8,0.18912820193594573,52285.4,103691.8
LLVM,random_search,29,20270453,31,29863,80486.6,62007.8,0.18912820193594573,52285.4,103691.8
LLVM,random_search,29,20270453,32,48232,82421.0,62007.8,0.18912820193594573,52285.4,103691.8
LLVM,random_search,29,20270453,33,63093,96200.0,62007.8,0.18912820193594573,52285.4,103691.8
LLVM,random_search,29,20270453,34,265,60664.2,60664.2,0.16299137850540002,52285.4,103691.8
LLVM,random_search,29,20270453,35,10647,72878.8,60664.2,0.16299137850540002,52285.4,103691.8
LLVM,random_search,29,20270453,36,54900,89243.6,60664.2,0.16299137850540002,52285.4,103691.8
LLVM,random_search,29,20270453,37,6545,70123.2,60664.2,0.16299137850540002,52285.4,103691.8
LLVM,random_search,29,20270453,38,35696,83322.0,60664.2,0.16299137850540002,52285.4,103691.8
LLVM,random_search,29,20270453,39,12048,69297.8,60664.2,0.16299137850540002,52285.4,103691.8
LLVM,random_search,29,20270453,40,1960,64893.0,60664.2,0.16299137850540002,52285.4,103691.8
LLVM,random_search,29,20270453,41,29256,80641.6,60664.2,0.16299137850540002,52285.4,103691.8
LLVM,random_search,29,20270453,42,23297,69778.4,60664.2,0.16299137850540002,52285.4,103691.8
LLVM,random_search,29,20270453,43,22940,69191.2,60664.2,0.16299137850540002,52285.4,103691.8
LLVM,random_search,29,20270453,44,16811,66147.8,60664.2,0.16299137850540002,52285.4,103691.8
LLVM,random_search,29,20270453,45,2398,82192.6,60664.2,0.16299137850540002,52285.4,103691.8
LLVM,random_search,29,20270453,46,14638,85858.4,60664.2,0.16299137850540002,52285.4,103691.8
LLVM,random_search,29,20270453,47,62020,82628.4,60664.2,0.16299137850540002,52285.4,103691.8
LLVM,random_search,29,20270453,48,46549,91580.6,60664.2,0.16299137850540002,52285.4,103691.8
LLVM,random_search,29,20270453,49,18758,75486.2,60664.2,0.16299137850540002,52285.4,103691.8
LLVM,random_search,29,20270453,50,2842,76548.2,60664.2,0.16299137850540002,52285.4,103691.8
LLVM,rf_smbo,29,20270453,1,1812,65597.4,65597.4,0.2589560832892401,52285.4,103691.8
LLVM,rf_smbo,29,20270453,2,43897,78813.0,65597.4,0.2589560832892401,52285.4,103691.8
LLVM,rf_smbo,29,20270453,3,56907,72151.0,65597.4,0.2589560832892401,52285.4,103691.8
LLVM,rf_smbo,29,20270453,4,23845,78601.2,65597.4,0.2589560832892401,52285.4,103691.8
LLVM,rf_smbo,29,20270453,5,33910,71405.4,65597.4,0.2589560832892401,52285.4,103691.8
LLVM,rf_smbo,29,20270453,6,24022,82243.4,65597.4,0.2589560832892401,52285.4,103691.8
LLVM,rf_smbo,29,20270453,7,33170,68004.6,65597.4,0.2589560832892401,52285.4,103691.8
LLVM,rf_smbo,29,20270453,8,400,61604.0,61604.0,0.18127314886862333,52285.4,103691.8
LLVM,rf_smbo,29,20270453,9,2,55493.0,55493.0,0.062396899996887516,52285.4,103691.8
LLVM,rf_smbo,29,20270453,10,2322,76879.4,55493.0,0.062396899996887516,52285.4,103691.8
LLVM,rf_smbo,29,20270453,11,24804,72692.6,55493.0,0.062396899996887516,52285.4,103691.8
LLVM,rf_smbo,29,20270453,12,4098,62582.6,55493.0,0.062396899996887516,52285.4,103691.8
LLVM,rf_smbo,29,20270453,13,4620,63841.2,55493.0,0.062396899996887516,52285.4,103691.8
LLVM,rf_smbo,29,20270453,14,8258,58436.4,55493.0,0.062396899996887516,52285.4,103691.8
LLVM,rf_smbo,29,20270453,15,66,57888.2,55493.0,0.062396899996887516,52285.4,103691.8
LLVM,rf_smbo,29,20270453,16,160,55447.4,55447.4,0.06150985091350493,52285.4,103691.8
LLVM,rf_smbo,29,20270453,17,8786,65184.2,55447.4,0.06150985091350493,52285.4,103691.8
LLVM,rf_smbo,29,20270453,18,208,61194.6,55447.4,0.06150985091350493,52285.4,103691.8
LLVM,rf_smbo,29,20270453,19,8354,58503.0,55447.4,0.06150985091350493,52285.4,103691.8
LLVM,rf_smbo,29,20270453,20,161,55378.0,55378.0,0.060159824457655046,52285.4,103691.8
LLVM,rf_smbo,29,20270453,21,8358,59219.0,55378.0,0.060159824457655046,52285.4,103691.8
LLVM,rf_smbo,29,20270453,22,190,60375.4,55378.0,0.060159824457655046,52285.4,103691.8
LLVM,rf_smbo,29,20270453,23,3009,76658.0,55378.0,0.060159824457655046,52285.4,103691.8
LLVM,rf_smbo,29,20270453,24,8513,56713.8,55378.0,0.060159824457655046,52285.4,103691.8
LLVM,rf_smbo,29,20270453,25,4256,61378.8,55378.0,0.060159824457655046,52285.4,103691.8
LLVM,rf_smbo,29,20270453,26,129,53429.4,53429.4,0.022254038407669083,52285.4,103691.8
LLVM,rf_smbo,29,20270453,27,201,62803.8,53429.4,0.022254038407669083,52285.4,103691.8
LLVM,rf_smbo,29,20270453,28,326,60879.2,53429.4,0.022254038407669083,52285.4,103691.8
LLVM,rf_smbo,29,20270453,29,256,56355.8,53429.4,0.022254038407669083,52285.4,103691.8
LLVM,rf_smbo,29,20270453,30,49153,57152.0,53429.4,0.022254038407669083,52285.4,103691.8
LLVM,rf_smbo,29,20270453,31,137,56946.6,53429.4,0.022254038407669083,52285.4,103691.8
LLVM,rf_smbo,29,20270453,32,32768,57468.4,53429.4,0.022254038407669083,52285.4,103691.8
LLVM,rf_smbo,29,20270453,33,32898,59275.8,53429.4,0.022254038407669083,52285.4,103691.8
LLVM,rf_smbo,29,20270453,34,8609,58981.2,53429.4,0.022254038407669083,52285.4,103691.8
LLVM,rf_smbo,29,20270453,35,897,58085.8,53429.4,0.022254038407669083,52285.4,103691.8
LLVM,rf_smbo,29,20270453,36,33025,61236.0,53429.4,0.022254038407669083,52285.4,103691.8
LLVM,rf_smbo,29,20270453,37,8323,56877.2,53429.4,0.022254038407669083,52285.4,103691.8
LLVM,rf_smbo,29,20270453,38,134,57198.0,53429.4,0.022254038407669083,52285.4,103691.8
LLVM,rf_smbo,29,20270453,39,8328,57527.0,53429.4,0.022254038407669083,52285.4,103691.8
LLVM,rf_smbo,29,20270453,40,768,56424.8,53429.4,0.022254038407669083,52285.4,103691.8
LLVM,rf_smbo,29,20270453,41,131,56442.8,53429.4,0.022254038407669083,52285.4,103691.8
LLVM,rf_smbo,29,20270453,42,1,52324.8,52324.8,0.0007664415325718481,52285.4,103691.8
LLVM,rf_smbo,29,20270453,43,9,56997.8,52324.8,0.0007664415325718481,52285.4,103691.8
LLVM,rf_smbo,29,20270453,44,14,57245.4,52324.8,0.0007664415325718481,52285.4,103691.8
LLVM,rf_smbo,29,20270453,45,8195,57050.8,52324.8,0.0007664415325718481,52285.4,103691.8
LLVM,rf_smbo,29,20270453,46,32929,58281.8,52324.8,0.0007664415325718481,52285.4,103691.8
LLVM,rf_smbo,29,20270453,47,771,59014.4,52324.8,0.0007664415325718481,52285.4,103691.8
LLVM,rf_smbo,29,20270453,48,18568,71694.2,52324.8,0.0007664415325718481,52285.4,103691.8
LLVM,rf_smbo,29,20270453,49,513,56378.8,52324.8,0.0007664415325718481,52285.4,103691.8
LLVM,rf_smbo,29,20270453,50,8713,57658.4,52324.8,0.0007664415325718481,52285.4,103691.8
x264,random_search,0,20280424,1,2517,155.944,155.944,0.7713695327746526,21.556,195.776
x264,random_search,0,20280424,2,2255,58.42,58.42,0.21159453564458733,21.556,195.776
x264,random_search,0,20280424,3,1045,78.274,58.42,0.21159453564458733,21.556,195.776
x264,random_search,0,20280424,4,4208,43.624,43.624,0.12666743198255082,21.556,195.776
x264,random_search,0,20280424,5,2969,140.74,43.624,0.12666743198255082,21.556,195.776
x264,random_search,0,20280424,6,3793,94.04,43.624,0.12666743198255082,21.556,195.776
x264,random_search,0,20280424,7,3837,183.374,43.624,0.12666743198255082,21.556,195.776
x264,random_search,0,20280424,8,720,21.772,21.772,0.0012398117322924896,21.556,195.776
x264,random_search,0,20280424,9,2910,66.074,21.772,0.0012398117322924896,21.556,195.776
x264,random_search,0,20280424,10,2943,33.586,21.772,0.0012398117322924896,21.556,195.776
x264,random_search,0,20280424,11,551,57.912,21.772,0.0012398117322924896,21.556,195.776
x264,random_search,0,20280424,12,561,157.06,21.772,0.0012398117322924896,21.556,195.776
x264,random_search,0,20280424,13,3239,54.644,21.772,0.0012398117322924896,21.556,195.776
x264,random_search,0,20280424,14,1071,29.896,21.772,0.0012398117322924896,21.556,195.776
x264,random_search,0,20280424,15,4515,31.928,21.772,0.0012398117322924896,21.556,195.776
x264,random_search,0,20280424,16,733,79.7,21.772,0.0012398117322924896,21.556,195.776
x264,random_search,0,20280424,17,1057,78.9,21.772,0.0012398117322924896,21.556,195.776
x264,random_search,0,20280424,18,2978,49.57,21.772,0.0012398117322924896,21.556,195.776
x264,random_search,0,20280424,19,406,90.854,21.772,0.0012398117322924896,21.556,195.776
x264,random_search,0,20280424,20,2648,40.754,21.772,0.0012398117322924896,21.556,195.776
x264,random_search,0,20280424,21,911,52.054,21.772,0.0012398117322924896,21.556,195.776
x264,random_search,0,20280424,22,1772,42.884,21.772,0.0012398117322924896,21.556,195.776
x264,random_search,0,20280424,23,3373,85.216,21.772,0.0012398117322924896,21.556,195.776
x264,random_search,0,20280424,24,3437,121.286,21.772,0.0012398117322924896,21.556,195.776
x264,random_search,0,20280424,25,4392,25.124,21.772,0.0012398117322924896,21.556,195.776
x264,random_search,0,20280424,26,4583,61.63,21.772,0.0012398117322924896,21.556,195.776
x264,random_search,0,20280424,27,1167,32.544,21.772,0.0012398117322924896,21.556,195.776
x264,random_search,0,20280424,28,2129,127.462,21.772,0.0012398117322924896,21.556,195.776
x264,random_search,0,20280424,29,1999,47.636,21.772,0.0012398117322924896,21.556,195.776
x264,random_search,0,20280424,30,507,28.562,21.772,0.0012398117322924896,21.556,195.776
x264,random_search,0,20280424,31,3261,180.658,21.772,0.0012398117322924896,21.556,195.776
x264,random_search,0,20280424,32,94,98.686,21.772,0.0012398117322924896,21.556,195.776
x264,random_search,0,20280424,33,2392,38.242,21.772,0.0012398117322924896,21.556,195.776
x264,random_search,0,20280424,34,4204,32.976,21.772,0.0012398117322924896,21.556,195.776
x264,random_search,0,20280424,35,2805,142.316,21.772,0.0012398117322924896,21.556,195.776
x264,random_search,0,20280424,36,3597,194.686,21.772,0.0012398117322924896,21.556,195.776
x264,random_search,0,20280424,37,4529,110.27,21.772,0.0012398117322924896,21.556,195.776
x264,random_search,0,20280424,38,3448,34.632,21.772,0.0012398117322924896,21.556,195.776
x264,random_search,0,20280424,39,4581,165.376,21.772,0.0012398117322924896,21.556,195.776
x264,random_search,0,20280424,40,1414,92.544,21.772,0.0012398117322924896,21.556,195.776
x264,random_search,0,20280424,41,4518,58.532,21.772,0.0012398117322924896,21.556,195.776
x264,random_search,0,20280424,42,1683,30.438,21.772,0.0012398117322924896,21.556,195.776
x264,random_search,0,20280424,43,2586,69.676,21.772,0.0012398117322924896,21.556,195.776
x264,random_search,0,20280424,44,327,30.814,21.772,0.0012398117322924896,21.556,195.776
x264,random_search,0,20280424,45,2106,67.808,21.772,0.0012398117322924896,21.556,195.776
x264,random_search,0,20280424,46,622,83.95,21.772,0.0012398117322924896,21.556,195.776
x264,random_search,0,20280424,47,4305,180.764,21.772,0.0012398117322924896,21.556,195.776
x264,random_search,0,20280424,48,329,111.684,21.772,0.0012398117322924896,21.556,195.776
x264,random_search,0,20280424,49,2666,49.39,21.772,0.0012398117322924896,21.556,195.776
x264,random_search,0,20280424,50,4536,23.38,21.772,0.0012398117322924896,21.556,195.776
x264,rf_smbo,0,20280424,1,2734,95.782,95.782,0.42604752611640456,21.556,195.776
x264,rf_smbo,0,20280424,2,3821,135.934,95.782,0.42604752611640456,21.556,195.776
x264,rf_smbo,0,20280424,3,3522,66.096,66.096,0.2556537710940191,21.556,195.776
x264,rf_smbo,0,20280424,4,2498,46.02,46.02,0.14042015842038802,21.556,195.776
x264,rf_smbo,0,20280424,5,982,90.536,46.02,0.14042015842038802,21.556,195.776
x264,rf_smbo,0,20280424,6,2377,94.132,46.02,0.14042015842038802,21.556,195.776
x264,rf_smbo,0,20280424,7,2511,32.298,32.298,0.06165767420502813,21.556,195.776
x264,rf_smbo,0,20280424,8,3085,85.952,32.298,0.06165767420502813,21.556,195.776
x264,rf_smbo,0,20280424,9,2496,24.09,24.09,0.014544828377912978,21.556,195.776
x264,rf_smbo,0,20280424,10,3615,32.306,24.09,0.014544828377912978,21.556,195.776
x264,rf_smbo,0,20280424,11,3903,31.61,24.09,0.014544828377912978,21.556,195.776
x264,rf_smbo,0,20280424,12,2748,23.982,23.982,0.013924922511766722,21.556,195.776
x264,rf_smbo,0,20280424,13,2736,23.274,23.274,0.009861095167030192,21.556,195.776
x264,rf_smbo,0,20280424,14,2740,29.912,23.274,0.009861095167030192,21.556,195.776
x264,rf_smbo,0,20280424,15,364,34.32,23.274,0.009861095167030192,21.556,195.776
x264,rf_smbo,0,20280424,16,2604,24.768,23.274,0.009861095167030192,21.556,195.776
x264,rf_smbo,0,20280424,17,3180,24.97,23.274,0.009861095167030192,21.556,195.776
x264,rf_smbo,0,20280424,18,3396,23.924,23.274,0.009861095167030192,21.556,195.776
x264,rf_smbo,0,20280424,19,1092,22.34,22.34,0.004500057398691304,21.556,195.776
x264,rf_smbo,0,20280424,20,3408,24.508,22.34,0.004500057398691304,21.556,195.776
x264,rf_smbo,0,20280424,21,3252,24.784,22.34,0.004500057398691304,21.556,195.776
x264,rf_smbo,0,20280424,22,3432,24.508,22.34,0.004500057398691304,21.556,195.776
x264,rf_smbo,0,20280424,23,3404,45.12,22.34,0.004500057398691304,21.556,195.776
x264,rf_smbo,0,20280424,24,3384,23.186,22.34,0.004500057398691304,21.556,195.776
x264,rf_smbo,0,20280424,25,3240,24.832,22.34,0.004500057398691304,21.556,195.776
x264,rf_smbo,0,20280424,26,3420,23.776,22.34,0.004500057398691304,21.556,195.776
x264,rf_smbo,0,20280424,27,1116,21.636,21.636,0.0004591895304786953,21.556,195.776
x264,rf_smbo,0,20280424,28,2268,22.312,21.636,0.0004591895304786953,21.556,195.776
x264,rf_smbo,0,20280424,29,1128,22.312,21.636,0.0004591895304786953,21.556,195.776
x264,rf_smbo,0,20280424,30,1586,42.918,21.636,0.0004591895304786953,21.556,195.776
x264,rf_smbo,0,20280424,31,1140,22.984,21.636,0.0004591895304786953,21.556,195.776
x264,rf_smbo,0,20280424,32,2160,22.248,21.636,0.0004591895304786953,21.556,195.776
x264,rf_smbo,0,20280424,33,2052,23.52,21.636,0.0004591895304786953,21.556,195.776
x264,rf_smbo,0,20280424,34,936,22.928,21.636,0.0004591895304786953,21.556,195.776
x264,rf_smbo,0,20280424,35,828,22.018,21.636,0.0004591895304786953,21.556,195.776
x264,rf_smbo,0,20280424,36,756,79.142,21.636,0.0004591895304786953,21.556,195.776
x264,rf_smbo,0,20280424,37,1044,21.556,21.556,0.0,21.556,195.776
x264,rf_smbo,0,20280424,38,1119,28.612,21.556,0.0,21.556,195.776
x264,rf_smbo,0,20280424,39,1008,21.586,21.556,0.0,21.556,195.776
x264,rf_smbo,0,20280424,40,1020,22.29,21.556,0.0,21.556,195.776
x264,rf_smbo,0,20280424,41,2196,22.452,21.556,0.0,21.556,195.776
x264,rf_smbo,0,20280424,42,1056,22.394,21.556,0.0,21.556,195.776
x264,rf_smbo,0,20280424,43,3962,45.564,21.556,0.0,21.556,195.776
x264,rf_smbo,0,20280424,44,432,21.97,21.556,0.0,21.556,195.776
x264,rf_smbo,0,20280424,45,1032,23.048,21.556,0.0,21.556,195.776
x264,rf_smbo,0,20280424,46,3961,85.67,21.556,0.0,21.556,195.776
x264,rf_smbo,0,20280424,47,468,21.698,21.556,0.0,21.556,195.776
x264,rf_smbo,0,20280424,48,900,22.996,21.556,0.0,21.556,195.776
x264,rf_smbo,0,20280424,49,1080,21.694,21.556,0.0,21.556,195.776
x264,rf_smbo,0,20280424,50,504,21.65,21.556,0.0,21.556,195.776
x264,random_search,1,20280425,1,3092,43.698,43.698,0.1270921822982436,21.556,195.776
x264,random_search,1,20280425,2,2163,29.334,29.334,0.04464470210079209,21.556,195.776
x264,random_search,1,20280425,3,849,170.47,29.334,0.04464470210079209,21.556,195.776
x264,random_search,1,20280425,4,2633,118.068,29.334,0.04464470210079209,21.556,195.776
x264,random_search,1,20280425,5,2565,178.016,29.334,0.04464470210079209,21.556,195.776
x264,random_search,1,20280425,6,563,58.384,29.334,0.04464470210079209,21.556,195.776
x264,random_search,1,20280425,7,2677,93.222,29.334,0.04464470210079209,21.556,195.776
x264,random_search,1,20280425,8,2363,61.424,29.334,0.04464470210079209,21.556,195.776
x264,random_search,1,20280425,9,3384,23.186,23.186,0.00935598668350361,21.556,195.776
x264,random_search,1,20280425,10,1892,41.87,23.186,0.00935598668350361,21.556,195.776
x264,random_search,1,20280425,11,4088,44.466,23.186,0.00935598668350361,21.556,195.776
x264,random_search,1,20280425,12,3189,153.088,23.186,0.00935598668350361,21.556,195.776
x264,random_search,1,20280425,13,3010,103.232,23.186,0.00935598668350361,21.556,195.776
x264,random_search,1,20280425,14,506,41.828,23.186,0.00935598668350361,21.556,195.776
x264,random_search,1,20280425,15,2931,33.454,23.186,0.00935598668350361,21.556,195.776
x264,random_search,1,20280425,16,2947,45.868,23.186,0.00935598668350361,21.556,195.776
x264,random_search,1,20280425,17,4531,40.824,23.186,0.00935598668350361,21.556,195.776
x264,random_search,1,20280425,18,1921,82.336,23.186,0.00935598668350361,21.556,195.776
x264,random_search,1,20280425,19,1813,89.474,23.186,0.00935598668350361,21.556,195.776
x264,random_search,1,20280425,20,4607,62.624,23.186,0.00935598668350361,21.556,195.776
x264,random_search,1,20280425,21,2034,59.93,23.186,0.00935598668350361,21.556,195.776
x264,random_search,1,20280425,22,3559,54.236,23.186,0.00935598668350361,21.556,195.776
x264,random_search,1,20280425,23,742,80.616,23.186,0.00935598668350361,21.556,195.776
x264,random_search,1,20280425,24,1650,56.504,23.186,0.00935598668350361,21.556,195.776
x264,random_search,1,20280425,25,569,115.71,23.186,0.00935598668350361,21.556,195.776
x264,random_search,1,20280425,26,3301,92.748,23.186,0.00935598668350361,21.556,195.776
x264,random_search,1,20280425,27,2602,80.088,23.186,0.00935598668350361,21.556,195.776
x264,random_search,1,20280425,28,1880,41.596,23.186,0.00935598668350361,21.556,195.776
x264,random_search,1,20280425,29,1285,88.836,23.186,0.00935598668350361,21.556,195.776
x264,random_search,1,20280425,30,380,46.55,23.186,0.00935598668350361,21.556,195.776
x264,random_search,1,20280425,31,795,29.104,23.186,0.00935598668350361,21.556,195.776
x264,random_search,1,20280425,32,944,46.252,23.186,0.00935598668350361,21.556,195.776
x264,random_search,1,20280425,33,851,66.474,23.186,0.00935598668350361,21.556,195.776
x264,random_search,1,20280425,34,4272,25.094,23.186,0.00935598668350361,21.556,195.776
x264,random_search,1,20280425,35,4344,25.166,23.186,0.00935598668350361,21.556,195.776
x264,random_search,1,20280425,36,1761,159.57,23.186,0.00935598668350361,21.556,195.776
x264,random_search,1,20280425,37,3306,70.816,23.186,0.00935598668350361,21.556,195.776
x264,random_search,1,20280425,38,3460,33.69,23.186,0.00935598668350361,21.556,195.776
x264,random_search,1,20280425,39,1357,82.764,23.186,0.00935598668350361,21.556,195.776
x264,random_search,1,20280425,40,4236,25.058,23.186,0.00935598668350361,21.556,195.776
x264,random_search,1,20280425,41,946,90.616,23.186,0.00935598668350361,21.556,195.776
x264,random_search,1,20280425,42,384,23.056,23.056,0.00860980369647572,21.556,195.776
x264,random_search,1,20280425,43,1464,23.756,23.056,0.00860980369647572,21.556,195.776
x264,random_search,1,20280425,44,592,31.878,23.056,0.00860980369647572,21.556,195.776
x264,random_search,1,20280425,45,514,82.656,23.056,0.00860980369647572,21.556,195.776
x264,random_search,1,20280425,46,758,42.138,23.056,0.00860980369647572,21.556,195.776
x264,random_search,1,20280425,47,2435,74.578,23.056,0.00860980369647572,21.556,195.776
x264,random_search,1,20280425,48,531,29.688,23.056,0.00860980369647572,21.556,195.776
x264,random_search,1,20280425,49,3995,62.768,23.056,0.00860980369647572,21.556,195.776
x264,random_search,1,20280425,50,4591,46.272,23.056,0.00860980369647572,21.556,195.776
x264,rf_smbo,1,20280425,1,2310,65.968,65.968,0.25491906784525314,21.556,195.776
x264,rf_smbo,1,20280425,2,4352,41.0,41.0,0.11160601538284927,21.556,195.776
x264,rf_smbo,1,20280425,3,4527,32.4,32.4,0.06224314085638846,21.556,195.776
x264,rf_smbo,1,20280425,4,1055,49.054,32.4,0.06224314085638846,21.556,195.776
x264,rf_smbo,1,20280425,5,1054,71.694,32.4,0.06224314085638846,21.556,195.776
x264,rf_smbo,1,20280425,6,2005,82.62,32.4,0.06224314085638846,21.556,195.776
x264,rf_smbo,1,20280425,7,4348,31.748,31.748,0.05850074618298703,21.556,195.776
x264,rf_smbo,1,20280425,8,3916,30.886,30.886,0.05355297899207897,21.556,195.776
x264,rf_smbo,1,20280425,9,3984,24.762,24.762,0.018402020433934102,21.556,195.776
x264,rf_smbo,1,20280425,10,3696,25.104,24.762,0.018402020433934102,21.556,195.776
x264,rf_smbo,1,20280425,11,3987,32.498,24.762,0.018402020433934102,21.556,195.776
x264,rf_smbo,1,20280425,12,4020,24.782,24.762,0.018402020433934102,21.556,195.776
x264,rf_smbo,1,20280425,13,3732,25.53,24.762,0.018402020433934102,21.556,195.776
x264,rf_smbo,1,20280425,14,3708,24.072,24.072,0.014441510733555265,21.556,195.776
x264,rf_smbo,1,20280425,15,3733,87.706,24.072,0.014441510733555265,21.556,195.776
x264,rf_smbo,1,20280425,16,1404,22.746,22.746,0.006830444265870725,21.556,195.776
x264,rf_smbo,1,20280425,17,264,22.59,22.59,0.005935024681437257,21.556,195.776
x264,rf_smbo,1,20280425,18,252,21.942,21.942,0.002215589484559748,21.556,195.776
x264,rf_smbo,1,20280425,19,256,33.59,21.942,0.002215589484559748,21.556,195.776
x264,rf_smbo,1,20280425,20,1992,23.396,21.942,0.002215589484559748,21.556,195.776
x264,rf_smbo,1,20280425,21,1260,23.824,21.942,0.002215589484559748,21.556,195.776
x264,rf_smbo,1,20280425,22,696,23.02,21.942,0.002215589484559748,21.556,195.776
x264,rf_smbo,1,20280425,23,120,23.148,21.942,0.002215589484559748,21.556,195.776
x264,rf_smbo,1,20280425,24,840,22.842,21.942,0.002215589484559748,21.556,195.776
x264,rf_smbo,1,20280425,25,192,23.092,21.942,0.002215589484559748,21.556,195.776
x264,rf_smbo,1,20280425,26,828,22.018,21.942,0.002215589484559748,21.556,195.776
x264,rf_smbo,1,20280425,27,4285,86.354,21.942,0.002215589484559748,21.556,195.776
x264,rf_smbo,1,20280425,28,756,79.142,21.942,0.002215589484559748,21.556,195.776
x264,rf_smbo,1,20280425,29,1980,23.034,21.942,0.002215589484559748,21.556,195.776
x264,rf_smbo,1,20280425,30,684,23.082,21.942,0.002215589484559748,21.556,195.776
x264,rf_smbo,1,20280425,31,1839,32.08,21.942,0.002215589484559748,21.556,195.776
x264,rf_smbo,1,20280425,32,1116,21.636,21.636,0.0004591895304786953,21.556,195.776
x264,rf_smbo,1,20280425,33,180,22.168,21.636,0.0004591895304786953,21.556,195.776
x264,rf_smbo,1,20280425,34,792,21.758,21.636,0.0004591895304786953,21.556,195.776
x264,rf_smbo,1,20280425,35,1080,21.694,21.636,0.0004591895304786953,21.556,195.776
x264,rf_smbo,1,20280425,36,936,22.928,21.636,0.0004591895304786953,21.556,195.776
x264,rf_smbo,1,20280425,37,972,22.794,21.636,0.0004591895304786953,21.556,195.776
x264,rf_smbo,1,20280425,38,3420,23.776,21.636,0.0004591895304786953,21.556,195.776
x264,rf_smbo,1,20280425,39,648,23.192,21.636,0.0004591895304786953,21.556,195.776
x264,rf_smbo,1,20280425,40,1084,31.096,21.636,0.0004591895304786953,21.556,195.776
x264,rf_smbo,1,20280425,41,1092,22.34,21.636,0.0004591895304786953,21.556,195.776
x264,rf_smbo,1,20280425,42,216,21.714,21.636,0.0004591895304786953,21.556,195.776
x264,rf_smbo,1,20280425,43,540,21.678,21.636,0.0004591895304786953,21.556,195.776
x264,rf_smbo,1,20280425,44,504,21.65,21.636,0.0004591895304786953,21.556,195.776
x264,rf_smbo,1,20280425,45,516,22.476,21.636,0.0004591895304786953,21.556,195.776
x264,rf_smbo,1,20280425,46,720,21.772,21.636,0.0004591895304786953,21.556,195.776
x264,rf_smbo,1,20280425,47,552,22.626,21.636,0.0004591895304786953,21.556,195.776
x264,rf_smbo,1,20280425,48,228,22.816,21.636,0.0004591895304786953,21.556,195.776
x264,rf_smbo,1,20280425,49,1656,22.172,21.636,0.0004591895304786953,21.556,195.776
x264,rf_smbo,1,20280425,50,2232,22.254,21.636,0.0004591895304786953,21.556,195.776
x264,random_search,2,20280426,1,1352,41.782,41.782,0.11609459304327858,21.556,195.776
x264,random_search,2,20280426,2,197,111.042,41.782,0.11609459304327858,21.556,195.776
x264,random_search,2,20280426,3,3345,142.084,41.782,0.11609459304327858,21.556,195.776
x264,random_search,2,20280426,4,4289,130.518,41.782,0.11609459304327858,21.556,195.776
x264,random_search,2,20280426,5,3399,31.104,31.104,0.05480427046263344,21.556,195.776
x264,random_search,2,20280426,6,4416,25.184,25.184,0.020824245207209276,21.556,195.776
x264,random_search,2,20280426,7,1125,155.706,25.184,0.020824245207209276,21.556,195.776
x264,random_search,2,20280426,8,777,149.864,25.184,0.020824245207209276,21.556,195.776
x264,random_search,2,20280426,9,1163,59.118,25.184,0.020824245207209276,21.556,195.776
x264,random_search,2,20280426,10,3244,36.242,25.184,0.020824245207209276,21.556,195.776
x264,random_search,2,20280426,11,3314,44.722,25.184,0.020824245207209276,21.556,195.776
x264,random_search,2,20280426,12,3102,68.662,25.184,0.020824245207209276,21.556,195.776
x264,random_search,2,20280426,13,2068,30.37,25.184,0.020824245207209276,21.556,195.776
x264,random_search,2,20280426,14,1795,44.074,25.184,0.020824245207209276,21.556,195.776
x264,random_search,2,20280426,15,3008,52.63,25.184,0.020824245207209276,21.556,195.776
x264,random_search,2,20280426,16,195,29.806,25.184,0.020824245207209276,21.556,195.776
x264,random_search,2,20280426,17,3019,53.552,25.184,0.020824245207209276,21.556,195.776
x264,random_search,2,20280426,18,2910,66.074,25.184,0.020824245207209276,21.556,195.776
x264,random_search,2,20280426,19,556,32.114,25.184,0.020824245207209276,21.556,195.776
x264,random_search,2,20280426,20,2195,50.77,25.184,0.020824245207209276,21.556,195.776
x264,random_search,2,20280426,21,1850,47.016,25.184,0.020824245207209276,21.556,195.776
x264,random_search,2,20280426,22,1614,56.402,25.184,0.020824245207209276,21.556,195.776
x264,random_search,2,20280426,23,1154,47.34,25.184,0.020824245207209276,21.556,195.776
x264,random_search,2,20280426,24,1656,22.172,22.172,0.0035357593846860273,21.556,195.776
x264,random_search,2,20280426,25,629,117.49,22.172,0.0035357593846860273,21.556,195.776
x264,random_search,2,20280426,26,4191,32.162,22.172,0.0035357593846860273,21.556,195.776
x264,random_search,2,20280426,27,1372,34.118,22.172,0.0035357593846860273,21.556,195.776
x264,random_search,2,20280426,28,2758,74.87,22.172,0.0035357593846860273,21.556,195.776
x264,random_search,2,20280426,29,1743,31.914,22.172,0.0035357593846860273,21.556,195.776
x264,random_search,2,20280426,30,1285,88.836,22.172,0.0035357593846860273,21.556,195.776
x264,random_search,2,20280426,31,3539,75.458,22.172,0.0035357593846860273,21.556,195.776
x264,random_search,2,20280426,32,1785,158.984,22.172,0.0035357593846860273,21.556,195.776
x264,random_search,2,20280426,33,967,46.274,22.172,0.0035357593846860273,21.556,195.776
x264,random_search,2,20280426,34,3472,33.532,22.172,0.0035357593846860273,21.556,195.776
x264,random_search,2,20280426,35,1435,48.484,22.172,0.0035357593846860273,21.556,195.776
x264,random_search,2,20280426,36,2303,59.162,22.172,0.0035357593846860273,21.556,195.776
x264,random_search,2,20280426,37,626,46.172,22.172,0.0035357593846860273,21.556,195.776
x264,random_search,2,20280426,38,867,30.862,22.172,0.0035357593846860273,21.556,195.776
x264,random_search,2,20280426,39,665,132.624,22.172,0.0035357593846860273,21.556,195.776
x264,random_search,2,20280426,40,1989,171.492,22.172,0.0035357593846860273,21.556,195.776
x264,random_search,2,20280426,41,168,23.268,22.172,0.0035357593846860273,21.556,195.776
x264,random_search,2,20280426,42,2309,124.814,22.172,0.0035357593846860273,21.556,195.776
x264,random_search,2,20280426,43,2845,83.994,22.172,0.0035357593846860273,21.556,195.776
x264,random_search,2,20280426,44,4358,49.456,22.172,0.0035357593846860273,21.556,195.776
x264,random_search,2,20280426,45,2706,70.724,22.172,0.0035357593846860273,21.556,195.776
x264,random_search,2,20280426,46,2455,43.258,22.172,0.0035357593846860273,21.556,195.776
x264,random_search,2,20280426,47,55,43.26,22.172,0.0035357593846860273,21.556,195.776
x264,random_search,2,20280426,48,2106,67.808,22.172,0.0035357593846860273,21.556,195.776
x264,random_search,2,20280426,49,4042,88.19,22.172,0.0035357593846860273,21.556,195.776
x264,random_search,2,20280426,50,1371,29.714,22.172,0.0035357593846860273,21.556,195.776
x264,rf_smbo,2,20280426,1,1835,71.376,71.376,0.28596028010561364,21.556,195.776
x264,rf_smbo,2,20280426,2,3445,84.832,71.376,0.28596028010561364,21.556,195.776
x264,rf_smbo,2,20280426,3,2645,118.212,71.376,0.28596028010561364,21.556,195.776
x264,rf_smbo,2,20280426,4,250,92.494,71.376,0.28596028010561364,21.556,195.776
x264,rf_smbo,2,20280426,5,3634,84.166,71.376,0.28596028010561364,21.556,195.776
x264,rf_smbo,2,20280426,6,3927,31.19,31.19,0.055297899207898064,21.556,195.776
x264,rf_smbo,2,20280426,7,2064,23.582,23.582,0.011628974859373205,21.556,195.776
x264,rf_smbo,2,20280426,8,2067,31.656,23.582,0.011628974859373205,21.556,195.776
x264,rf_smbo,2,20280426,9,4371,33.992,23.582,0.011628974859373205,21.556,195.776
x264,rf_smbo,2,20280426,10,900,22.996,22.996,0.008265411548616678,21.556,195.776
x264,rf_smbo,2,20280426,11,1044,21.556,21.556,0.0,21.556,195.776
x264,rf_smbo,2,20280426,12,432,21.97,21.556,0.0,21.556,195.776
x264,rf_smbo,2,20280426,13,828,22.018,21.556,0.0,21.556,195.776
x264,rf_smbo,2,20280426,14,3060,23.538,21.556,0.0,21.556,195.776
x264,rf_smbo,2,20280426,15,792,21.758,21.556,0.0,21.556,195.776
x264,rf_smbo,2,20280426,16,1012,28.22,21.556,0.0,21.556,195.776
x264,rf_smbo,2,20280426,17,252,21.942,21.556,0.0,21.556,195.776
x264,rf_smbo,2,20280426,18,264,22.59,21.556,0.0,21.556,195.776
x264,rf_smbo,2,20280426,19,108,23.178,21.556,0.0,21.556,195.776
x264,rf_smbo,2,20280426,20,216,21.714,21.556,0.0,21.556,195.776
x264,rf_smbo,2,20280426,21,256,33.59,21.556,0.0,21.556,195.776
x264,rf_smbo,2,20280426,22,2520,23.206,21.556,0.0,21.556,195.776
x264,rf_smbo,2,20280426,23,804,22.486,21.556,0.0,21.556,195.776
x264,rf_smbo,2,20280426,24,648,23.192,21.556,0.0,21.556,195.776
x264,rf_smbo,2,20280426,25,228,22.816,21.556,0.0,21.556,195.776
x264,rf_smbo,2,20280426,26,1045,78.274,21.556,0.0,21.556,195.776
x264,rf_smbo,2,20280426,27,852,23.358,21.556,0.0,21.556,195.776
x264,rf_smbo,2,20280426,28,240,23.334,21.556,0.0,21.556,195.776
x264,rf_smbo,2,20280426,29,816,23.216,21.556,0.0,21.556,195.776
x264,rf_smbo,2,20280426,30,96,23.374,21.556,0.0,21.556,195.776
x264,rf_smbo,2,20280426,31,2629,92.812,21.556,0.0,21.556,195.776
x264,rf_smbo,2,20280426,32,3420,23.776,21.556,0.0,21.556,195.776
x264,rf_smbo,2,20280426,33,144,21.906,21.556,0.0,21.556,195.776
x264,rf_smbo,2,20280426,34,1296,22.522,21.556,0.0,21.556,195.776
x264,rf_smbo,2,20280426,35,168,23.268,21.556,0.0,21.556,195.776
x264,rf_smbo,2,20280426,36,1944,22.646,21.556,0.0,21.556,195.776
x264,rf_smbo,2,20280426,37,780,23.474,21.556,0.0,21.556,195.776
x264,rf_smbo,2,20280426,38,1872,22.622,21.556,0.0,21.556,195.776
x264,rf_smbo,2,20280426,39,180,22.168,21.556,0.0,21.556,195.776
x264,rf_smbo,2,20280426,40,468,21.698,21.556,0.0,21.556,195.776
x264,rf_smbo,2,20280426,41,1620,22.138,21.556,0.0,21.556,195.776
x264,rf_smbo,2,20280426,42,540,21.678,21.556,0.0,21.556,195.776
x264,rf_smbo,2,20280426,43,1584,22.19,21.556,0.0,21.556,195.776
x264,rf_smbo,2,20280426,44,324,23.212,21.556,0.0,21.556,195.776
x264,rf_smbo,2,20280426,45,504,21.65,21.556,0.0,21.556,195.776
x264,rf_smbo,2,20280426,46,1656,22.172,21.556,0.0,21.556,195.776
x264,rf_smbo,2,20280426,47,1692,22.142,21.556,0.0,21.556,195.776
x264,rf_smbo,2,20280426,48,1116,21.636,21.556,0.0,21.556,195.776
x264,rf_smbo,2,20280426,49,1080,21.694,21.556,0.0,21.556,195.776
x264,rf_smbo,2,20280426,50,2547,32.082,21.556,0.0,21.556,195.776
x264,random_search,3,20280427,1,1046,41.64,41.64,0.11527953162667891,21.556,195.776
x264,random_search,3,20280427,2,2209,81.224,41.64,0.11527953162667891,21.556,195.776
x264,random_search,3,20280427,3,4467,31.096,31.096,0.05475835150958558,21.556,195.776
x264,random_search,3,20280427,4,1519,47.188,31.096,0.05475835150958558,21.556,195.776
x264,random_search,3,20280427,5,1783,43.864,31.096,0.05475835150958558,21.556,195.776
x264,random_search,3,20280427,6,2129,127.462,31.096,0.05475835150958558,21.556,195.776
x264,random_search,3,20280427,7,2732,48.906,31.096,0.05475835150958558,21.556,195.776
x264,random_search,3,20280427,8,2420,52.318,31.096,0.05475835150958558,21.556,195.776
x264,random_search,3,20280427,9,218,42.238,31.096,0.05475835150958558,21.556,195.776
x264,random_search,3,20280427,10,4445,134.764,31.096,0.05475835150958558,21.556,195.776
x264,random_search,3,20280427,11,2286,62.318,31.096,0.05475835150958558,21.556,195.776
x264,random_search,3,20280427,12,2742,57.422,31.096,0.05475835150958558,21.556,195.776
x264,random_search,3,20280427,13,2071,40.642,31.096,0.05475835150958558,21.556,195.776
x264,random_search,3,20280427,14,120,23.148,23.148,0.009137871656526225,21.556,195.776
x264,random_search,3,20280427,15,3023,74.48,23.148,0.009137871656526225,21.556,195.776
x264,random_search,3,20280427,16,1259,71.806,23.148,0.009137871656526225,21.556,195.776
x264,random_search,3,20280427,17,3073,85.55,23.148,0.009137871656526225,21.556,195.776
x264,random_search,3,20280427,18,4496,39.592,23.148,0.009137871656526225,21.556,195.776
x264,random_search,3,20280427,19,2056,30.34,23.148,0.009137871656526225,21.556,195.776
x264,random_search,3,20280427,20,172,31.366,23.148,0.009137871656526225,21.556,195.776
x264,random_search,3,20280427,21,4012,34.498,23.148,0.009137871656526225,21.556,195.776
x264,random_search,3,20280427,22,155,56.06,23.148,0.009137871656526225,21.556,195.776
x264,random_search,3,20280427,23,2187,30.622,23.148,0.009137871656526225,21.556,195.776
x264,random_search,3,20280427,24,1693,80.57,23.148,0.009137871656526225,21.556,195.776
x264,random_search,3,20280427,25,3299,66.744,23.148,0.009137871656526225,21.556,195.776
x264,random_search,3,20280427,26,1317,151.802,23.148,0.009137871656526225,21.556,195.776
x264,random_search,3,20280427,27,3807,33.736,23.148,0.009137871656526225,21.556,195.776
x264,random_search,3,20280427,28,633,157.596,23.148,0.009137871656526225,21.556,195.776
x264,random_search,3,20280427,29,2415,33.462,23.148,0.009137871656526225,21.556,195.776
x264,random_search,3,20280427,30,1113,156.34,23.148,0.009137871656526225,21.556,195.776
x264,random_search,3,20280427,31,902,45.748,23.148,0.009137871656526225,21.556,195.776
x264,random_search,3,20280427,32,4430,49.896,23.148,0.009137871656526225,21.556,195.776
x264,random_search,3,20280427,33,4300,36.318,23.148,0.009137871656526225,21.556,195.776
x264,random_search,3,20280427,34,1216,32.054,23.148,0.009137871656526225,21.556,195.776
x264,random_search,3,20280427,35,3935,51.492,23.148,0.009137871656526225,21.556,195.776
x264,random_search,3,20280427,36,3665,118.026,23.148,0.009137871656526225,21.556,195.776
x264,random_search,3,20280427,37,2144,46.764,23.148,0.009137871656526225,21.556,195.776
x264,random_search,3,20280427,38,3985,86.65,23.148,0.009137871656526225,21.556,195.776
x264,random_search,3,20280427,39,4180,31.816,23.148,0.009137871656526225,21.556,195.776
x264,random_search,3,20280427,40,841,79.92,23.148,0.009137871656526225,21.556,195.776
x264,random_search,3,20280427,41,2125,88.362,23.148,0.009137871656526225,21.556,195.776
x264,random_search,3,20280427,42,3607,43.634,23.148,0.009137871656526225,21.556,195.776
x264,random_search,3,20280427,43,1446,59.958,23.148,0.009137871656526225,21.556,195.776
x264,random_search,3,20280427,44,2135,63.71,23.148,0.009137871656526225,21.556,195.776
x264,random_search,3,20280427,45,1660,31.624,23.148,0.009137871656526225,21.556,195.776
x264,random_search,3,20280427,46,3927,31.19,23.148,0.009137871656526225,21.556,195.776
x264,random_search,3,20280427,47,2643,33.232,23.148,0.009137871656526225,21.556,195.776
x264,random_search,3,20280427,48,3972,24.056,23.148,0.009137871656526225,21.556,195.776
x264,random_search,3,20280427,49,534,61.618,23.148,0.009137871656526225,21.556,195.776
x264,random_search,3,20280427,50,496,30.254,23.148,0.009137871656526225,21.556,195.776
x264,rf_smbo,3,20280427,1,51,30.992,30.992,0.054161405119963264,21.556,195.776
x264,rf_smbo,3,20280427,2,2951,61.32,30.992,0.054161405119963264,21.556,195.776
x264,rf_smbo,3,20280427,3,2561,129.166,30.992,0.054161405119963264,21.556,195.776
x264,rf_smbo,3,20280427,4,2219,50.36,30.992,0.054161405119963264,21.556,195.776
x264,rf_smbo,3,20280427,5,367,46.412,30.992,0.054161405119963264,21.556,195.776
x264,rf_smbo,3,20280427,6,2915,61.224,30.992,0.054161405119963264,21.556,195.776
x264,rf_smbo,3,20280427,7,1561,88.254,30.992,0.054161405119963264,21.556,195.776
x264,rf_smbo,3,20280427,8,19,43.57,30.992,0.054161405119963264,21.556,195.776
x264,rf_smbo,3,20280427,9,77,133.236,30.992,0.054161405119963264,21.556,195.776
x264,rf_smbo,3,20280427,10,192,23.092,23.092,0.008816438985191126,21.556,195.776
x264,rf_smbo,3,20280427,11,183,29.078,23.092,0.008816438985191126,21.556,195.776
x264,rf_smbo,3,20280427,12,144,21.906,21.906,0.0020089541958443224,21.556,195.776
x264,rf_smbo,3,20280427,13,252,21.942,21.906,0.0020089541958443224,21.556,195.776
x264,rf_smbo,3,20280427,14,264,22.59,21.906,0.0020089541958443224,21.556,195.776
x264,rf_smbo,3,20280427,15,1404,22.746,21.906,0.0020089541958443224,21.556,195.776
x264,rf_smbo,3,20280427,16,2556,23.232,21.906,0.0020089541958443224,21.556,195.776
x264,rf_smbo,3,20280427,17,3708,24.072,21.906,0.0020089541958443224,21.556,195.776
x264,rf_smbo,3,20280427,18,504,21.65,21.65,0.000539547698312465,21.556,195.776
x264,rf_smbo,3,20280427,19,72,23.24,21.65,0.000539547698312465,21.556,195.776
x264,rf_smbo,3,20280427,20,1080,21.694,21.65,0.000539547698312465,21.556,195.776
x264,rf_smbo,3,20280427,21,3960,23.358,21.65,0.000539547698312465,21.556,195.776
x264,rf_smbo,3,20280427,22,2244,22.878,21.65,0.000539547698312465,21.556,195.776
x264,rf_smbo,3,20280427,23,360,24.4,21.65,0.000539547698312465,21.556,195.776
x264,rf_smbo,3,20280427,24,996,22.99,21.65,0.000539547698312465,21.556,195.776
x264,rf_smbo,3,20280427,25,528,23.204,21.65,0.000539547698312465,21.556,195.776
x264,rf_smbo,3,20280427,26,792,21.758,21.65,0.000539547698312465,21.556,195.776
x264,rf_smbo,3,20280427,27,1008,21.586,21.586,0.00017219607392950054,21.556,195.776
x264,rf_smbo,3,20280427,28,1104,22.982,21.586,0.00017219607392950054,21.556,195.776
x264,rf_smbo,3,20280427,29,181,79.33,21.586,0.00017219607392950054,21.556,195.776
x264,rf_smbo,3,20280427,30,720,21.772,21.586,0.00017219607392950054,21.556,195.776
x264,rf_smbo,3,20280427,31,2124,23.824,21.586,0.00017219607392950054,21.556,195.776
x264,rf_smbo,3,20280427,32,3312,23.266,21.586,0.00017219607392950054,21.556,195.776
x264,rf_smbo,3,20280427,33,2160,22.248,21.586,0.00017219607392950054,21.556,195.776
x264,rf_smbo,3,20280427,34,432,21.97,21.586,0.00017219607392950054,21.556,195.776
x264,rf_smbo,3,20280427,35,3024,23.386,21.586,0.00017219607392950054,21.556,195.776
x264,rf_smbo,3,20280427,36,1116,21.636,21.586,0.00017219607392950054,21.556,195.776
x264,rf_smbo,3,20280427,37,1044,21.556,21.556,0.0,21.556,195.776
x264,rf_smbo,3,20280427,38,756,79.142,21.556,0.0,21.556,195.776
x264,rf_smbo,3,20280427,39,1944,22.646,21.556,0.0,21.556,195.776
x264,rf_smbo,3,20280427,40,507,28.562,21.556,0.0,21.556,195.776
x264,rf_smbo,3,20280427,41,804,22.486,21.556,0.0,21.556,195.776
x264,rf_smbo,3,20280427,42,828,22.018,21.556,0.0,21.556,195.776
x264,rf_smbo,3,20280427,43,840,22.842,21.556,0.0,21.556,195.776
x264,rf_smbo,3,20280427,44,1020,22.29,21.556,0.0,21.556,195.776
x264,rf_smbo,3,20280427,45,1010,41.722,21.556,0.0,21.556,195.776
x264,rf_smbo,3,20280427,46,1296,22.522,21.556,0.0,21.556,195.776
x264,rf_smbo,3,20280427,47,156,22.664,21.556,0.0,21.556,195.776
x264,rf_smbo,3,20280427,48,254,42.258,21.556,0.0,21.556,195.776
x264,rf_smbo,3,20280427,49,1872,22.622,21.556,0.0,21.556,195.776
x264,rf_smbo,3,20280427,50,1081,78.356,21.556,0.0,21.556,195.776
x264,random_search,4,20280428,1,3027,31.006,31.006,0.054241763287797035,21.556,195.776
x264,random_search,4,20280428,2,515,57.664,31.006,0.054241763287797035,21.556,195.776
x264,random_search,4,20280428,3,4140,25.294,25.294,0.021455630811617492,21.556,195.776
x264,random_search,4,20280428,4,2173,81.4,25.294,0.021455630811617492,21.556,195.776
x264,random_search,4,20280428,5,577,87.112,25.294,0.021455630811617492,21.556,195.776
x264,random_search,4,20280428,6,24,23.416,23.416,0.01067615658362989,21.556,195.776
x264,random_search,4,20280428,7,851,66.474,23.416,0.01067615658362989,21.556,195.776
x264,random_search,4,20280428,8,1175,59.254,23.416,0.01067615658362989,21.556,195.776
x264,random_search,4,20280428,9,2131,47.14,23.416,0.01067615658362989,21.556,195.776
x264,random_search,4,20280428,10,4293,180.122,23.416,0.01067615658362989,21.556,195.776
x264,random_search,4,20280428,11,1258,99.82,23.416,0.01067615658362989,21.556,195.776
x264,random_search,4,20280428,12,2067,31.656,23.416,0.01067615658362989,21.556,195.776
x264,random_search,4,20280428,13,1069,79.476,23.416,0.01067615658362989,21.556,195.776
x264,random_search,4,20280428,14,3109,85.47,23.416,0.01067615658362989,21.556,195.776
x264,random_search,4,20280428,15,2851,45.002,23.416,0.01067615658362989,21.556,195.776
x264,random_search,4,20280428,16,2812,33.15,23.416,0.01067615658362989,21.556,195.776
x264,random_search,4,20280428,17,2750,45.44,23.416,0.01067615658362989,21.556,195.776
x264,random_search,4,20280428,18,2929,93.418,23.416,0.01067615658362989,21.556,195.776
x264,random_search,4,20280428,19,865,86.502,23.416,0.01067615658362989,21.556,195.776
x264,random_search,4,20280428,20,607,43.42,23.416,0.01067615658362989,21.556,195.776
x264,random_search,4,20280428,21,2695,49.556,23.416,0.01067615658362989,21.556,195.776
x264,random_search,4,20280428,22,784,31.274,23.416,0.01067615658362989,21.556,195.776
x264,random_search,4,20280428,23,3560,53.522,23.416,0.01067615658362989,21.556,195.776
x264,random_search,4,20280428,24,3377,109.508,23.416,0.01067615658362989,21.556,195.776
x264,random_search,4,20280428,25,3965,123.054,23.416,0.01067615658362989,21.556,195.776
x264,random_search,4,20280428,26,4405,94.612,23.416,0.01067615658362989,21.556,195.776
x264,random_search,4,20280428,27,4454,49.474,23.416,0.01067615658362989,21.556,195.776
x264,random_search,4,20280428,28,1720,33.514,23.416,0.01067615658362989,21.556,195.776
x264,random_search,4,20280428,29,3913,86.65,23.416,0.01067615658362989,21.556,195.776
x264,random_search,4,20280428,30,1579,46.98,23.416,0.01067615658362989,21.556,195.776
x264,random_search,4,20280428,31,2986,103.418,23.416,0.01067615658362989,21.556,195.776
x264,random_search,4,20280428,32,2967,33.708,23.416,0.01067615658362989,21.556,195.776
x264,random_search,4,20280428,33,3305,133.43,23.416,0.01067615658362989,21.556,195.776
x264,random_search,4,20280428,34,431,63.748,23.416,0.01067615658362989,21.556,195.776
x264,random_search,4,20280428,35,2969,140.74,23.416,0.01067615658362989,21.556,195.776
x264,random_search,4,20280428,36,4188,24.466,23.416,0.01067615658362989,21.556,195.776
x264,random_search,4,20280428,37,2152,34.26,23.416,0.01067615658362989,21.556,195.776
x264,random_search,4,20280428,38,3505,94.828,23.416,0.01067615658362989,21.556,195.776
x264,random_search,4,20280428,39,4109,141.996,23.416,0.01067615658362989,21.556,195.776
x264,random_search,4,20280428,40,1124,42.47,23.416,0.01067615658362989,21.556,195.776
x264,random_search,4,20280428,41,117,183.728,23.416,0.01067615658362989,21.556,195.776
x264,random_search,4,20280428,42,3235,42.51,23.416,0.01067615658362989,21.556,195.776
x264,random_search,4,20280428,43,2448,23.536,23.416,0.01067615658362989,21.556,195.776
x264,random_search,4,20280428,44,143,71.242,23.416,0.01067615658362989,21.556,195.776
x264,random_search,4,20280428,45,858,65.962,23.416,0.01067615658362989,21.556,195.776
x264,random_search,4,20280428,46,2142,67.508,23.416,0.01067615658362989,21.556,195.776
x264,random_search,4,20280428,47,2925,164.136,23.416,0.01067615658362989,21.556,195.776
x264,random_search,4,20280428,48,4238,47.172,23.416,0.01067615658362989,21.556,195.776
x264,random_search,4,20280428,49,566,42.906,23.416,0.01067615658362989,21.556,195.776
x264,random_search,4,20280428,50,1690,84.43,23.416,0.01067615658362989,21.556,195.776
x264,rf_smbo,4,20280428,1,729,149.672,149.672,0.7353690735851222,21.556,195.776
x264,rf_smbo,4,20280428,2,232,34.188,34.188,0.07250602686258754,21.556,195.776
x264,rf_smbo,4,20280428,3,575,58.846,34.188,0.07250602686258754,21.556,195.776
x264,rf_smbo,4,20280428,4,2784,23.964,23.964,0.01382160486740901,21.556,195.776
x264,rf_smbo,4,20280428,5,3859,49.962,23.964,0.01382160486740901,21.556,195.776
x264,rf_smbo,4,20280428,6,3140,48.99,23.964,0.01382160486740901,21.556,195.776
x264,rf_smbo,4,20280428,7,1952,47.086,23.964,0.01382160486740901,21.556,195.776
x264,rf_smbo,4,20280428,8,2548,36.5,23.964,0.01382160486740901,21.556,195.776
x264,rf_smbo,4,20280428,9,2392,38.242,23.964,0.01382160486740901,21.556,195.776
x264,rf_smbo,4,20280428,10,240,23.334,23.334,0.010205487314889213,21.556,195.776
x264,rf_smbo,4,20280428,11,3049,86.044,23.334,0.010205487314889213,21.556,195.776
x264,rf_smbo,4,20280428,12,2544,24.538,23.334,0.010205487314889213,21.556,195.776
x264,rf_smbo,4,20280428,13,2328,25.256,23.334,0.010205487314889213,21.556,195.776
x264,rf_smbo,4,20280428,14,168,23.268,23.268,0.009826655952244287,21.556,195.776
x264,rf_smbo,4,20280428,15,3698,47.062,23.268,0.009826655952244287,21.556,195.776
x264,rf_smbo,4,20280428,16,144,21.906,21.906,0.0020089541958443224,21.556,195.776
x264,rf_smbo,4,20280428,17,444,22.452,21.906,0.0020089541958443224,21.556,195.776
x264,rf_smbo,4,20280428,18,732,22.432,21.906,0.0020089541958443224,21.556,195.776
x264,rf_smbo,4,20280428,19,1345,82.328,21.906,0.0020089541958443224,21.556,195.776
x264,rf_smbo,4,20280428,20,590,46.268,21.906,0.0020089541958443224,21.556,195.776
x264,rf_smbo,4,20280428,21,720,21.772,21.772,0.0012398117322924896,21.556,195.776
x264,rf_smbo,4,20280428,22,1008,21.586,21.586,0.00017219607392950054,21.556,195.776
x264,rf_smbo,4,20280428,23,1908,22.492,21.586,0.00017219607392950054,21.556,195.776
x264,rf_smbo,4,20280428,24,2196,22.452,21.586,0.00017219607392950054,21.556,195.776
x264,rf_smbo,4,20280428,25,1332,22.396,21.586,0.00017219607392950054,21.556,195.776
x264,rf_smbo,4,20280428,26,1872,22.622,21.586,0.00017219607392950054,21.556,195.776
x264,rf_smbo,4,20280428,27,1116,21.636,21.586,0.00017219607392950054,21.556,195.776
x264,rf_smbo,4,20280428,28,540,21.678,21.586,0.00017219607392950054,21.556,195.776
x264,rf_smbo,4,20280428,29,900,22.996,21.586,0.00017219607392950054,21.556,195.776
x264,rf_smbo,4,20280428,30,1080,21.694,21.586,0.00017219607392950054,21.556,195.776
x264,rf_smbo,4,20280428,31,252,21.942,21.586,0.00017219607392950054,21.556,195.776
x264,rf_smbo,4,20280428,32,1656,22.172,21.586,0.00017219607392950054,21.556,195.776
x264,rf_smbo,4,20280428,33,936,22.928,21.586,0.00017219607392950054,21.556,195.776
x264,rf_smbo,4,20280428,34,360,24.4,21.586,0.00017219607392950054,21.556,195.776
x264,rf_smbo,4,20280428,35,1044,21.556,21.556,0.0,21.556,195.776
x264,rf_smbo,4,20280428,36,1128,22.312,21.556,0.0,21.556,195.776
x264,rf_smbo,4,20280428,37,2268,22.312,21.556,0.0,21.556,195.776
x264,rf_smbo,4,20280428,38,828,22.018,21.556,0.0,21.556,195.776
x264,rf_smbo,4,20280428,39,1056,22.394,21.556,0.0,21.556,195.776
x264,rf_smbo,4,20280428,40,504,21.65,21.556,0.0,21.556,195.776
x264,rf_smbo,4,20280428,41,792,21.758,21.556,0.0,21.556,195.776
x264,rf_smbo,4,20280428,42,1944,22.646,21.556,0.0,21.556,195.776
x264,rf_smbo,4,20280428,43,468,21.698,21.556,0.0,21.556,195.776
x264,rf_smbo,4,20280428,44,1404,22.746,21.556,0.0,21.556,195.776
x264,rf_smbo,4,20280428,45,216,21.714,21.556,0.0,21.556,195.776
x264,rf_smbo,4,20280428,46,432,21.97,21.556,0.0,21.556,195.776
x264,rf_smbo,4,20280428,47,4105,95.396,21.556,0.0,21.556,195.776
x264,rf_smbo,4,20280428,48,756,79.142,21.556,0.0,21.556,195.776
x264,rf_smbo,4,20280428,49,1296,22.522,21.556,0.0,21.556,195.776
x264,rf_smbo,4,20280428,50,3420,23.776,21.556,0.0,21.556,195.776
x264,random_search,5,20280429,1,298,76.774,76.774,0.31694409367466425,21.556,195.776
x264,random_search,5,20280429,2,1103,57.92,57.92,0.20872460107909543,21.556,195.776
x264,random_search,5,20280429,3,2277,157.302,57.92,0.20872460107909543,21.556,195.776
x264,random_search,5,20280429,4,4175,75.462,57.92,0.20872460107909543,21.556,195.776
x264,random_search,5,20280429,5,1745,119.458,57.92,0.20872460107909543,21.556,195.776
x264,random_search,5,20280429,6,4583,61.63,57.92,0.20872460107909543,21.556,195.776
x264,random_search,5,20280429,7,4537,85.44,57.92,0.20872460107909543,21.556,195.776
x264,random_search,5,20280429,8,3997,85.444,57.92,0.20872460107909543,21.556,195.776
x264,random_search,5,20280429,9,4037,125.67,57.92,0.20872460107909543,21.556,195.776
x264,random_search,5,20280429,10,1656,22.172,22.172,0.0035357593846860273,21.556,195.776
x264,random_search,5,20280429,11,3858,71.474,22.172,0.0035357593846860273,21.556,195.776
x264,random_search,5,20280429,12,3213,152.832,22.172,0.0035357593846860273,21.556,195.776
x264,random_search,5,20280429,13,4293,180.122,22.172,0.0035357593846860273,21.556,195.776
x264,random_search,5,20280429,14,2387,74.976,22.172,0.0035357593846860273,21.556,195.776
x264,random_search,5,20280429,15,2989,93.512,22.172,0.0035357593846860273,21.556,195.776
x264,random_search,5,20280429,16,4082,49.964,22.172,0.0035357593846860273,21.556,195.776
x264,random_search,5,20280429,17,3737,132.062,22.172,0.0035357593846860273,21.556,195.776
x264,random_search,5,20280429,18,4174,104.148,22.172,0.0035357593846860273,21.556,195.776
x264,random_search,5,20280429,19,3497,124.808,22.172,0.0035357593846860273,21.556,195.776
x264,random_search,5,20280429,20,4416,25.184,22.172,0.0035357593846860273,21.556,195.776
x264,random_search,5,20280429,21,383,63.334,22.172,0.0035357593846860273,21.556,195.776
x264,random_search,5,20280429,22,1096,31.76,22.172,0.0035357593846860273,21.556,195.776
x264,random_search,5,20280429,23,3970,88.032,22.172,0.0035357593846860273,21.556,195.776
x264,random_search,5,20280429,24,3268,36.348,22.172,0.0035357593846860273,21.556,195.776
x264,random_search,5,20280429,25,2504,42.996,22.172,0.0035357593846860273,21.556,195.776
x264,random_search,5,20280429,26,1762,84.936,22.172,0.0035357593846860273,21.556,195.776
x264,random_search,5,20280429,27,2355,33.48,22.172,0.0035357593846860273,21.556,195.776
x264,random_search,5,20280429,28,39,31.164,22.172,0.0035357593846860273,21.556,195.776
x264,random_search,5,20280429,29,2560,35.282,22.172,0.0035357593846860273,21.556,195.776
x264,random_search,5,20280429,30,342,58.706,22.172,0.0035357593846860273,21.556,195.776
x264,random_search,5,20280429,31,1777,88.892,22.172,0.0035357593846860273,21.556,195.776
x264,random_search,5,20280429,32,1749,159.444,22.172,0.0035357593846860273,21.556,195.776
x264,random_search,5,20280429,33,1235,71.736,22.172,0.0035357593846860273,21.556,195.776
x264,random_search,5,20280429,34,2379,33.744,22.172,0.0035357593846860273,21.556,195.776
x264,random_search,5,20280429,35,826,92.068,22.172,0.0035357593846860273,21.556,195.776
x264,random_search,5,20280429,36,4568,46.244,22.172,0.0035357593846860273,21.556,195.776
x264,random_search,5,20280429,37,1577,127.752,22.172,0.0035357593846860273,21.556,195.776
x264,random_search,5,20280429,38,1952,47.086,22.172,0.0035357593846860273,21.556,195.776
x264,random_search,5,20280429,39,3526,87.92,22.172,0.0035357593846860273,21.556,195.776
x264,random_search,5,20280429,40,2949,164.132,22.172,0.0035357593846860273,21.556,195.776
x264,random_search,5,20280429,41,3756,25.342,22.172,0.0035357593846860273,21.556,195.776
x264,random_search,5,20280429,42,2623,42.678,22.172,0.0035357593846860273,21.556,195.776
x264,random_search,5,20280429,43,2762,45.74,22.172,0.0035357593846860273,21.556,195.776
x264,random_search,5,20280429,44,3702,70.97,22.172,0.0035357593846860273,21.556,195.776
x264,random_search,5,20280429,45,160,30.64,22.172,0.0035357593846860273,21.556,195.776
x264,random_search,5,20280429,46,4540,33.488,22.172,0.0035357593846860273,21.556,195.776
x264,random_search,5,20280429,47,1704,23.2,22.172,0.0035357593846860273,21.556,195.776
x264,random_search,5,20280429,48,2803,40.458,22.172,0.0035357593846860273,21.556,195.776
x264,random_search,5,20280429,49,3185,118.636,22.172,0.0035357593846860273,21.556,195.776
x264,random_search,5,20280429,50,840,22.842,22.172,0.0035357593846860273,21.556,195.776
x264,rf_smbo,5,20280429,1,2802,58.482,58.482,0.21195040753070832,21.556,195.776
x264,rf_smbo,5,20280429,2,1389,173.328,58.482,0.21195040753070832,21.556,195.776
x264,rf_smbo,5,20280429,3,662,46.916,46.916,0.14556308116174949,21.556,195.776
x264,rf_smbo,5,20280429,4,500,38.178,38.178,0.09540810469521292,21.556,195.776
x264,rf_smbo,5,20280429,5,1450,77.542,38.178,0.09540810469521292,21.556,195.776
x264,rf_smbo,5,20280429,6,4494,58.834,38.178,0.09540810469521292,21.556,195.776
x264,rf_smbo,5,20280429,7,785,111.148,38.178,0.09540810469521292,21.556,195.776
x264,rf_smbo,5,20280429,8,429,172.2,38.178,0.09540810469521292,21.556,195.776
x264,rf_smbo,5,20280429,9,2737,84.084,38.178,0.09540810469521292,21.556,195.776
x264,rf_smbo,5,20280429,10,502,72.436,38.178,0.09540810469521292,21.556,195.776
x264,rf_smbo,5,20280429,11,782,43.28,38.178,0.09540810469521292,21.556,195.776
x264,rf_smbo,5,20280429,12,783,30.37,30.37,0.05059120652049133,21.556,195.776
x264,rf_smbo,5,20280429,13,855,30.258,30.258,0.04994834117782113,21.556,195.776
x264,rf_smbo,5,20280429,14,708,23.002,23.002,0.008299850763402583,21.556,195.776
x264,rf_smbo,5,20280429,15,3085,85.952,23.002,0.008299850763402583,21.556,195.776
x264,rf_smbo,5,20280429,16,852,23.358,23.002,0.008299850763402583,21.556,195.776
x264,rf_smbo,5,20280429,17,3012,25.004,23.002,0.008299850763402583,21.556,195.776
x264,rf_smbo,5,20280429,18,1860,23.534,23.002,0.008299850763402583,21.556,195.776
x264,rf_smbo,5,20280429,19,3020,52.566,23.002,0.008299850763402583,21.556,195.776
x264,rf_smbo,5,20280429,20,1260,23.824,23.002,0.008299850763402583,21.556,195.776
x264,rf_smbo,5,20280429,21,1548,23.49,23.002,0.008299850763402583,21.556,195.776
x264,rf_smbo,5,20280429,22,1824,23.686,23.002,0.008299850763402583,21.556,195.776
x264,rf_smbo,5,20280429,23,4104,25.404,23.002,0.008299850763402583,21.556,195.776
x264,rf_smbo,5,20280429,24,2112,23.678,23.002,0.008299850763402583,21.556,195.776
x264,rf_smbo,5,20280429,25,1848,23.846,23.002,0.008299850763402583,21.556,195.776
x264,rf_smbo,5,20280429,26,1212,24.49,23.002,0.008299850763402583,21.556,195.776
x264,rf_smbo,5,20280429,27,4164,25.25,23.002,0.008299850763402583,21.556,195.776
x264,rf_smbo,5,20280429,28,2151,31.8,23.002,0.008299850763402583,21.556,195.776
x264,rf_smbo,5,20280429,29,1141,79.53,23.002,0.008299850763402583,21.556,195.776
x264,rf_smbo,5,20280429,30,696,23.02,23.002,0.008299850763402583,21.556,195.776
x264,rf_smbo,5,20280429,31,624,23.194,23.002,0.008299850763402583,21.556,195.776
x264,rf_smbo,5,20280429,32,612,23.192,23.002,0.008299850763402583,21.556,195.776
x264,rf_smbo,5,20280429,33,984,22.78,22.78,0.007025599816324189,21.556,195.776
x264,rf_smbo,5,20280429,34,972,22.794,22.78,0.007025599816324189,21.556,195.776
x264,rf_smbo,5,20280429,35,2769,141.958,22.78,0.007025599816324189,21.556,195.776
x264,rf_smbo,5,20280429,36,385,86.89,22.78,0.007025599816324189,21.556,195.776
x264,rf_smbo,5,20280429,37,900,22.996,22.78,0.007025599816324189,21.556,195.776
x264,rf_smbo,5,20280429,38,336,23.456,22.78,0.007025599816324189,21.556,195.776
x264,rf_smbo,5,20280429,39,396,23.666,22.78,0.007025599816324189,21.556,195.776
x264,rf_smbo,5,20280429,40,960,23.036,22.78,0.007025599816324189,21.556,195.776
x264,rf_smbo,5,20280429,41,888,23.334,22.78,0.007025599816324189,21.556,195.776
x264,rf_smbo,5,20280429,42,912,23.12,22.78,0.007025599816324189,21.556,195.776
x264,rf_smbo,5,20280429,43,996,22.99,22.78,0.007025599816324189,21.556,195.776
x264,rf_smbo,5,20280429,44,948,22.97,22.78,0.007025599816324189,21.556,195.776
x264,rf_smbo,5,20280429,45,936,22.928,22.78,0.007025599816324189,21.556,195.776
x264,rf_smbo,5,20280429,46,660,23.264,22.78,0.007025599816324189,21.556,195.776
x264,rf_smbo,5,20280429,47,684,23.082,22.78,0.007025599816324189,21.556,195.776
x264,rf_smbo,5,20280429,48,1128,22.312,22.312,0.004339341063023764,21.556,195.776
x264,rf_smbo,5,20280429,49,4353,153.548,22.312,0.004339341063023764,21.556,195.776
x264,rf_smbo,5,20280429,50,1116,21.636,21.636,0.0004591895304786953,21.556,195.776
x264,random_search,6,20280430,1,848,47.378,47.378,0.14821490070026402,21.556,195.776
x264,random_search,6,20280430,2,995,63.256,47.378,0.14821490070026402,21.556,195.776
x264,random_search,6,20280430,3,4497,142.656,47.378,0.14821490070026402,21.556,195.776
x264,random_search,6,20280430,4,4391,54.994,47.378,0.14821490070026402,21.556,195.776
x264,random_search,6,20280430,5,941,126.51,47.378,0.14821490070026402,21.556,195.776
x264,random_search,6,20280430,6,3607,43.634,43.634,0.12672483067386064,21.556,195.776
x264,random_search,6,20280430,7,2272,31.748,31.748,0.05850074618298703,21.556,195.776
x264,random_search,6,20280430,8,204,23.282,23.282,0.009907014120078057,21.556,195.776
x264,random_search,6,20280430,9,2653,92.626,23.282,0.009907014120078057,21.556,195.776
x264,random_search,6,20280430,10,2027,52.748,23.282,0.009907014120078057,21.556,195.776
x264,random_search,6,20280430,11,3229,92.982,23.282,0.009907014120078057,21.556,195.776
x264,random_search,6,20280430,12,2029,88.924,23.282,0.009907014120078057,21.556,195.776
x264,random_search,6,20280430,13,3725,131.584,23.282,0.009907014120078057,21.556,195.776
x264,random_search,6,20280430,14,1915,41.666,23.282,0.009907014120078057,21.556,195.776
x264,random_search,6,20280430,15,4555,46.334,23.282,0.009907014120078057,21.556,195.776
x264,random_search,6,20280430,16,3967,45.892,23.282,0.009907014120078057,21.556,195.776
x264,random_search,6,20280430,17,2690,49.434,23.282,0.009907014120078057,21.556,195.776
x264,random_search,6,20280430,18,1894,81.304,23.282,0.009907014120078057,21.556,195.776
x264,random_search,6,20280430,19,1854,71.412,23.282,0.009907014120078057,21.556,195.776
x264,random_search,6,20280430,20,101,132.954,23.282,0.009907014120078057,21.556,195.776
x264,random_search,6,20280430,21,3761,119.45,23.282,0.009907014120078057,21.556,195.776
x264,random_search,6,20280430,22,2370,65.806,23.282,0.009907014120078057,21.556,195.776
x264,random_search,6,20280430,23,701,131.674,23.282,0.009907014120078057,21.556,195.776
x264,random_search,6,20280430,24,470,41.828,23.282,0.009907014120078057,21.556,195.776
x264,random_search,6,20280430,25,1242,71.738,23.282,0.009907014120078057,21.556,195.776
x264,random_search,6,20280430,26,2299,44.022,23.282,0.009907014120078057,21.556,195.776
x264,random_search,6,20280430,27,170,43.192,23.282,0.009907014120078057,21.556,195.776
x264,random_search,6,20280430,28,630,62.406,23.282,0.009907014120078057,21.556,195.776
x264,random_search,6,20280430,29,2606,49.102,23.282,0.009907014120078057,21.556,195.776
x264,random_search,6,20280430,30,2957,140.73,23.282,0.009907014120078057,21.556,195.776
x264,random_search,6,20280430,31,4573,85.27,23.282,0.009907014120078057,21.556,195.776
x264,random_search,6,20280430,32,3000,24.78,23.282,0.009907014120078057,21.556,195.776
x264,random_search,6,20280430,33,303,31.026,23.282,0.009907014120078057,21.556,195.776
x264,random_search,6,20280430,34,1096,31.76,23.282,0.009907014120078057,21.556,195.776
x264,random_search,6,20280430,35,3766,80.656,23.282,0.009907014120078057,21.556,195.776
x264,random_search,6,20280430,36,4244,44.026,23.282,0.009907014120078057,21.556,195.776
x264,random_search,6,20280430,37,665,132.624,23.282,0.009907014120078057,21.556,195.776
x264,random_search,6,20280430,38,3111,31.37,23.282,0.009907014120078057,21.556,195.776
x264,random_search,6,20280430,39,2618,49.512,23.282,0.009907014120078057,21.556,195.776
x264,random_search,6,20280430,40,188,40.842,23.282,0.009907014120078057,21.556,195.776
x264,random_search,6,20280430,41,1319,57.08,23.282,0.009907014120078057,21.556,195.776
x264,random_search,6,20280430,42,2712,24.8,23.282,0.009907014120078057,21.556,195.776
x264,random_search,6,20280430,43,1584,22.19,22.19,0.0036390770290437397,21.556,195.776
x264,random_search,6,20280430,44,3123,31.986,22.19,0.0036390770290437397,21.556,195.776
x264,random_search,6,20280430,45,1221,158.828,22.19,0.0036390770290437397,21.556,195.776
x264,random_search,6,20280430,46,3533,142.442,22.19,0.0036390770290437397,21.556,195.776
x264,random_search,6,20280430,47,2560,35.282,22.19,0.0036390770290437397,21.556,195.776
x264,random_search,6,20280430,48,4105,95.396,22.19,0.0036390770290437397,21.556,195.776
x264,random_search,6,20280430,49,616,32.896,22.19,0.0036390770290437397,21.556,195.776
x264,random_search,6,20280430,50,2162,42.878,22.19,0.0036390770290437397,21.556,195.776
x264,rf_smbo,6,20280430,1,454,72.078,72.078,0.28998966823556427,21.556,195.776
x264,rf_smbo,6,20280430,2,2460,24.016,24.016,0.014120078062220166,21.556,195.776
x264,rf_smbo,6,20280430,3,2483,59.158,24.016,0.014120078062220166,21.556,195.776
x264,rf_smbo,6,20280430,4,2141,127.44,24.016,0.014120078062220166,21.556,195.776
x264,rf_smbo,6,20280430,5,537,157.128,24.016,0.014120078062220166,21.556,195.776
x264,rf_smbo,6,20280430,6,1218,63.122,24.016,0.014120078062220166,21.556,195.776
x264,rf_smbo,6,20280430,7,3628,33.082,24.016,0.014120078062220166,21.556,195.776
x264,rf_smbo,6,20280430,8,2476,32.942,24.016,0.014120078062220166,21.556,195.776
x264,rf_smbo,6,20280430,9,744,23.238,23.238,0.009654459878314767,21.556,195.776
x264,rf_smbo,6,20280430,10,60,23.302,23.238,0.009654459878314767,21.556,195.776
x264,rf_smbo,6,20280430,11,144,21.906,21.906,0.0020089541958443224,21.556,195.776
x264,rf_smbo,6,20280430,12,732,22.432,21.906,0.0020089541958443224,21.556,195.776
x264,rf_smbo,6,20280430,13,624,23.194,21.906,0.0020089541958443224,21.556,195.776
x264,rf_smbo,6,20280430,14,1008,21.586,21.586,0.00017219607392950054,21.556,195.776
x264,rf_smbo,6,20280430,15,1044,21.556,21.556,0.0,21.556,195.776
x264,rf_smbo,6,20280430,16,864,23.586,21.556,0.0,21.556,195.776
x264,rf_smbo,6,20280430,17,2196,22.452,21.556,0.0,21.556,195.776
x264,rf_smbo,6,20280430,18,2052,23.52,21.556,0.0,21.556,195.776
x264,rf_smbo,6,20280430,19,1088,42.36,21.556,0.0,21.556,195.776
x264,rf_smbo,6,20280430,20,828,22.018,21.556,0.0,21.556,195.776
x264,rf_smbo,6,20280430,21,1116,21.636,21.556,0.0,21.556,195.776
x264,rf_smbo,6,20280430,22,1908,22.492,21.556,0.0,21.556,195.776
x264,rf_smbo,6,20280430,23,1080,21.694,21.556,0.0,21.556,195.776
x264,rf_smbo,6,20280430,24,853,80.424,21.556,0.0,21.556,195.776
x264,rf_smbo,6,20280430,25,540,21.678,21.556,0.0,21.556,195.776
x264,rf_smbo,6,20280430,26,145,79.25,21.556,0.0,21.556,195.776
x264,rf_smbo,6,20280430,27,504,21.65,21.556,0.0,21.556,195.776
x264,rf_smbo,6,20280430,28,216,21.714,21.556,0.0,21.556,195.776
x264,rf_smbo,6,20280430,29,2844,23.266,21.556,0.0,21.556,195.776
x264,rf_smbo,6,20280430,30,792,21.758,21.556,0.0,21.556,195.776
x264,rf_smbo,6,20280430,31,2232,22.254,21.556,0.0,21.556,195.776
x264,rf_smbo,6,20280430,32,432,21.97,21.556,0.0,21.556,195.776
x264,rf_smbo,6,20280430,33,564,23.244,21.556,0.0,21.556,195.776
x264,rf_smbo,6,20280430,34,720,21.772,21.556,0.0,21.556,195.776
x264,rf_smbo,6,20280430,35,1368,22.496,21.556,0.0,21.556,195.776
x264,rf_smbo,6,20280430,36,3312,23.266,21.556,0.0,21.556,195.776
x264,rf_smbo,6,20280430,37,1944,22.646,21.556,0.0,21.556,195.776
x264,rf_smbo,6,20280430,38,468,21.698,21.556,0.0,21.556,195.776
x264,rf_smbo,6,20280430,39,252,21.942,21.556,0.0,21.556,195.776
x264,rf_smbo,6,20280430,40,1128,22.312,21.556,0.0,21.556,195.776
x264,rf_smbo,6,20280430,41,180,22.168,21.556,0.0,21.556,195.776
x264,rf_smbo,6,20280430,42,2268,22.312,21.556,0.0,21.556,195.776
x264,rf_smbo,6,20280430,43,2160,22.248,21.556,0.0,21.556,195.776
x264,rf_smbo,6,20280430,44,1092,22.34,21.556,0.0,21.556,195.776
x264,rf_smbo,6,20280430,45,756,79.142,21.556,0.0,21.556,195.776
x264,rf_smbo,6,20280430,46,1296,22.522,21.556,0.0,21.556,195.776
x264,rf_smbo,6,20280430,47,0,23.546,21.556,0.0,21.556,195.776
x264,rf_smbo,6,20280430,48,1056,22.394,21.556,0.0,21.556,195.776
x264,rf_smbo,6,20280430,49,1068,23.06,21.556,0.0,21.556,195.776
x264,rf_smbo,6,20280430,50,1620,22.138,21.556,0.0,21.556,195.776
x264,random_search,7,20280431,1,4109,141.996,141.996,0.6913098381356906,21.556,195.776
x264,random_search,7,20280431,2,1328,42.452,42.452,0.11994030536103775,21.556,195.776
x264,random_search,7,20280431,3,2981,140.696,42.452,0.11994030536103775,21.556,195.776
x264,random_search,7,20280431,4,1386,66.914,42.452,0.11994030536103775,21.556,195.776
x264,random_search,7,20280431,5,3821,135.934,42.452,0.11994030536103775,21.556,195.776
x264,random_search,7,20280431,6,1878,59.754,42.452,0.11994030536103775,21.556,195.776
x264,random_search,7,20280431,7,4553,123.106,42.452,0.11994030536103775,21.556,195.776
x264,random_search,7,20280431,8,1407,29.906,29.906,0.04792790724371483,21.556,195.776
x264,random_search,7,20280431,9,543,29.01,29.01,0.04278498450235335,21.556,195.776
x264,random_search,7,20280431,10,290,46.026,29.01,0.04278498450235335,21.556,195.776
x264,random_search,7,20280431,11,659,70.774,29.01,0.04278498450235335,21.556,195.776
x264,random_search,7,20280431,12,3594,75.406,29.01,0.04278498450235335,21.556,195.776
x264,random_search,7,20280431,13,4078,87.87,29.01,0.04278498450235335,21.556,195.776
x264,random_search,7,20280431,14,4289,130.518,29.01,0.04278498450235335,21.556,195.776
x264,random_search,7,20280431,15,154,79.904,29.01,0.04278498450235335,21.556,195.776
x264,random_search,7,20280431,16,2276,42.776,29.01,0.04278498450235335,21.556,195.776
x264,random_search,7,20280431,17,3627,32.66,29.01,0.04278498450235335,21.556,195.776
x264,random_search,7,20280431,18,2113,88.78,29.01,0.04278498450235335,21.556,195.776
x264,random_search,7,20280431,19,1726,84.892,29.01,0.04278498450235335,21.556,195.776
x264,random_search,7,20280431,20,160,30.64,29.01,0.04278498450235335,21.556,195.776
x264,random_search,7,20280431,21,1256,50.912,29.01,0.04278498450235335,21.556,195.776
x264,random_search,7,20280431,22,1365,151.834,29.01,0.04278498450235335,21.556,195.776
x264,random_search,7,20280431,23,4513,86.078,29.01,0.04278498450235335,21.556,195.776
x264,random_search,7,20280431,24,1144,32.598,29.01,0.04278498450235335,21.556,195.776
x264,random_search,7,20280431,25,3723,32.476,29.01,0.04278498450235335,21.556,195.776
x264,random_search,7,20280431,26,1507,40.398,29.01,0.04278498450235335,21.556,195.776
x264,random_search,7,20280431,27,17,118.142,29.01,0.04278498450235335,21.556,195.776
x264,random_search,7,20280431,28,1510,77.16,29.01,0.04278498450235335,21.556,195.776
x264,random_search,7,20280431,29,1667,58.34,29.01,0.04278498450235335,21.556,195.776
x264,random_search,7,20280431,30,4537,85.44,29.01,0.04278498450235335,21.556,195.776
x264,random_search,7,20280431,31,3762,62.67,29.01,0.04278498450235335,21.556,195.776
x264,random_search,7,20280431,32,2979,33.71,29.01,0.04278498450235335,21.556,195.776
x264,random_search,7,20280431,33,1315,41.978,29.01,0.04278498450235335,21.556,195.776
x264,random_search,7,20280431,34,1018,71.616,29.01,0.04278498450235335,21.556,195.776
x264,random_search,7,20280431,35,2266,84.054,29.01,0.04278498450235335,21.556,195.776
x264,random_search,7,20280431,36,888,23.334,23.334,0.010205487314889213,21.556,195.776
x264,random_search,7,20280431,37,2055,31.638,23.334,0.010205487314889213,21.556,195.776
x264,random_search,7,20280431,38,4500,23.526,23.334,0.010205487314889213,21.556,195.776
x264,random_search,7,20280431,39,610,84.046,23.334,0.010205487314889213,21.556,195.776
x264,random_search,7,20280431,40,3391,44.76,23.334,0.010205487314889213,21.556,195.776
x264,random_search,7,20280431,41,3032,42.602,23.334,0.010205487314889213,21.556,195.776
x264,random_search,7,20280431,42,198,59.27,23.334,0.010205487314889213,21.556,195.776
x264,random_search,7,20280431,43,2557,84.826,23.334,0.010205487314889213,21.556,195.776
x264,random_search,7,20280431,44,4552,34.03,23.334,0.010205487314889213,21.556,195.776
x264,random_search,7,20280431,45,1738,84.846,23.334,0.010205487314889213,21.556,195.776
x264,random_search,7,20280431,46,2790,58.376,23.334,0.010205487314889213,21.556,195.776
x264,random_search,7,20280431,47,3776,40.966,23.334,0.010205487314889213,21.556,195.776
x264,random_search,7,20280431,48,2275,43.18,23.334,0.010205487314889213,21.556,195.776
x264,random_search,7,20280431,49,3382,75.59,23.334,0.010205487314889213,21.556,195.776
x264,random_search,7,20280431,50,4026,66.408,23.334,0.010205487314889213,21.556,195.776
x264,rf_smbo,7,20280431,1,321,146.222,146.222,0.7155665250832282,21.556,195.776
x264,rf_smbo,7,20280431,2,1998,66.428,66.428,0.25755940764550567,21.556,195.776
x264,rf_smbo,7,20280431,3,1284,23.672,23.672,0.012145563081161747,21.556,195.776
x264,rf_smbo,7,20280431,4,2122,91.664,23.672,0.012145563081161747,21.556,195.776
x264,rf_smbo,7,20280431,5,2674,95.852,23.672,0.012145563081161747,21.556,195.776
x264,rf_smbo,7,20280431,6,4261,87.306,23.672,0.012145563081161747,21.556,195.776
x264,rf_smbo,7,20280431,7,1347,30.64,23.672,0.012145563081161747,21.556,195.776
x264,rf_smbo,7,20280431,8,264,22.59,22.59,0.005935024681437257,21.556,195.776
x264,rf_smbo,7,20280431,9,192,23.092,22.59,0.005935024681437257,21.556,195.776
x264,rf_smbo,7,20280431,10,2436,24.868,22.59,0.005935024681437257,21.556,195.776
x264,rf_smbo,7,20280431,11,420,23.244,22.59,0.005935024681437257,21.556,195.776
x264,rf_smbo,7,20280431,12,140,50.272,22.59,0.005935024681437257,21.556,195.776
x264,rf_smbo,7,20280431,13,468,21.698,21.698,0.0008150614165996985,21.556,195.776
x264,rf_smbo,7,20280431,14,2784,23.964,21.698,0.0008150614165996985,21.556,195.776
x264,rf_smbo,7,20280431,15,1056,22.394,21.698,0.0008150614165996985,21.556,195.776
x264,rf_smbo,7,20280431,16,1116,21.636,21.636,0.0004591895304786953,21.556,195.776
x264,rf_smbo,7,20280431,17,2268,22.312,21.636,0.0004591895304786953,21.556,195.776
x264,rf_smbo,7,20280431,18,4572,23.434,21.636,0.0004591895304786953,21.556,195.776
x264,rf_smbo,7,20280431,19,1120,31.33,21.636,0.0004591895304786953,21.556,195.776
x264,rf_smbo,7,20280431,20,504,21.65,21.636,0.0004591895304786953,21.556,195.776
x264,rf_smbo,7,20280431,21,432,21.97,21.636,0.0004591895304786953,21.556,195.776
x264,rf_smbo,7,20280431,22,360,24.4,21.636,0.0004591895304786953,21.556,195.776
x264,rf_smbo,7,20280431,23,540,21.678,21.636,0.0004591895304786953,21.556,195.776
x264,rf_smbo,7,20280431,24,252,21.942,21.636,0.0004591895304786953,21.556,195.776
x264,rf_smbo,7,20280431,25,180,22.168,21.636,0.0004591895304786953,21.556,195.776
x264,rf_smbo,7,20280431,26,2808,23.328,21.636,0.0004591895304786953,21.556,195.776
x264,rf_smbo,7,20280431,27,216,21.714,21.636,0.0004591895304786953,21.556,195.776
x264,rf_smbo,7,20280431,28,1044,21.556,21.556,0.0,21.556,195.776
x264,rf_smbo,7,20280431,29,1620,22.138,21.556,0.0,21.556,195.776
x264,rf_smbo,7,20280431,30,144,21.906,21.556,0.0,21.556,195.776
x264,rf_smbo,7,20280431,31,324,23.212,21.556,0.0,21.556,195.776
x264,rf_smbo,7,20280431,32,1008,21.586,21.556,0.0,21.556,195.776
x264,rf_smbo,7,20280431,33,720,21.772,21.556,0.0,21.556,195.776
x264,rf_smbo,7,20280431,34,756,79.142,21.556,0.0,21.556,195.776
x264,rf_smbo,7,20280431,35,2448,23.536,21.556,0.0,21.556,195.776
x264,rf_smbo,7,20280431,36,1020,22.29,21.556,0.0,21.556,195.776
x264,rf_smbo,7,20280431,37,299,52.294,21.556,0.0,21.556,195.776
x264,rf_smbo,7,20280431,38,435,28.656,21.556,0.0,21.556,195.776
x264,rf_smbo,7,20280431,39,2160,22.248,21.556,0.0,21.556,195.776
x264,rf_smbo,7,20280431,40,2196,22.452,21.556,0.0,21.556,195.776
x264,rf_smbo,7,20280431,41,2187,30.622,21.556,0.0,21.556,195.776
x264,rf_smbo,7,20280431,42,864,23.586,21.556,0.0,21.556,195.776
x264,rf_smbo,7,20280431,43,1404,22.746,21.556,0.0,21.556,195.776
x264,rf_smbo,7,20280431,44,1368,22.496,21.556,0.0,21.556,195.776
x264,rf_smbo,7,20280431,45,566,42.906,21.556,0.0,21.556,195.776
x264,rf_smbo,7,20280431,46,2208,23.148,21.556,0.0,21.556,195.776
x264,rf_smbo,7,20280431,47,4500,23.526,21.556,0.0,21.556,195.776
x264,rf_smbo,7,20280431,48,2556,23.232,21.556,0.0,21.556,195.776
x264,rf_smbo,7,20280431,49,1296,22.522,21.556,0.0,21.556,195.776
x264,rf_smbo,7,20280431,50,156,22.664,21.556,0.0,21.556,195.776
x264,random_search,8,20280432,1,2186,44.254,44.254,0.13028354953507057,21.556,195.776
x264,random_search,8,20280432,2,3961,85.67,44.254,0.13028354953507057,21.556,195.776
x264,random_search,8,20280432,3,800,46.604,44.254,0.13028354953507057,21.556,195.776
x264,random_search,8,20280432,4,2916,25.014,25.014,0.01984846745494202,21.556,195.776
x264,random_search,8,20280432,5,570,61.912,25.014,0.01984846745494202,21.556,195.776
x264,random_search,8,20280432,6,3323,50.828,25.014,0.01984846745494202,21.556,195.776
x264,random_search,8,20280432,7,2417,140.368,25.014,0.01984846745494202,21.556,195.776
x264,random_search,8,20280432,8,258,65.406,25.014,0.01984846745494202,21.556,195.776
x264,random_search,8,20280432,9,2583,32.308,25.014,0.01984846745494202,21.556,195.776
x264,random_search,8,20280432,10,3899,51.178,25.014,0.01984846745494202,21.556,195.776
x264,random_search,8,20280432,11,4197,156.816,25.014,0.01984846745494202,21.556,195.776
x264,random_search,8,20280432,12,1569,173.734,25.014,0.01984846745494202,21.556,195.776
x264,random_search,8,20280432,13,3435,31.314,25.014,0.01984846745494202,21.556,195.776
x264,random_search,8,20280432,14,2498,46.02,25.014,0.01984846745494202,21.556,195.776
x264,random_search,8,20280432,15,1339,41.704,25.014,0.01984846745494202,21.556,195.776
x264,random_search,8,20280432,16,294,58.836,25.014,0.01984846745494202,21.556,195.776
x264,random_search,8,20280432,17,3160,36.658,25.014,0.01984846745494202,21.556,195.776
x264,random_search,8,20280432,18,2634,62.084,25.014,0.01984846745494202,21.556,195.776
x264,random_search,8,20280432,19,2779,39.642,25.014,0.01984846745494202,21.556,195.776
x264,random_search,8,20280432,20,3461,125.576,25.014,0.01984846745494202,21.556,195.776
x264,random_search,8,20280432,21,1929,151.506,25.014,0.01984846745494202,21.556,195.776
x264,random_search,8,20280432,22,633,157.596,25.014,0.01984846745494202,21.556,195.776
x264,random_search,8,20280432,23,3211,42.524,25.014,0.01984846745494202,21.556,195.776
x264,random_search,8,20280432,24,2497,85.608,25.014,0.01984846745494202,21.556,195.776
x264,random_search,8,20280432,25,2237,115.876,25.014,0.01984846745494202,21.556,195.776
x264,random_search,8,20280432,26,624,23.194,23.194,0.009401905636551475,21.556,195.776
x264,random_search,8,20280432,27,501,136.814,23.194,0.009401905636551475,21.556,195.776
x264,random_search,8,20280432,28,2727,33.288,23.194,0.009401905636551475,21.556,195.776
x264,random_search,8,20280432,29,2009,124.64,23.194,0.009401905636551475,21.556,195.776
x264,random_search,8,20280432,30,2614,80.196,23.194,0.009401905636551475,21.556,195.776
x264,random_search,8,20280432,31,3766,80.656,23.194,0.009401905636551475,21.556,195.776
x264,random_search,8,20280432,32,72,23.24,23.194,0.009401905636551475,21.556,195.776
x264,random_search,8,20280432,33,3271,49.448,23.194,0.009401905636551475,21.556,195.776
x264,random_search,8,20280432,34,4290,69.718,23.194,0.009401905636551475,21.556,195.776
x264,random_search,8,20280432,35,2421,192.712,23.194,0.009401905636551475,21.556,195.776
x264,random_search,8,20280432,36,776,41.354,23.194,0.009401905636551475,21.556,195.776
x264,random_search,8,20280432,37,4351,42.804,23.194,0.009401905636551475,21.556,195.776
x264,random_search,8,20280432,38,346,76.688,23.194,0.009401905636551475,21.556,195.776
x264,random_search,8,20280432,39,1415,66.96,23.194,0.009401905636551475,21.556,195.776
x264,random_search,8,20280432,40,927,30.692,23.194,0.009401905636551475,21.556,195.776
x264,random_search,8,20280432,41,1211,59.422,23.194,0.009401905636551475,21.556,195.776
x264,random_search,8,20280432,42,3217,92.59,23.194,0.009401905636551475,21.556,195.776
x264,random_search,8,20280432,43,1207,43.746,23.194,0.009401905636551475,21.556,195.776
x264,random_search,8,20280432,44,3237,152.69,23.194,0.009401905636551475,21.556,195.776
x264,random_search,8,20280432,45,911,52.054,23.194,0.009401905636551475,21.556,195.776
x264,random_search,8,20280432,46,2148,23.73,23.194,0.009401905636551475,21.556,195.776
x264,random_search,8,20280432,47,825,171.272,23.194,0.009401905636551475,21.556,195.776
x264,random_search,8,20280432,48,3642,62.098,23.194,0.009401905636551475,21.556,195.776
x264,random_search,8,20280432,49,895,40.238,23.194,0.009401905636551475,21.556,195.776
x264,random_search,8,20280432,50,1473,147.684,23.194,0.009401905636551475,21.556,195.776
x264,rf_smbo,8,20280432,1,2563,49.374,49.374,0.15967167948570773,21.556,195.776
x264,rf_smbo,8,20280432,2,713,131.904,49.374,0.15967167948570773,21.556,195.776
x264,rf_smbo,8,20280432,3,2544,24.538,24.538,0.01711628974859373,21.556,195.776
x264,rf_smbo,8,20280432,4,4467,31.096,24.538,0.01711628974859373,21.556,195.776
x264,rf_smbo,8,20280432,5,1273,88.866,24.538,0.01711628974859373,21.556,195.776
x264,rf_smbo,8,20280432,6,1521,174.34,24.538,0.01711628974859373,21.556,195.776
x264,rf_smbo,8,20280432,7,2547,32.082,24.538,0.01711628974859373,21.556,195.776
x264,rf_smbo,8,20280432,8,3408,24.508,24.508,0.016944093674664207,21.556,195.776
x264,rf_smbo,8,20280432,9,3344,39.512,24.508,0.016944093674664207,21.556,195.776
x264,rf_smbo,8,20280432,10,3984,24.762,24.508,0.016944093674664207,21.556,195.776
x264,rf_smbo,8,20280432,11,1248,23.916,23.916,0.013546091149121796,21.556,195.776
x264,rf_smbo,8,20280432,12,1680,23.586,23.586,0.011651934335897127,21.556,195.776
x264,rf_smbo,8,20280432,13,1392,23.896,23.586,0.011651934335897127,21.556,195.776
x264,rf_smbo,8,20280432,14,1380,22.998,22.998,0.00827689128687866,21.556,195.776
x264,rf_smbo,8,20280432,15,1368,22.496,22.496,0.0053954769831247714,21.556,195.776
x264,rf_smbo,8,20280432,16,1668,23.106,22.496,0.0053954769831247714,21.556,195.776
x264,rf_smbo,8,20280432,17,1416,23.194,22.496,0.0053954769831247714,21.556,195.776
x264,rf_smbo,8,20280432,18,1404,22.746,22.496,0.0053954769831247714,21.556,195.776
x264,rf_smbo,8,20280432,19,1704,23.2,22.496,0.0053954769831247714,21.556,195.776
x264,rf_smbo,8,20280432,20,1980,23.034,22.496,0.0053954769831247714,21.556,195.776
x264,rf_smbo,8,20280432,21,1236,23.932,22.496,0.0053954769831247714,21.556,195.776
x264,rf_smbo,8,20280432,22,1224,24.092,22.496,0.0053954769831247714,21.556,195.776
x264,rf_smbo,8,20280432,23,1260,23.824,22.496,0.0053954769831247714,21.556,195.776
x264,rf_smbo,8,20280432,24,1656,22.172,22.172,0.0035357593846860273,21.556,195.776
x264,rf_smbo,8,20280432,25,1512,23.666,22.172,0.0035357593846860273,21.556,195.776
x264,rf_smbo,8,20280432,26,1548,23.49,22.172,0.0035357593846860273,21.556,195.776
x264,rf_smbo,8,20280432,27,1524,23.524,22.172,0.0035357593846860273,21.556,195.776
x264,rf_smbo,8,20280432,28,1560,23.362,22.172,0.0035357593846860273,21.556,195.776
x264,rf_smbo,8,20280432,29,1670,43.58,22.172,0.0035357593846860273,21.556,195.776
x264,rf_smbo,8,20280432,30,1296,22.522,22.172,0.0035357593846860273,21.556,195.776
x264,rf_smbo,8,20280432,31,1376,47.374,22.172,0.0035357593846860273,21.556,195.776
x264,rf_smbo,8,20280432,32,2232,22.254,22.172,0.0035357593846860273,21.556,195.776
x264,rf_smbo,8,20280432,33,1584,22.19,22.172,0.0035357593846860273,21.556,195.776
x264,rf_smbo,8,20280432,34,2160,22.248,22.172,0.0035357593846860273,21.556,195.776
x264,rf_smbo,8,20280432,35,432,21.97,21.97,0.002376305820227287,21.556,195.776
x264,rf_smbo,8,20280432,36,1008,21.586,21.586,0.00017219607392950054,21.556,195.776
x264,rf_smbo,8,20280432,37,1044,21.556,21.556,0.0,21.556,195.776
x264,rf_smbo,8,20280432,38,720,21.772,21.556,0.0,21.556,195.776
x264,rf_smbo,8,20280432,39,144,21.906,21.556,0.0,21.556,195.776
x264,rf_smbo,8,20280432,40,756,79.142,21.556,0.0,21.556,195.776
x264,rf_smbo,8,20280432,41,1620,22.138,21.556,0.0,21.556,195.776
x264,rf_smbo,8,20280432,42,2268,22.312,21.556,0.0,21.556,195.776
x264,rf_smbo,8,20280432,43,2196,22.452,21.556,0.0,21.556,195.776
x264,rf_smbo,8,20280432,44,434,41.85,21.556,0.0,21.556,195.776
x264,rf_smbo,8,20280432,45,1093,78.824,21.556,0.0,21.556,195.776
x264,rf_smbo,8,20280432,46,1332,22.396,21.556,0.0,21.556,195.776
x264,rf_smbo,8,20280432,47,288,23.278,21.556,0.0,21.556,195.776
x264,rf_smbo,8,20280432,48,1344,23.338,21.556,0.0,21.556,195.776
x264,rf_smbo,8,20280432,49,1588,28.39,21.556,0.0,21.556,195.776
x264,rf_smbo,8,20280432,50,1872,22.622,21.556,0.0,21.556,195.776
x264,random_search,9,20280433,1,649,87.148,87.148,0.3764894960394903,21.556,195.776
x264,random_search,9,20280433,2,2654,49.15,49.15,0.15838594880036733,21.556,195.776
x264,random_search,9,20280433,3,1188,23.724,23.724,0.012444036275972903,21.556,195.776
x264,random_search,9,20280433,4,2780,38.288,23.724,0.012444036275972903,21.556,195.776
x264,random_search,9,20280433,5,4516,30.682,23.724,0.012444036275972903,21.556,195.776
x264,random_search,9,20280433,6,670,98.544,23.724,0.012444036275972903,21.556,195.776
x264,random_search,9,20280433,7,4249,86.836,23.724,0.012444036275972903,21.556,195.776
x264,random_search,9,20280433,8,4227,32.19,23.724,0.012444036275972903,21.556,195.776
x264,random_search,9,20280433,9,2401,93.932,23.724,0.012444036275972903,21.556,195.776
x264,random_search,9,20280433,10,4091,61.738,23.724,0.012444036275972903,21.556,195.776
x264,random_search,9,20280433,11,2785,84.592,23.724,0.012444036275972903,21.556,195.776
x264,random_search,9,20280433,12,3078,62.566,23.724,0.012444036275972903,21.556,195.776
x264,random_search,9,20280433,13,4270,97.454,23.724,0.012444036275972903,21.556,195.776
x264,random_search,9,20280433,14,1956,23.114,23.114,0.00894271610607278,21.556,195.776
x264,random_search,9,20280433,15,1708,32.518,23.114,0.00894271610607278,21.556,195.776
x264,random_search,9,20280433,16,1689,158.828,23.114,0.00894271610607278,21.556,195.776
x264,random_search,9,20280433,17,4290,69.718,23.114,0.00894271610607278,21.556,195.776
x264,random_search,9,20280433,18,1285,88.836,23.114,0.00894271610607278,21.556,195.776
x264,random_search,9,20280433,19,1291,51.006,23.114,0.00894271610607278,21.556,195.776
x264,random_search,9,20280433,20,3274,95.318,23.114,0.00894271610607278,21.556,195.776
x264,random_search,9,20280433,21,3095,59.496,23.114,0.00894271610607278,21.556,195.776
x264,random_search,9,20280433,22,4444,36.196,23.114,0.00894271610607278,21.556,195.776
x264,random_search,9,20280433,23,1410,66.294,23.114,0.00894271610607278,21.556,195.776
x264,random_search,9,20280433,24,1226,47.396,23.114,0.00894271610607278,21.556,195.776
x264,random_search,9,20280433,25,3600,23.72,23.114,0.00894271610607278,21.556,195.776
x264,random_search,9,20280433,26,3845,135.996,23.114,0.00894271610607278,21.556,195.776
x264,random_search,9,20280433,27,4402,96.284,23.114,0.00894271610607278,21.556,195.776
x264,random_search,9,20280433,28,1194,63.11,23.114,0.00894271610607278,21.556,195.776
x264,random_search,9,20280433,29,2794,74.952,23.114,0.00894271610607278,21.556,195.776
x264,random_search,9,20280433,30,3726,70.626,23.114,0.00894271610607278,21.556,195.776
x264,random_search,9,20280433,31,801,170.144,23.114,0.00894271610607278,21.556,195.776
x264,random_search,9,20280433,32,4496,39.592,23.114,0.00894271610607278,21.556,195.776
x264,random_search,9,20280433,33,2294,44.676,23.114,0.00894271610607278,21.556,195.776
x264,random_search,9,20280433,34,365,126.692,23.114,0.00894271610607278,21.556,195.776
x264,random_search,9,20280433,35,2885,124.938,23.114,0.00894271610607278,21.556,195.776
x264,random_search,9,20280433,36,727,41.106,23.114,0.00894271610607278,21.556,195.776
x264,random_search,9,20280433,37,1436,48.304,23.114,0.00894271610607278,21.556,195.776
x264,random_search,9,20280433,38,464,37.948,23.114,0.00894271610607278,21.556,195.776
x264,random_search,9,20280433,39,4383,33.754,23.114,0.00894271610607278,21.556,195.776
x264,random_search,9,20280433,40,3051,32.288,23.114,0.00894271610607278,21.556,195.776
x264,random_search,9,20280433,41,4570,88.724,23.114,0.00894271610607278,21.556,195.776
x264,random_search,9,20280433,42,583,43.39,23.114,0.00894271610607278,21.556,195.776
x264,random_search,9,20280433,43,1191,32.082,23.114,0.00894271610607278,21.556,195.776
x264,random_search,9,20280433,44,3691,50.812,23.114,0.00894271610607278,21.556,195.776
x264,random_search,9,20280433,45,2436,24.868,23.114,0.00894271610607278,21.556,195.776
x264,random_search,9,20280433,46,3212,40.908,23.114,0.00894271610607278,21.556,195.776
x264,random_search,9,20280433,47,1690,84.43,23.114,0.00894271610607278,21.556,195.776
x264,random_search,9,20280433,48,3660,25.768,23.114,0.00894271610607278,21.556,195.776
x264,random_search,9,20280433,49,2021,113.49,23.114,0.00894271610607278,21.556,195.776
x264,random_search,9,20280433,50,332,38.922,23.114,0.00894271610607278,21.556,195.776
x264,rf_smbo,9,20280433,1,1868,50.236,50.236,0.16461944667661577,21.556,195.776
x264,rf_smbo,9,20280433,2,1536,23.782,23.782,0.012776948685569963,21.556,195.776
x264,rf_smbo,9,20280433,3,0,23.546,23.546,0.01142233957065778,21.556,195.776
x264,rf_smbo,9,20280433,4,1209,158.678,23.546,0.01142233957065778,21.556,195.776
x264,rf_smbo,9,20280433,5,4302,70.284,23.546,0.01142233957065778,21.556,195.776
x264,rf_smbo,9,20280433,6,312,23.326,23.326,0.010159568361841348,21.556,195.776
x264,rf_smbo,9,20280433,7,456,23.162,23.162,0.009218229824359993,21.556,195.776
x264,rf_smbo,9,20280433,8,24,23.416,23.162,0.009218229824359993,21.556,195.776
x264,rf_smbo,9,20280433,9,444,22.452,22.452,0.005142922741361501,21.556,195.776
x264,rf_smbo,9,20280433,10,2748,23.982,22.452,0.005142922741361501,21.556,195.776
x264,rf_smbo,9,20280433,11,1036,29.14,22.452,0.005142922741361501,21.556,195.776
x264,rf_smbo,9,20280433,12,2,46.012,22.452,0.005142922741361501,21.556,195.776
x264,rf_smbo,9,20280433,13,304,30.12,22.452,0.005142922741361501,21.556,195.776
x264,rf_smbo,9,20280433,14,1608,23.624,22.452,0.005142922741361501,21.556,195.776
x264,rf_smbo,9,20280433,15,3912,24.672,22.452,0.005142922741361501,21.556,195.776
x264,rf_smbo,9,20280433,16,528,23.204,22.452,0.005142922741361501,21.556,195.776
x264,rf_smbo,9,20280433,17,466,72.318,22.452,0.005142922741361501,21.556,195.776
x264,rf_smbo,9,20280433,18,492,23.35,22.452,0.005142922741361501,21.556,195.776
x264,rf_smbo,9,20280433,19,2796,24.542,22.452,0.005142922741361501,21.556,195.776
x264,rf_smbo,9,20280433,20,1644,23.552,22.452,0.005142922741361501,21.556,195.776
x264,rf_smbo,9,20280433,21,480,22.854,22.452,0.005142922741361501,21.556,195.776
x264,rf_smbo,9,20280433,22,1632,23.096,22.452,0.005142922741361501,21.556,195.776
x264,rf_smbo,9,20280433,23,1344,23.338,22.452,0.005142922741361501,21.556,195.776
x264,rf_smbo,9,20280433,24,192,23.092,22.452,0.005142922741361501,21.556,195.776
x264,rf_smbo,9,20280433,25,1596,23.018,22.452,0.005142922741361501,21.556,195.776
x264,rf_smbo,9,20280433,26,552,22.626,22.452,0.005142922741361501,21.556,195.776
x264,rf_smbo,9,20280433,27,1488,23.71,22.452,0.005142922741361501,21.556,195.776
x264,rf_smbo,9,20280433,28,264,22.59,22.452,0.005142922741361501,21.556,195.776
x264,rf_smbo,9,20280433,29,556,32.114,22.452,0.005142922741361501,21.556,195.776
x264,rf_smbo,9,20280433,30,468,21.698,21.698,0.0008150614165996985,21.556,195.776
x264,rf_smbo,9,20280433,31,1056,22.394,21.698,0.0008150614165996985,21.556,195.776
x264,rf_smbo,9,20280433,32,1020,22.29,21.698,0.0008150614165996985,21.556,195.776
x264,rf_smbo,9,20280433,33,624,23.194,21.698,0.0008150614165996985,21.556,195.776
x264,rf_smbo,9,20280433,34,1128,22.312,21.698,0.0008150614165996985,21.556,195.776
x264,rf_smbo,9,20280433,35,768,22.554,21.698,0.0008150614165996985,21.556,195.776
x264,rf_smbo,9,20280433,36,1044,21.556,21.556,0.0,21.556,195.776
x264,rf_smbo,9,20280433,37,1116,21.636,21.556,0.0,21.556,195.776
x264,rf_smbo,9,20280433,38,1080,21.694,21.556,0.0,21.556,195.776
x264,rf_smbo,9,20280433,39,828,22.018,21.556,0.0,21.556,195.776
x264,rf_smbo,9,20280433,40,1008,21.586,21.556,0.0,21.556,195.776
x264,rf_smbo,9,20280433,41,720,21.772,21.556,0.0,21.556,195.776
x264,rf_smbo,9,20280433,42,2268,22.312,21.556,0.0,21.556,195.776
x264,rf_smbo,9,20280433,43,872,39.044,21.556,0.0,21.556,195.776
x264,rf_smbo,9,20280433,44,2016,23.768,21.556,0.0,21.556,195.776
x264,rf_smbo,9,20280433,45,3312,23.266,21.556,0.0,21.556,195.776
x264,rf_smbo,9,20280433,46,756,79.142,21.556,0.0,21.556,195.776
x264,rf_smbo,9,20280433,47,2269,80.742,21.556,0.0,21.556,195.776
x264,rf_smbo,9,20280433,48,193,80.156,21.556,0.0,21.556,195.776
x264,rf_smbo,9,20280433,49,165,150.036,21.556,0.0,21.556,195.776
x264,rf_smbo,9,20280433,50,1318,81.36,21.556,0.0,21.556,195.776
x264,random_search,10,20280434,1,3227,54.898,54.898,0.1913787165652623,21.556,195.776
x264,random_search,10,20280434,2,3425,120.584,54.898,0.1913787165652623,21.556,195.776
x264,random_search,10,20280434,3,3469,95.354,54.898,0.1913787165652623,21.556,195.776
x264,random_search,10,20280434,4,1414,92.544,54.898,0.1913787165652623,21.556,195.776
x264,random_search,10,20280434,5,2941,93.288,54.898,0.1913787165652623,21.556,195.776
x264,random_search,10,20280434,6,4041,165.52,54.898,0.1913787165652623,21.556,195.776
x264,random_search,10,20280434,7,3906,58.406,54.898,0.1913787165652623,21.556,195.776
x264,random_search,10,20280434,8,394,91.022,54.898,0.1913787165652623,21.556,195.776
x264,random_search,10,20280434,9,3374,45.766,45.766,0.13896223166111812,21.556,195.776
x264,random_search,10,20280434,10,4390,80.47,45.766,0.13896223166111812,21.556,195.776
x264,random_search,10,20280434,11,1352,41.782,41.782,0.11609459304327858,21.556,195.776
x264,random_search,10,20280434,12,2539,49.88,41.782,0.11609459304327858,21.556,195.776
x264,random_search,10,20280434,13,4112,53.136,41.782,0.11609459304327858,21.556,195.776
x264,random_search,10,20280434,14,974,45.512,41.782,0.11609459304327858,21.556,195.776
x264,random_search,10,20280434,15,312,23.326,23.326,0.010159568361841348,21.556,195.776
x264,random_search,10,20280434,16,2429,140.008,23.326,0.010159568361841348,21.556,195.776
x264,random_search,10,20280434,17,1394,44.472,23.326,0.010159568361841348,21.556,195.776
x264,random_search,10,20280434,18,1273,88.866,23.326,0.010159568361841348,21.556,195.776
x264,random_search,10,20280434,19,195,29.806,23.326,0.010159568361841348,21.556,195.776
x264,random_search,10,20280434,20,1679,58.692,23.326,0.010159568361841348,21.556,195.776
x264,random_search,10,20280434,21,1889,112.63,23.326,0.010159568361841348,21.556,195.776
x264,random_search,10,20280434,22,3901,86.128,23.326,0.010159568361841348,21.556,195.776
x264,random_search,10,20280434,23,276,23.282,23.282,0.009907014120078057,21.556,195.776
x264,random_search,10,20280434,24,1013,102.73,23.282,0.009907014120078057,21.556,195.776
x264,random_search,10,20280434,25,4450,96.118,23.282,0.009907014120078057,21.556,195.776
x264,random_search,10,20280434,26,956,46.19,23.282,0.009907014120078057,21.556,195.776
x264,random_search,10,20280434,27,3772,31.996,23.282,0.009907014120078057,21.556,195.776
x264,random_search,10,20280434,28,2375,61.528,23.282,0.009907014120078057,21.556,195.776
x264,random_search,10,20280434,29,874,76.606,23.282,0.009907014120078057,21.556,195.776
x264,random_search,10,20280434,30,596,42.696,23.282,0.009907014120078057,21.556,195.776
x264,random_search,10,20280434,31,3382,75.59,23.282,0.009907014120078057,21.556,195.776
x264,random_search,10,20280434,32,3705,182.676,23.282,0.009907014120078057,21.556,195.776
x264,random_search,10,20280434,33,103,50.268,23.282,0.009907014120078057,21.556,195.776
x264,random_search,10,20280434,34,1431,31.134,23.282,0.009907014120078057,21.556,195.776
x264,random_search,10,20280434,35,2906,49.914,23.282,0.009907014120078057,21.556,195.776
x264,random_search,10,20280434,36,4333,94.644,23.282,0.009907014120078057,21.556,195.776
x264,random_search,10,20280434,37,2968,38.174,23.282,0.009907014120078057,21.556,195.776
x264,random_search,10,20280434,38,6,62.598,23.282,0.009907014120078057,21.556,195.776
x264,random_search,10,20280434,39,4396,36.406,23.282,0.009907014120078057,21.556,195.776
x264,random_search,10,20280434,40,2377,94.132,23.282,0.009907014120078057,21.556,195.776
x264,random_search,10,20280434,41,1348,30.974,23.282,0.009907014120078057,21.556,195.776
x264,random_search,10,20280434,42,664,36.126,23.282,0.009907014120078057,21.556,195.776
x264,random_search,10,20280434,43,2334,66.036,23.282,0.009907014120078057,21.556,195.776
x264,random_search,10,20280434,44,4460,49.134,23.282,0.009907014120078057,21.556,195.776
x264,random_search,10,20280434,45,390,67.028,23.282,0.009907014120078057,21.556,195.776
x264,random_search,10,20280434,46,3487,46.22,23.282,0.009907014120078057,21.556,195.776
x264,random_search,10,20280434,47,1821,185.572,23.282,0.009907014120078057,21.556,195.776
x264,random_search,10,20280434,48,4050,66.488,23.282,0.009907014120078057,21.556,195.776
x264,random_search,10,20280434,49,2805,142.316,23.282,0.009907014120078057,21.556,195.776
x264,random_search,10,20280434,50,2079,31.772,23.282,0.009907014120078057,21.556,195.776
x264,rf_smbo,10,20280434,1,1181,119.64,119.64,0.5629893238434164,21.556,195.776
x264,rf_smbo,10,20280434,2,1129,78.842,78.842,0.32881414303753875,21.556,195.776
x264,rf_smbo,10,20280434,3,3741,182.092,78.842,0.32881414303753875,21.556,195.776
x264,rf_smbo,10,20280434,4,4381,93.868,78.842,0.32881414303753875,21.556,195.776
x264,rf_smbo,10,20280434,5,3223,42.884,42.884,0.12241992882562278,21.556,195.776
x264,rf_smbo,10,20280434,6,4602,66.246,42.884,0.12241992882562278,21.556,195.776
x264,rf_smbo,10,20280434,7,3259,50.438,42.884,0.12241992882562278,21.556,195.776
x264,rf_smbo,10,20280434,8,3244,36.242,36.242,0.08429571805762827,21.556,195.776
x264,rf_smbo,10,20280434,9,2095,46.942,36.242,0.08429571805762827,21.556,195.776
x264,rf_smbo,10,20280434,10,2960,52.726,36.242,0.08429571805762827,21.556,195.776
x264,rf_smbo,10,20280434,11,2956,38.012,36.242,0.08429571805762827,21.556,195.776
x264,rf_smbo,10,20280434,12,2888,44.608,36.242,0.08429571805762827,21.556,195.776
x264,rf_smbo,10,20280434,13,3316,29.65,29.65,0.046458500746182976,21.556,195.776
x264,rf_smbo,10,20280434,14,3312,23.266,23.266,0.009815176213982306,21.556,195.776
x264,rf_smbo,10,20280434,15,4468,29.656,23.266,0.009815176213982306,21.556,195.776
x264,rf_smbo,10,20280434,16,4464,23.488,23.266,0.009815176213982306,21.556,195.776
x264,rf_smbo,10,20280434,17,3336,24.466,23.266,0.009815176213982306,21.556,195.776
x264,rf_smbo,10,20280434,18,1032,23.048,23.048,0.008563884743427834,21.556,195.776
x264,rf_smbo,10,20280434,19,4488,24.79,23.048,0.008563884743427834,21.556,195.776
x264,rf_smbo,10,20280434,20,3036,24.478,23.048,0.008563884743427834,21.556,195.776
x264,rf_smbo,10,20280434,21,1068,23.06,23.048,0.008563884743427834,21.556,195.776
x264,rf_smbo,10,20280434,22,2462,45.902,23.048,0.008563884743427834,21.556,195.776
x264,rf_smbo,10,20280434,23,456,23.162,23.048,0.008563884743427834,21.556,195.776
x264,rf_smbo,10,20280434,24,2220,23.552,23.048,0.008563884743427834,21.556,195.776
x264,rf_smbo,10,20280434,25,492,23.35,23.048,0.008563884743427834,21.556,195.776
x264,rf_smbo,10,20280434,26,1322,44.476,23.048,0.008563884743427834,21.556,195.776
x264,rf_smbo,10,20280434,27,444,22.452,22.452,0.005142922741361501,21.556,195.776
x264,rf_smbo,10,20280434,28,480,22.854,22.452,0.005142922741361501,21.556,195.776
x264,rf_smbo,10,20280434,29,1092,22.34,22.34,0.004500057398691304,21.556,195.776
x264,rf_smbo,10,20280434,30,516,22.476,22.34,0.004500057398691304,21.556,195.776
x264,rf_smbo,10,20280434,31,552,22.626,22.34,0.004500057398691304,21.556,195.776
x264,rf_smbo,10,20280434,32,228,22.816,22.34,0.004500057398691304,21.556,195.776
x264,rf_smbo,10,20280434,33,804,22.486,22.34,0.004500057398691304,21.556,195.776
x264,rf_smbo,10,20280434,34,2244,22.878,22.34,0.004500057398691304,21.556,195.776
x264,rf_smbo,10,20280434,35,840,22.842,22.34,0.004500057398691304,21.556,195.776
x264,rf_smbo,10,20280434,36,732,22.432,22.34,0.004500057398691304,21.556,195.776
x264,rf_smbo,10,20280434,37,504,21.65,21.65,0.000539547698312465,21.556,195.776
x264,rf_smbo,10,20280434,38,216,21.714,21.65,0.000539547698312465,21.556,195.776
x264,rf_smbo,10,20280434,39,144,21.906,21.65,0.000539547698312465,21.556,195.776
x264,rf_smbo,10,20280434,40,252,21.942,21.65,0.000539547698312465,21.556,195.776
x264,rf_smbo,10,20280434,41,1368,22.496,21.65,0.000539547698312465,21.556,195.776
x264,rf_smbo,10,20280434,42,816,23.216,21.65,0.000539547698312465,21.556,195.776
x264,rf_smbo,10,20280434,43,440,36.92,21.65,0.000539547698312465,21.556,195.776
x264,rf_smbo,10,20280434,44,1404,22.746,21.65,0.000539547698312465,21.556,195.776
x264,rf_smbo,10,20280434,45,2533,85.752,21.65,0.000539547698312465,21.556,195.776
x264,rf_smbo,10,20280434,46,432,21.97,21.65,0.000539547698312465,21.556,195.776
x264,rf_smbo,10,20280434,47,1656,22.172,21.65,0.000539547698312465,21.556,195.776
x264,rf_smbo,10,20280434,48,1080,21.694,21.65,0.000539547698312465,21.556,195.776
x264,rf_smbo,10,20280434,49,1296,22.522,21.65,0.000539547698312465,21.556,195.776
x264,rf_smbo,10,20280434,50,720,21.772,21.65,0.000539547698312465,21.556,195.776
x264,random_search,11,20280435,1,2878,88.004,88.004,0.3814028240156125,21.556,195.776
x264,random_search,11,20280435,2,4147,54.174,54.174,0.18722305131443,21.556,195.776
x264,random_search,11,20280435,3,3236,40.81,40.81,0.11051544024796235,21.556,195.776
x264,random_search,11,20280435,4,1860,23.534,23.534,0.011353461141085971,21.556,195.776
x264,random_search,11,20280435,5,1560,23.362,23.362,0.010366203650556752,21.556,195.776
x264,random_search,11,20280435,6,2118,67.754,23.362,0.010366203650556752,21.556,195.776
x264,random_search,11,20280435,7,3274,95.318,23.362,0.010366203650556752,21.556,195.776
x264,random_search,11,20280435,8,3833,135.978,23.362,0.010366203650556752,21.556,195.776
x264,random_search,11,20280435,9,1589,104.452,23.362,0.010366203650556752,21.556,195.776
x264,random_search,11,20280435,10,448,28.67,23.362,0.010366203650556752,21.556,195.776
x264,random_search,11,20280435,11,3024,23.386,23.362,0.010366203650556752,21.556,195.776
x264,random_search,11,20280435,12,98,46.38,23.362,0.010366203650556752,21.556,195.776
x264,random_search,11,20280435,13,1036,29.14,23.362,0.010366203650556752,21.556,195.776
x264,random_search,11,20280435,14,3474,66.43,23.362,0.010366203650556752,21.556,195.776
x264,random_search,11,20280435,15,143,71.242,23.362,0.010366203650556752,21.556,195.776
x264,random_search,11,20280435,16,1958,44.536,23.362,0.010366203650556752,21.556,195.776
x264,random_search,11,20280435,17,2346,66.038,23.362,0.010366203650556752,21.556,195.776
x264,random_search,11,20280435,18,3894,57.792,23.362,0.010366203650556752,21.556,195.776
x264,random_search,11,20280435,19,3116,49.37,23.362,0.010366203650556752,21.556,195.776
x264,random_search,11,20280435,20,3568,38.636,23.362,0.010366203650556752,21.556,195.776
x264,random_search,11,20280435,21,2293,81.656,23.362,0.010366203650556752,21.556,195.776
x264,random_search,11,20280435,22,1520,46.988,23.362,0.010366203650556752,21.556,195.776
x264,random_search,11,20280435,23,1101,155.83,23.362,0.010366203650556752,21.556,195.776
x264,random_search,11,20280435,24,410,45.708,23.362,0.010366203650556752,21.556,195.776
x264,random_search,11,20280435,25,1862,46.92,23.362,0.010366203650556752,21.556,195.776
x264,random_search,11,20280435,26,1367,57.88,23.362,0.010366203650556752,21.556,195.776
x264,random_search,11,20280435,27,983,63.108,23.362,0.010366203650556752,21.556,195.776
x264,random_search,11,20280435,28,3968,45.482,23.362,0.010366203650556752,21.556,195.776
x264,random_search,11,20280435,29,3070,82.924,23.362,0.010366203650556752,21.556,195.776
x264,random_search,11,20280435,30,1922,44.11,23.362,0.010366203650556752,21.556,195.776
x264,random_search,11,20280435,31,2094,67.79,23.362,0.010366203650556752,21.556,195.776
x264,random_search,11,20280435,32,4106,50.448,23.362,0.010366203650556752,21.556,195.776
x264,random_search,11,20280435,33,4576,33.69,23.362,0.010366203650556752,21.556,195.776
x264,random_search,11,20280435,34,2335,45.66,23.362,0.010366203650556752,21.556,195.776
x264,random_search,11,20280435,35,3105,177.688,23.362,0.010366203650556752,21.556,195.776
x264,random_search,11,20280435,36,2323,45.87,23.362,0.010366203650556752,21.556,195.776
x264,random_search,11,20280435,37,770,42.836,23.362,0.010366203650556752,21.556,195.776
x264,random_search,11,20280435,38,431,63.748,23.362,0.010366203650556752,21.556,195.776
x264,random_search,11,20280435,39,3481,95.482,23.362,0.010366203650556752,21.556,195.776
x264,random_search,11,20280435,40,25,87.206,23.362,0.010366203650556752,21.556,195.776
x264,random_search,11,20280435,41,1031,49.338,23.362,0.010366203650556752,21.556,195.776
x264,random_search,11,20280435,42,2051,52.7,23.362,0.010366203650556752,21.556,195.776
x264,random_search,11,20280435,43,3427,44.888,23.362,0.010366203650556752,21.556,195.776
x264,random_search,11,20280435,44,1178,47.492,23.362,0.010366203650556752,21.556,195.776
x264,random_search,11,20280435,45,4500,23.526,23.362,0.010366203650556752,21.556,195.776
x264,random_search,11,20280435,46,4493,110.28,23.362,0.010366203650556752,21.556,195.776
x264,random_search,11,20280435,47,881,111.882,23.362,0.010366203650556752,21.556,195.776
x264,random_search,11,20280435,48,439,37.18,23.362,0.010366203650556752,21.556,195.776
x264,random_search,11,20280435,49,2468,42.996,23.362,0.010366203650556752,21.556,195.776
x264,random_search,11,20280435,50,955,46.254,23.362,0.010366203650556752,21.556,195.776
x264,rf_smbo,11,20280435,1,2334,66.036,66.036,0.25530937894616007,21.556,195.776
x264,rf_smbo,11,20280435,2,1476,23.582,23.582,0.011628974859373205,21.556,195.776
x264,rf_smbo,11,20280435,3,491,49.85,23.582,0.011628974859373205,21.556,195.776
x264,rf_smbo,11,20280435,4,1750,85.074,23.582,0.011628974859373205,21.556,195.776
x264,rf_smbo,11,20280435,5,3287,66.658,23.582,0.011628974859373205,21.556,195.776
x264,rf_smbo,11,20280435,6,2434,103.458,23.582,0.011628974859373205,21.556,195.776
x264,rf_smbo,11,20280435,7,327,30.814,23.582,0.011628974859373205,21.556,195.776
x264,rf_smbo,11,20280435,8,324,23.212,23.212,0.009505223280909188,21.556,195.776
x264,rf_smbo,11,20280435,9,288,23.278,23.212,0.009505223280909188,21.556,195.776
x264,rf_smbo,11,20280435,10,516,22.476,22.476,0.005280679600505098,21.556,195.776
x264,rf_smbo,11,20280435,11,864,23.586,22.476,0.005280679600505098,21.556,195.776
x264,rf_smbo,11,20280435,12,3960,23.358,22.476,0.005280679600505098,21.556,195.776
x264,rf_smbo,11,20280435,13,1224,24.092,22.476,0.005280679600505098,21.556,195.776
x264,rf_smbo,11,20280435,14,2520,23.206,22.476,0.005280679600505098,21.556,195.776
x264,rf_smbo,11,20280435,15,4536,23.38,22.476,0.005280679600505098,21.556,195.776
x264,rf_smbo,11,20280435,16,216,21.714,21.714,0.0009068993226954294,21.556,195.776
x264,rf_smbo,11,20280435,17,1092,22.34,21.714,0.0009068993226954294,21.556,195.776
x264,rf_smbo,11,20280435,18,240,23.334,21.714,0.0009068993226954294,21.556,195.776
x264,rf_smbo,11,20280435,19,804,22.486,21.714,0.0009068993226954294,21.556,195.776
x264,rf_smbo,11,20280435,20,3120,24.55,21.714,0.0009068993226954294,21.556,195.776
x264,rf_smbo,11,20280435,21,528,23.204,21.714,0.0009068993226954294,21.556,195.776
x264,rf_smbo,11,20280435,22,156,22.664,21.714,0.0009068993226954294,21.556,195.776
x264,rf_smbo,11,20280435,23,816,23.216,21.714,0.0009068993226954294,21.556,195.776
x264,rf_smbo,11,20280435,24,231,29.398,21.714,0.0009068993226954294,21.556,195.776
x264,rf_smbo,11,20280435,25,828,22.018,21.714,0.0009068993226954294,21.556,195.776
x264,rf_smbo,11,20280435,26,252,21.942,21.714,0.0009068993226954294,21.556,195.776
x264,rf_smbo,11,20280435,27,260,46.726,21.714,0.0009068993226954294,21.556,195.776
x264,rf_smbo,11,20280435,28,1944,22.646,21.714,0.0009068993226954294,21.556,195.776
x264,rf_smbo,11,20280435,29,756,79.142,21.714,0.0009068993226954294,21.556,195.776
x264,rf_smbo,11,20280435,30,792,21.758,21.714,0.0009068993226954294,21.556,195.776
x264,rf_smbo,11,20280435,31,795,29.104,21.714,0.0009068993226954294,21.556,195.776
x264,rf_smbo,11,20280435,32,1080,21.694,21.694,0.0007921019400757555,21.556,195.776
x264,rf_smbo,11,20280435,33,144,21.906,21.694,0.0007921019400757555,21.556,195.776
x264,rf_smbo,11,20280435,34,2664,24.98,21.694,0.0007921019400757555,21.556,195.776
x264,rf_smbo,11,20280435,35,432,21.97,21.694,0.0007921019400757555,21.556,195.776
x264,rf_smbo,11,20280435,36,1296,22.522,21.694,0.0007921019400757555,21.556,195.776
x264,rf_smbo,11,20280435,37,1008,21.586,21.586,0.00017219607392950054,21.556,195.776
x264,rf_smbo,11,20280435,38,720,21.772,21.586,0.00017219607392950054,21.556,195.776
x264,rf_smbo,11,20280435,39,1872,22.622,21.586,0.00017219607392950054,21.556,195.776
x264,rf_smbo,11,20280435,40,504,21.65,21.586,0.00017219607392950054,21.556,195.776
x264,rf_smbo,11,20280435,41,1656,22.172,21.586,0.00017219607392950054,21.556,195.776
x264,rf_smbo,11,20280435,42,76,36.032,21.586,0.00017219607392950054,21.556,195.776
x264,rf_smbo,11,20280435,43,2160,22.248,21.586,0.00017219607392950054,21.556,195.776
x264,rf_smbo,11,20280435,44,1020,22.29,21.586,0.00017219607392950054,21.556,195.776
x264,rf_smbo,11,20280435,45,723,29.188,21.586,0.00017219607392950054,21.556,195.776
x264,rf_smbo,11,20280435,46,732,22.432,21.586,0.00017219607392950054,21.556,195.776
x264,rf_smbo,11,20280435,47,2714,49.042,21.586,0.00017219607392950054,21.556,195.776
x264,rf_smbo,11,20280435,48,2448,23.536,21.586,0.00017219607392950054,21.556,195.776
x264,rf_smbo,11,20280435,49,1884,23.184,21.586,0.00017219607392950054,21.556,195.776
x264,rf_smbo,11,20280435,50,2232,22.254,21.586,0.00017219607392950054,21.556,195.776
x264,random_search,12,20280436,1,4527,32.4,32.4,0.06224314085638846,21.556,195.776
x264,random_search,12,20280436,2,2545,86.296,32.4,0.06224314085638846,21.556,195.776
x264,random_search,12,20280436,3,3335,51.67,32.4,0.06224314085638846,21.556,195.776
x264,random_search,12,20280436,4,2133,173.056,32.4,0.06224314085638846,21.556,195.776
x264,random_search,12,20280436,5,2804,39.568,32.4,0.06224314085638846,21.556,195.776
x264,random_search,12,20280436,6,3960,23.358,23.358,0.01034324417403283,21.556,195.776
x264,random_search,12,20280436,7,2759,51.492,23.358,0.01034324417403283,21.556,195.776
x264,random_search,12,20280436,8,1846,99.52,23.358,0.01034324417403283,21.556,195.776
x264,random_search,12,20280436,9,1315,41.978,23.358,0.01034324417403283,21.556,195.776
x264,random_search,12,20280436,10,1364,42.596,23.358,0.01034324417403283,21.556,195.776
x264,random_search,12,20280436,11,1820,50.81,23.358,0.01034324417403283,21.556,195.776
x264,random_search,12,20280436,12,4248,23.632,23.358,0.01034324417403283,21.556,195.776
x264,random_search,12,20280436,13,190,79.818,23.358,0.01034324417403283,21.556,195.776
x264,random_search,12,20280436,14,1605,137.48,23.358,0.01034324417403283,21.556,195.776
x264,random_search,12,20280436,15,1288,36.124,23.358,0.01034324417403283,21.556,195.776
x264,random_search,12,20280436,16,2921,124.142,23.358,0.01034324417403283,21.556,195.776
x264,random_search,12,20280436,17,3422,44.62,23.358,0.01034324417403283,21.556,195.776
x264,random_search,12,20280436,18,3907,40.146,23.358,0.01034324417403283,21.556,195.776
x264,random_search,12,20280436,19,3658,83.692,23.358,0.01034324417403283,21.556,195.776
x264,random_search,12,20280436,20,2020,30.422,23.358,0.01034324417403283,21.556,195.776
x264,random_search,12,20280436,21,1856,50.338,23.358,0.01034324417403283,21.556,195.776
x264,random_search,12,20280436,22,1032,23.048,23.048,0.008563884743427834,21.556,195.776
x264,random_search,12,20280436,23,4046,50.514,23.048,0.008563884743427834,21.556,195.776
x264,random_search,12,20280436,24,1923,30.398,23.048,0.008563884743427834,21.556,195.776
x264,random_search,12,20280436,25,626,46.172,23.048,0.008563884743427834,21.556,195.776
x264,random_search,12,20280436,26,4582,87.874,23.048,0.008563884743427834,21.556,195.776
x264,random_search,12,20280436,27,2661,152.516,23.048,0.008563884743427834,21.556,195.776
x264,random_search,12,20280436,28,3549,195.776,23.048,0.008563884743427834,21.556,195.776
x264,random_search,12,20280436,29,3385,83.758,23.048,0.008563884743427834,21.556,195.776
x264,random_search,12,20280436,30,3965,123.054,23.048,0.008563884743427834,21.556,195.776
x264,random_search,12,20280436,31,1855,50.954,23.048,0.008563884743427834,21.556,195.776
x264,random_search,12,20280436,32,3387,31.018,23.048,0.008563884743427834,21.556,195.776
x264,random_search,12,20280436,33,1266,71.572,23.048,0.008563884743427834,21.556,195.776
x264,random_search,12,20280436,34,2583,32.308,23.048,0.008563884743427834,21.556,195.776
x264,random_search,12,20280436,35,970,90.614,23.048,0.008563884743427834,21.556,195.776
x264,random_search,12,20280436,36,3748,31.966,23.048,0.008563884743427834,21.556,195.776
x264,random_search,12,20280436,37,637,86.656,23.048,0.008563884743427834,21.556,195.776
x264,random_search,12,20280436,38,4340,41.044,23.048,0.008563884743427834,21.556,195.776
x264,random_search,12,20280436,39,2780,38.288,23.048,0.008563884743427834,21.556,195.776
x264,random_search,12,20280436,40,532,32.95,23.048,0.008563884743427834,21.556,195.776
x264,random_search,12,20280436,41,1201,88.966,23.048,0.008563884743427834,21.556,195.776
x264,random_search,12,20280436,42,880,29.914,23.048,0.008563884743427834,21.556,195.776
x264,random_search,12,20280436,43,1783,43.864,23.048,0.008563884743427834,21.556,195.776
x264,random_search,12,20280436,44,952,33.836,23.048,0.008563884743427834,21.556,195.776
x264,random_search,12,20280436,45,3892,29.52,23.048,0.008563884743427834,21.556,195.776
x264,random_search,12,20280436,46,1557,173.828,23.048,0.008563884743427834,21.556,195.776
x264,random_search,12,20280436,47,969,171.85,23.048,0.008563884743427834,21.556,195.776
x264,random_search,12,20280436,48,3279,33.398,23.048,0.008563884743427834,21.556,195.776
x264,random_search,12,20280436,49,387,31.054,23.048,0.008563884743427834,21.556,195.776
x264,random_search,12,20280436,50,838,91.266,23.048,0.008563884743427834,21.556,195.776
x264,rf_smbo,12,20280436,1,798,65.046,65.046,0.2496269085064861,21.556,195.776
x264,rf_smbo,12,20280436,2,710,45.972,45.972,0.1401446447021008,21.556,195.776
x264,rf_smbo,12,20280436,3,1614,56.402,45.972,0.1401446447021008,21.556,195.776
x264,rf_smbo,12,20280436,4,3256,36.338,36.338,0.08484674549420274,21.556,195.776
x264,rf_smbo,12,20280436,5,3901,86.128,36.338,0.08484674549420274,21.556,195.776
x264,rf_smbo,12,20280436,6,2989,93.512,36.338,0.08484674549420274,21.556,195.776
x264,rf_smbo,12,20280436,7,966,66.712,36.338,0.08484674549420274,21.556,195.776
x264,rf_smbo,12,20280436,8,958,90.64,36.338,0.08484674549420274,21.556,195.776
x264,rf_smbo,12,20280436,9,2980,38.194,36.338,0.08484674549420274,21.556,195.776
x264,rf_smbo,12,20280436,10,4128,25.474,25.474,0.022488807255194577,21.556,195.776
x264,rf_smbo,12,20280436,11,2436,24.868,24.868,0.019010446561818377,21.556,195.776
x264,rf_smbo,12,20280436,12,4056,25.33,24.868,0.019010446561818377,21.556,195.776
x264,rf_smbo,12,20280436,13,4236,25.058,24.868,0.019010446561818377,21.556,195.776
x264,rf_smbo,12,20280436,14,4524,25.014,24.868,0.019010446561818377,21.556,195.776
x264,rf_smbo,12,20280436,15,4080,25.284,24.868,0.019010446561818377,21.556,195.776
x264,rf_smbo,12,20280436,16,3492,25.096,24.868,0.019010446561818377,21.556,195.776
x264,rf_smbo,12,20280436,17,3648,24.594,24.594,0.017437722419928827,21.556,195.776
x264,rf_smbo,12,20280436,18,3636,23.818,23.818,0.012983583974285388,21.556,195.776
x264,rf_smbo,12,20280436,19,3495,34.008,23.818,0.012983583974285388,21.556,195.776
x264,rf_smbo,12,20280436,20,1356,24.142,23.818,0.012983583974285388,21.556,195.776
x264,rf_smbo,12,20280436,21,4443,33.74,23.818,0.012983583974285388,21.556,195.776
x264,rf_smbo,12,20280436,22,1344,23.338,23.338,0.010228446791413156,21.556,195.776
x264,rf_smbo,12,20280436,23,1308,23.338,23.338,0.010228446791413156,21.556,195.776
x264,rf_smbo,12,20280436,24,192,23.092,23.092,0.008816438985191126,21.556,195.776
x264,rf_smbo,12,20280436,25,204,23.282,23.092,0.008816438985191126,21.556,195.776
x264,rf_smbo,12,20280436,26,3903,31.61,23.092,0.008816438985191126,21.556,195.776
x264,rf_smbo,12,20280436,27,156,22.664,22.664,0.006359774997130069,21.556,195.776
x264,rf_smbo,12,20280436,28,144,21.906,21.906,0.0020089541958443224,21.556,195.776
x264,rf_smbo,12,20280436,29,720,21.772,21.772,0.0012398117322924896,21.556,195.776
x264,rf_smbo,12,20280436,30,180,22.168,21.772,0.0012398117322924896,21.556,195.776
x264,rf_smbo,12,20280436,31,432,21.97,21.772,0.0012398117322924896,21.556,195.776
x264,rf_smbo,12,20280436,32,468,21.698,21.698,0.0008150614165996985,21.556,195.776
x264,rf_smbo,12,20280436,33,1008,21.586,21.586,0.00017219607392950054,21.556,195.776
x264,rf_smbo,12,20280436,34,3301,92.748,21.586,0.00017219607392950054,21.556,195.776
x264,rf_smbo,12,20280436,35,1044,21.556,21.556,0.0,21.556,195.776
x264,rf_smbo,12,20280436,36,900,22.996,21.556,0.0,21.556,195.776
x264,rf_smbo,12,20280436,37,864,23.586,21.556,0.0,21.556,195.776
x264,rf_smbo,12,20280436,38,756,79.142,21.556,0.0,21.556,195.776
x264,rf_smbo,12,20280436,39,1332,22.396,21.556,0.0,21.556,195.776
x264,rf_smbo,12,20280436,40,1620,22.138,21.556,0.0,21.556,195.776
x264,rf_smbo,12,20280436,41,152,40.79,21.556,0.0,21.556,195.776
x264,rf_smbo,12,20280436,42,540,21.678,21.556,0.0,21.556,195.776
x264,rf_smbo,12,20280436,43,252,21.942,21.556,0.0,21.556,195.776
x264,rf_smbo,12,20280436,44,579,31.336,21.556,0.0,21.556,195.776
x264,rf_smbo,12,20280436,45,2160,22.248,21.556,0.0,21.556,195.776
x264,rf_smbo,12,20280436,46,2196,22.452,21.556,0.0,21.556,195.776
x264,rf_smbo,12,20280436,47,1404,22.746,21.556,0.0,21.556,195.776
x264,rf_smbo,12,20280436,48,1080,21.694,21.556,0.0,21.556,195.776
x264,rf_smbo,12,20280436,49,1116,21.636,21.556,0.0,21.556,195.776
x264,rf_smbo,12,20280436,50,108,23.178,21.556,0.0,21.556,195.776
x264,random_search,13,20280437,1,1284,23.672,23.672,0.012145563081161747,21.556,195.776
x264,random_search,13,20280437,2,1313,112.362,23.672,0.012145563081161747,21.556,195.776
x264,random_search,13,20280437,3,291,31.218,23.672,0.012145563081161747,21.556,195.776
x264,random_search,13,20280437,4,1566,67.772,23.672,0.012145563081161747,21.556,195.776
x264,random_search,13,20280437,5,3085,85.952,23.672,0.012145563081161747,21.556,195.776
x264,random_search,13,20280437,6,1665,157.904,23.672,0.012145563081161747,21.556,195.776
x264,random_search,13,20280437,7,2643,33.232,23.672,0.012145563081161747,21.556,195.776
x264,random_search,13,20280437,8,3849,183.39,23.672,0.012145563081161747,21.556,195.776
x264,random_search,13,20280437,9,4595,62.234,23.672,0.012145563081161747,21.556,195.776
x264,random_search,13,20280437,10,3600,23.72,23.672,0.012145563081161747,21.556,195.776
x264,random_search,13,20280437,11,821,123.354,23.672,0.012145563081161747,21.556,195.776
x264,random_search,13,20280437,12,1088,42.36,23.672,0.012145563081161747,21.556,195.776
x264,random_search,13,20280437,13,2655,33.33,23.672,0.012145563081161747,21.556,195.776
x264,random_search,13,20280437,14,3717,181.038,23.672,0.012145563081161747,21.556,195.776
x264,random_search,13,20280437,15,270,65.834,23.672,0.012145563081161747,21.556,195.776
x264,random_search,13,20280437,16,2251,43.66,23.672,0.012145563081161747,21.556,195.776
x264,random_search,13,20280437,17,1710,62.452,23.672,0.012145563081161747,21.556,195.776
x264,random_search,13,20280437,18,2024,39.422,23.672,0.012145563081161747,21.556,195.776
x264,random_search,13,20280437,19,3957,142.864,23.672,0.012145563081161747,21.556,195.776
x264,random_search,13,20280437,20,2574,70.428,23.672,0.012145563081161747,21.556,195.776
x264,random_search,13,20280437,21,2659,42.34,23.672,0.012145563081161747,21.556,195.776
x264,random_search,13,20280437,22,4140,25.294,23.672,0.012145563081161747,21.556,195.776
x264,random_search,13,20280437,23,3605,117.018,23.672,0.012145563081161747,21.556,195.776
x264,random_search,13,20280437,24,3685,87.322,23.672,0.012145563081161747,21.556,195.776
x264,random_search,13,20280437,25,3127,50.168,23.672,0.012145563081161747,21.556,195.776
x264,random_search,13,20280437,26,4412,49.132,23.672,0.012145563081161747,21.556,195.776
x264,random_search,13,20280437,27,137,132.308,23.672,0.012145563081161747,21.556,195.776
x264,random_search,13,20280437,28,2620,31.544,23.672,0.012145563081161747,21.556,195.776
x264,random_search,13,20280437,29,4418,50.196,23.672,0.012145563081161747,21.556,195.776
x264,random_search,13,20280437,30,1212,24.49,23.672,0.012145563081161747,21.556,195.776
x264,random_search,13,20280437,31,4590,65.822,23.672,0.012145563081161747,21.556,195.776
x264,random_search,13,20280437,32,6,62.598,23.672,0.012145563081161747,21.556,195.776
x264,random_search,13,20280437,33,3961,85.67,23.672,0.012145563081161747,21.556,195.776
x264,random_search,13,20280437,34,483,29.288,23.672,0.012145563081161747,21.556,195.776
x264,random_search,13,20280437,35,4370,49.762,23.672,0.012145563081161747,21.556,195.776
x264,random_search,13,20280437,36,3312,23.266,23.266,0.009815176213982306,21.556,195.776
x264,random_search,13,20280437,37,3950,46.448,23.266,0.009815176213982306,21.556,195.776
x264,random_search,13,20280437,38,3287,66.658,23.266,0.009815176213982306,21.556,195.776
x264,random_search,13,20280437,39,2979,33.71,23.266,0.009815176213982306,21.556,195.776
x264,random_search,13,20280437,40,1254,71.572,23.266,0.009815176213982306,21.556,195.776
x264,random_search,13,20280437,41,271,47.138,23.266,0.009815176213982306,21.556,195.776
x264,random_search,13,20280437,42,2149,88.462,23.266,0.009815176213982306,21.556,195.776
x264,random_search,13,20280437,43,3244,36.242,23.266,0.009815176213982306,21.556,195.776
x264,random_search,13,20280437,44,4211,59.354,23.266,0.009815176213982306,21.556,195.776
x264,random_search,13,20280437,45,1113,156.34,23.266,0.009815176213982306,21.556,195.776
x264,random_search,13,20280437,46,4409,135.612,23.266,0.009815176213982306,21.556,195.776
x264,random_search,13,20280437,47,153,149.592,23.266,0.009815176213982306,21.556,195.776
x264,random_search,13,20280437,48,3609,156.43,23.266,0.009815176213982306,21.556,195.776
x264,random_search,13,20280437,49,2066,46.748,23.266,0.009815176213982306,21.556,195.776
x264,random_search,13,20280437,50,1582,91.822,23.266,0.009815176213982306,21.556,195.776
x264,rf_smbo,13,20280437,1,495,29.918,29.918,0.04799678567328664,21.556,195.776
x264,rf_smbo,13,20280437,2,2226,56.534,29.918,0.04799678567328664,21.556,195.776
x264,rf_smbo,13,20280437,3,1838,47.002,29.918,0.04799678567328664,21.556,195.776
x264,rf_smbo,13,20280437,4,2456,42.38,29.918,0.04799678567328664,21.556,195.776
x264,rf_smbo,13,20280437,5,3142,95.238,29.918,0.04799678567328664,21.556,195.776
x264,rf_smbo,13,20280437,6,3312,23.266,23.266,0.009815176213982306,21.556,195.776
x264,rf_smbo,13,20280437,7,2736,23.274,23.266,0.009815176213982306,21.556,195.776
x264,rf_smbo,13,20280437,8,2820,24.014,23.266,0.009815176213982306,21.556,195.776
x264,rf_smbo,13,20280437,9,2832,24.682,23.266,0.009815176213982306,21.556,195.776
x264,rf_smbo,13,20280437,10,2823,31.178,23.266,0.009815176213982306,21.556,195.776
x264,rf_smbo,13,20280437,11,2724,24.538,23.266,0.009815176213982306,21.556,195.776
x264,rf_smbo,13,20280437,12,2844,23.266,23.266,0.009815176213982306,21.556,195.776
x264,rf_smbo,13,20280437,13,2712,24.8,23.266,0.009815176213982306,21.556,195.776
x264,rf_smbo,13,20280437,14,2873,122.334,23.266,0.009815176213982306,21.556,195.776
x264,rf_smbo,13,20280437,15,3444,24.77,23.266,0.009815176213982306,21.556,195.776
x264,rf_smbo,13,20280437,16,3420,23.776,23.266,0.009815176213982306,21.556,195.776
x264,rf_smbo,13,20280437,17,3132,23.72,23.266,0.009815176213982306,21.556,195.776
x264,rf_smbo,13,20280437,18,4572,23.434,23.266,0.009815176213982306,21.556,195.776
x264,rf_smbo,13,20280437,19,4284,23.584,23.266,0.009815176213982306,21.556,195.776
x264,rf_smbo,13,20280437,20,4576,33.69,23.266,0.009815176213982306,21.556,195.776
x264,rf_smbo,13,20280437,21,396,23.666,23.266,0.009815176213982306,21.556,195.776
x264,rf_smbo,13,20280437,22,2629,92.812,23.266,0.009815176213982306,21.556,195.776
x264,rf_smbo,13,20280437,23,972,22.794,22.794,0.007105957984157959,21.556,195.776
x264,rf_smbo,13,20280437,24,3276,24.874,22.794,0.007105957984157959,21.556,195.776
x264,rf_smbo,13,20280437,25,3348,23.434,22.794,0.007105957984157959,21.556,195.776
x264,rf_smbo,13,20280437,26,828,22.018,22.018,0.0026518195385145204,21.556,195.776
x264,rf_smbo,13,20280437,27,252,21.942,21.942,0.002215589484559748,21.556,195.776
x264,rf_smbo,13,20280437,28,756,79.142,21.942,0.002215589484559748,21.556,195.776
x264,rf_smbo,13,20280437,29,540,21.678,21.678,0.0007002640339800247,21.556,195.776
x264,rf_smbo,13,20280437,30,548,42.882,21.678,0.0007002640339800247,21.556,195.776
x264,rf_smbo,13,20280437,31,420,23.244,21.678,0.0007002640339800247,21.556,195.776
x264,rf_smbo,13,20280437,32,1116,21.636,21.636,0.0004591895304786953,21.556,195.776
x264,rf_smbo,13,20280437,33,1119,28.612,21.636,0.0004591895304786953,21.556,195.776
x264,rf_smbo,13,20280437,34,504,21.65,21.636,0.0004591895304786953,21.556,195.776
x264,rf_smbo,13,20280437,35,996,22.99,21.636,0.0004591895304786953,21.556,195.776
x264,rf_smbo,13,20280437,36,516,22.476,21.636,0.0004591895304786953,21.556,195.776
x264,rf_smbo,13,20280437,37,1080,21.694,21.636,0.0004591895304786953,21.556,195.776
x264,rf_smbo,13,20280437,38,792,21.758,21.636,0.0004591895304786953,21.556,195.776
x264,rf_smbo,13,20280437,39,804,22.486,21.636,0.0004591895304786953,21.556,195.776
x264,rf_smbo,13,20280437,40,216,21.714,21.636,0.0004591895304786953,21.556,195.776
x264,rf_smbo,13,20280437,41,1104,22.982,21.636,0.0004591895304786953,21.556,195.776
x264,rf_smbo,13,20280437,42,1944,22.646,21.636,0.0004591895304786953,21.556,195.776
x264,rf_smbo,13,20280437,43,648,23.192,21.636,0.0004591895304786953,21.556,195.776
x264,rf_smbo,13,20280437,44,840,22.842,21.636,0.0004591895304786953,21.556,195.776
x264,rf_smbo,13,20280437,45,1980,23.034,21.636,0.0004591895304786953,21.556,195.776
x264,rf_smbo,13,20280437,46,1656,22.172,21.636,0.0004591895304786953,21.556,195.776
x264,rf_smbo,13,20280437,47,1404,22.746,21.636,0.0004591895304786953,21.556,195.776
x264,rf_smbo,13,20280437,48,264,22.59,21.636,0.0004591895304786953,21.556,195.776
x264,rf_smbo,13,20280437,49,1416,23.194,21.636,0.0004591895304786953,21.556,195.776
x264,rf_smbo,13,20280437,50,816,23.216,21.636,0.0004591895304786953,21.556,195.776
x264,random_search,14,20280438,1,2392,38.242,38.242,0.09577545631959589,21.556,195.776
x264,random_search,14,20280438,2,4551,31.756,31.756,0.058546665136034896,21.556,195.776
x264,random_search,14,20280438,3,3077,116.45,31.756,0.058546665136034896,21.556,195.776
x264,random_search,14,20280438,4,2253,157.648,31.756,0.058546665136034896,21.556,195.776
x264,random_search,14,20280438,5,3526,87.92,31.756,0.058546665136034896,21.556,195.776
x264,random_search,14,20280438,6,3777,153.388,31.756,0.058546665136034896,21.556,195.776
x264,random_search,14,20280438,7,3779,54.844,31.756,0.058546665136034896,21.556,195.776
x264,random_search,14,20280438,8,2499,31.782,31.756,0.058546665136034896,21.556,195.776
x264,random_search,14,20280438,9,266,42.712,31.756,0.058546665136034896,21.556,195.776
x264,random_search,14,20280438,10,4455,33.736,31.756,0.058546665136034896,21.556,195.776
x264,random_search,14,20280438,11,2106,67.808,31.756,0.058546665136034896,21.556,195.776
x264,random_search,14,20280438,12,2534,45.82,31.756,0.058546665136034896,21.556,195.776
x264,random_search,14,20280438,13,3085,85.952,31.756,0.058546665136034896,21.556,195.776
x264,random_search,14,20280438,14,2149,88.462,31.756,0.058546665136034896,21.556,195.776
x264,random_search,14,20280438,15,3049,86.044,31.756,0.058546665136034896,21.556,195.776
x264,random_search,14,20280438,16,4254,69.99,31.756,0.058546665136034896,21.556,195.776
x264,random_search,14,20280438,17,2220,23.552,23.552,0.011456778785443685,21.556,195.776
x264,random_search,14,20280438,18,1843,50.868,23.552,0.011456778785443685,21.556,195.776
x264,random_search,14,20280438,19,561,157.06,23.552,0.011456778785443685,21.556,195.776
x264,random_search,14,20280438,20,2239,43.0,23.552,0.011456778785443685,21.556,195.776
x264,random_search,14,20280438,21,374,46.092,23.552,0.011456778785443685,21.556,195.776
x264,random_search,14,20280438,22,1014,54.504,23.552,0.011456778785443685,21.556,195.776
x264,random_search,14,20280438,23,1681,81.778,23.552,0.011456778785443685,21.556,195.776
x264,random_search,14,20280438,24,1154,47.34,23.552,0.011456778785443685,21.556,195.776
x264,random_search,14,20280438,25,2200,28.516,23.552,0.011456778785443685,21.556,195.776
x264,random_search,14,20280438,26,2922,66.048,23.552,0.011456778785443685,21.556,195.776
x264,random_search,14,20280438,27,849,170.47,23.552,0.011456778785443685,21.556,195.776
x264,random_search,14,20280438,28,3338,45.668,23.552,0.011456778785443685,21.556,195.776
x264,random_search,14,20280438,29,1261,88.856,23.552,0.011456778785443685,21.556,195.776
x264,random_search,14,20280438,30,4042,88.19,23.552,0.011456778785443685,21.556,195.776
x264,random_search,14,20280438,31,255,29.174,23.552,0.011456778785443685,21.556,195.776
x264,random_search,14,20280438,32,1550,46.578,23.552,0.011456778785443685,21.556,195.776
x264,random_search,14,20280438,33,953,126.302,23.552,0.011456778785443685,21.556,195.776
x264,random_search,14,20280438,34,4028,46.72,23.552,0.011456778785443685,21.556,195.776
x264,random_search,14,20280438,35,398,46.912,23.552,0.011456778785443685,21.556,195.776
x264,random_search,14,20280438,36,713,131.904,23.552,0.011456778785443685,21.556,195.776
x264,random_search,14,20280438,37,4080,25.284,23.552,0.011456778785443685,21.556,195.776
x264,random_search,14,20280438,38,3398,45.592,23.552,0.011456778785443685,21.556,195.776
x264,random_search,14,20280438,39,1193,118.986,23.552,0.011456778785443685,21.556,195.776
x264,random_search,14,20280438,40,1049,102.938,23.552,0.011456778785443685,21.556,195.776
x264,random_search,14,20280438,41,1854,71.412,23.552,0.011456778785443685,21.556,195.776
x264,random_search,14,20280438,42,1527,31.584,23.552,0.011456778785443685,21.556,195.776
x264,random_search,14,20280438,43,533,115.692,23.552,0.011456778785443685,21.556,195.776
x264,random_search,14,20280438,44,1363,42.782,23.552,0.011456778785443685,21.556,195.776
x264,random_search,14,20280438,45,2815,44.916,23.552,0.011456778785443685,21.556,195.776
x264,random_search,14,20280438,46,2733,180.856,23.552,0.011456778785443685,21.556,195.776
x264,random_search,14,20280438,47,3740,51.282,23.552,0.011456778785443685,21.556,195.776
x264,random_search,14,20280438,48,313,86.716,23.552,0.011456778785443685,21.556,195.776
x264,random_search,14,20280438,49,4320,25.326,23.552,0.011456778785443685,21.556,195.776
x264,random_search,14,20280438,50,3950,46.448,23.552,0.011456778785443685,21.556,195.776
x264,rf_smbo,14,20280438,1,356,38.886,38.886,0.0994719320399495,21.556,195.776
x264,rf_smbo,14,20280438,2,1393,82.738,38.886,0.0994719320399495,21.556,195.776
x264,rf_smbo,14,20280438,3,577,87.112,38.886,0.0994719320399495,21.556,195.776
x264,rf_smbo,14,20280438,4,4013,123.686,38.886,0.0994719320399495,21.556,195.776
x264,rf_smbo,14,20280438,5,1817,134.322,38.886,0.0994719320399495,21.556,195.776
x264,rf_smbo,14,20280438,6,3543,34.214,34.214,0.0726552634599931,21.556,195.776
x264,rf_smbo,14,20280438,7,2655,33.33,33.33,0.0675812191482034,21.556,195.776
x264,rf_smbo,14,20280438,8,2660,40.678,33.33,0.0675812191482034,21.556,195.776
x264,rf_smbo,14,20280438,9,2731,49.57,33.33,0.0675812191482034,21.556,195.776
x264,rf_smbo,14,20280438,10,3219,33.18,33.18,0.06672023877855585,21.556,195.776
x264,rf_smbo,14,20280438,11,3795,33.714,33.18,0.06672023877855585,21.556,195.776
x264,rf_smbo,14,20280438,12,4359,33.816,33.18,0.06672023877855585,21.556,195.776
x264,rf_smbo,14,20280438,13,4515,31.928,31.928,0.059533922626564116,21.556,195.776
x264,rf_smbo,14,20280438,14,4323,33.914,31.928,0.059533922626564116,21.556,195.776
x264,rf_smbo,14,20280438,15,3075,31.638,31.638,0.05786936057857881,21.556,195.776
x264,rf_smbo,14,20280438,16,4086,66.352,31.638,0.05786936057857881,21.556,195.776
x264,rf_smbo,14,20280438,17,2211,30.318,30.318,0.050292733325680176,21.556,195.776
x264,rf_smbo,14,20280438,18,3435,31.314,30.318,0.050292733325680176,21.556,195.776
x264,rf_smbo,14,20280438,19,735,29.488,29.488,0.0455286419469636,21.556,195.776
x264,rf_smbo,14,20280438,20,1131,29.466,29.466,0.04540236482608197,21.556,195.776
x264,rf_smbo,14,20280438,21,1047,28.77,28.77,0.04140741591091723,21.556,195.776
x264,rf_smbo,14,20280438,22,723,29.188,28.77,0.04140741591091723,21.556,195.776
x264,rf_smbo,14,20280438,23,144,21.906,21.906,0.0020089541958443224,21.556,195.776
x264,rf_smbo,14,20280438,24,1296,22.522,21.906,0.0020089541958443224,21.556,195.776
x264,rf_smbo,14,20280438,25,1368,22.496,21.906,0.0020089541958443224,21.556,195.776
x264,rf_smbo,14,20280438,26,1404,22.746,21.906,0.0020089541958443224,21.556,195.776
x264,rf_smbo,14,20280438,27,1320,23.762,21.906,0.0020089541958443224,21.556,195.776
x264,rf_smbo,14,20280438,28,1428,23.934,21.906,0.0020089541958443224,21.556,195.776
x264,rf_smbo,14,20280438,29,444,22.452,21.906,0.0020089541958443224,21.556,195.776
x264,rf_smbo,14,20280438,30,2520,23.206,21.906,0.0020089541958443224,21.556,195.776
x264,rf_smbo,14,20280438,31,2448,23.536,21.906,0.0020089541958443224,21.556,195.776
x264,rf_smbo,14,20280438,32,2736,23.274,21.906,0.0020089541958443224,21.556,195.776
x264,rf_smbo,14,20280438,33,432,21.97,21.906,0.0020089541958443224,21.556,195.776
x264,rf_smbo,14,20280438,34,456,23.162,21.906,0.0020089541958443224,21.556,195.776
x264,rf_smbo,14,20280438,35,468,21.698,21.698,0.0008150614165996985,21.556,195.776
x264,rf_smbo,14,20280438,36,564,23.244,21.698,0.0008150614165996985,21.556,195.776
x264,rf_smbo,14,20280438,37,540,21.678,21.678,0.0007002640339800247,21.556,195.776
x264,rf_smbo,14,20280438,38,480,22.854,21.678,0.0007002640339800247,21.556,195.776
x264,rf_smbo,14,20280438,39,180,22.168,21.678,0.0007002640339800247,21.556,195.776
x264,rf_smbo,14,20280438,40,542,41.818,21.678,0.0007002640339800247,21.556,195.776
x264,rf_smbo,14,20280438,41,504,21.65,21.65,0.000539547698312465,21.556,195.776
x264,rf_smbo,14,20280438,42,1958,44.536,21.65,0.000539547698312465,21.556,195.776
x264,rf_smbo,14,20280438,43,1692,22.142,21.65,0.000539547698312465,21.556,195.776
x264,rf_smbo,14,20280438,44,1116,21.636,21.636,0.0004591895304786953,21.556,195.776
x264,rf_smbo,14,20280438,45,1080,21.694,21.636,0.0004591895304786953,21.556,195.776
x264,rf_smbo,14,20280438,46,1044,21.556,21.556,0.0,21.556,195.776
x264,rf_smbo,14,20280438,47,1008,21.586,21.556,0.0,21.556,195.776
x264,rf_smbo,14,20280438,48,1128,22.312,21.556,0.0,21.556,195.776
x264,rf_smbo,14,20280438,49,756,79.142,21.556,0.0,21.556,195.776
x264,rf_smbo,14,20280438,50,1137,156.276,21.556,0.0,21.556,195.776
x264,random_search,15,20280439,1,2225,105.714,105.714,0.4830559063253358,21.556,195.776
x264,random_search,15,20280439,2,4273,87.83,87.83,0.38040408678682125,21.556,195.776
x264,random_search,15,20280439,3,1957,82.364,82.364,0.34902996211686377,21.556,195.776
x264,random_search,15,20280439,4,3013,93.47,82.364,0.34902996211686377,21.556,195.776
x264,random_search,15,20280439,5,1681,81.778,81.778,0.3456663988061073,21.556,195.776
x264,random_search,15,20280439,6,4071,34.124,34.124,0.07213867523820458,21.556,195.776
x264,random_search,15,20280439,7,4268,50.028,34.124,0.07213867523820458,21.556,195.776
x264,random_search,15,20280439,8,4359,33.816,33.816,0.07037079554586156,21.556,195.776
x264,random_search,15,20280439,9,715,50.224,33.816,0.07037079554586156,21.556,195.776
x264,random_search,15,20280439,10,1199,59.552,33.816,0.07037079554586156,21.556,195.776
x264,random_search,15,20280439,11,3392,44.602,33.816,0.07037079554586156,21.556,195.776
x264,random_search,15,20280439,12,1411,47.484,33.816,0.07037079554586156,21.556,195.776
x264,random_search,15,20280439,13,4251,31.612,31.612,0.05772012398117322,21.556,195.776
x264,random_search,15,20280439,14,1476,23.582,23.582,0.011628974859373205,21.556,195.776
x264,random_search,15,20280439,15,3168,24.78,23.582,0.011628974859373205,21.556,195.776
x264,random_search,15,20280439,16,145,79.25,23.582,0.011628974859373205,21.556,195.776
x264,random_search,15,20280439,17,3038,45.698,23.582,0.011628974859373205,21.556,195.776
x264,random_search,15,20280439,18,1992,23.396,23.396,0.010561359201010216,21.556,195.776
x264,random_search,15,20280439,19,819,30.116,23.396,0.010561359201010216,21.556,195.776
x264,random_search,15,20280439,20,3913,86.65,23.396,0.010561359201010216,21.556,195.776
x264,random_search,15,20280439,21,244,34.796,23.396,0.010561359201010216,21.556,195.776
x264,random_search,15,20280439,22,1507,40.398,23.396,0.010561359201010216,21.556,195.776
x264,random_search,15,20280439,23,1192,32.09,23.396,0.010561359201010216,21.556,195.776
x264,random_search,15,20280439,24,4026,66.408,23.396,0.010561359201010216,21.556,195.776
x264,random_search,15,20280439,25,3704,50.82,23.396,0.010561359201010216,21.556,195.776
x264,random_search,15,20280439,26,407,63.74,23.396,0.010561359201010216,21.556,195.776
x264,random_search,15,20280439,27,2584,36.94,23.396,0.010561359201010216,21.556,195.776
x264,random_search,15,20280439,28,4090,88.004,23.396,0.010561359201010216,21.556,195.776
x264,random_search,15,20280439,29,4416,25.184,23.396,0.010561359201010216,21.556,195.776
x264,random_search,15,20280439,30,1081,78.356,23.396,0.010561359201010216,21.556,195.776
x264,random_search,15,20280439,31,4534,75.956,23.396,0.010561359201010216,21.556,195.776
x264,random_search,15,20280439,32,2755,39.83,23.396,0.010561359201010216,21.556,195.776
x264,random_search,15,20280439,33,4307,70.952,23.396,0.010561359201010216,21.556,195.776
x264,random_search,15,20280439,34,4555,46.334,23.396,0.010561359201010216,21.556,195.776
x264,random_search,15,20280439,35,1820,50.81,23.396,0.010561359201010216,21.556,195.776
x264,random_search,15,20280439,36,2198,42.962,23.396,0.010561359201010216,21.556,195.776
x264,random_search,15,20280439,37,334,76.47,23.396,0.010561359201010216,21.556,195.776
x264,random_search,15,20280439,38,2789,109.068,23.396,0.010561359201010216,21.556,195.776
x264,random_search,15,20280439,39,4290,69.718,23.396,0.010561359201010216,21.556,195.776
x264,random_search,15,20280439,40,599,58.658,23.396,0.010561359201010216,21.556,195.776
x264,random_search,15,20280439,41,3448,34.632,23.396,0.010561359201010216,21.556,195.776
x264,random_search,15,20280439,42,3008,52.63,23.396,0.010561359201010216,21.556,195.776
x264,random_search,15,20280439,43,4003,45.836,23.396,0.010561359201010216,21.556,195.776
x264,random_search,15,20280439,44,3770,50.14,23.396,0.010561359201010216,21.556,195.776
x264,random_search,15,20280439,45,2699,66.808,23.396,0.010561359201010216,21.556,195.776
x264,random_search,15,20280439,46,4574,45.368,23.396,0.010561359201010216,21.556,195.776
x264,random_search,15,20280439,47,3248,48.678,23.396,0.010561359201010216,21.556,195.776
x264,random_search,15,20280439,48,3595,54.31,23.396,0.010561359201010216,21.556,195.776
x264,random_search,15,20280439,49,3954,58.894,23.396,0.010561359201010216,21.556,195.776
x264,random_search,15,20280439,50,2500,32.554,23.396,0.010561359201010216,21.556,195.776
x264,rf_smbo,15,20280439,1,4160,53.128,53.128,0.18121914820342097,21.556,195.776
x264,rf_smbo,15,20280439,2,1595,49.222,49.222,0.1587992193777982,21.556,195.776
x264,rf_smbo,15,20280439,3,2696,48.974,48.974,0.1573757318333142,21.556,195.776
x264,rf_smbo,15,20280439,4,4545,165.306,48.974,0.1573757318333142,21.556,195.776
x264,rf_smbo,15,20280439,5,2713,92.822,48.974,0.1573757318333142,21.556,195.776
x264,rf_smbo,15,20280439,6,2521,85.23,48.974,0.1573757318333142,21.556,195.776
x264,rf_smbo,15,20280439,7,3824,49.482,48.974,0.1573757318333142,21.556,195.776
x264,rf_smbo,15,20280439,8,3752,41.082,41.082,0.11207668465158994,21.556,195.776
x264,rf_smbo,15,20280439,9,3778,80.61,41.082,0.11207668465158994,21.556,195.776
x264,rf_smbo,15,20280439,10,2170,72.546,41.082,0.11207668465158994,21.556,195.776
x264,rf_smbo,15,20280439,11,476,36.996,36.996,0.08862357938239009,21.556,195.776
x264,rf_smbo,15,20280439,12,1052,36.91,36.91,0.08812995063712545,21.556,195.776
x264,rf_smbo,15,20280439,13,472,28.338,28.338,0.038927792446332224,21.556,195.776
x264,rf_smbo,15,20280439,14,1123,42.238,28.338,0.038927792446332224,21.556,195.776
x264,rf_smbo,15,20280439,15,468,21.698,21.698,0.0008150614165996985,21.556,195.776
x264,rf_smbo,15,20280439,16,180,22.168,21.698,0.0008150614165996985,21.556,195.776
x264,rf_smbo,15,20280439,17,183,29.078,21.698,0.0008150614165996985,21.556,195.776
x264,rf_smbo,15,20280439,18,204,23.282,21.698,0.0008150614165996985,21.556,195.776
x264,rf_smbo,15,20280439,19,207,30.302,21.698,0.0008150614165996985,21.556,195.776
x264,rf_smbo,15,20280439,20,48,23.062,21.698,0.0008150614165996985,21.556,195.776
x264,rf_smbo,15,20280439,21,3072,24.244,21.698,0.0008150614165996985,21.556,195.776
x264,rf_smbo,15,20280439,22,2460,24.016,21.698,0.0008150614165996985,21.556,195.776
x264,rf_smbo,15,20280439,23,1920,23.398,21.698,0.0008150614165996985,21.556,195.776
x264,rf_smbo,15,20280439,24,1272,23.858,21.698,0.0008150614165996985,21.556,195.776
x264,rf_smbo,15,20280439,25,1082,41.95,21.698,0.0008150614165996985,21.556,195.776
x264,rf_smbo,15,20280439,26,1932,23.864,21.698,0.0008150614165996985,21.556,195.776
x264,rf_smbo,15,20280439,27,3062,45.336,21.698,0.0008150614165996985,21.556,195.776
x264,rf_smbo,15,20280439,28,1045,78.274,21.698,0.0008150614165996985,21.556,195.776
x264,rf_smbo,15,20280439,29,1308,23.338,21.698,0.0008150614165996985,21.556,195.776
x264,rf_smbo,15,20280439,30,1164,25.182,21.698,0.0008150614165996985,21.556,195.776
x264,rf_smbo,15,20280439,31,264,22.59,21.698,0.0008150614165996985,21.556,195.776
x264,rf_smbo,15,20280439,32,2568,24.202,21.698,0.0008150614165996985,21.556,195.776
x264,rf_smbo,15,20280439,33,2424,24.902,21.698,0.0008150614165996985,21.556,195.776
x264,rf_smbo,15,20280439,34,1404,22.746,21.698,0.0008150614165996985,21.556,195.776
x264,rf_smbo,15,20280439,35,2426,49.428,21.698,0.0008150614165996985,21.556,195.776
x264,rf_smbo,15,20280439,36,252,21.942,21.698,0.0008150614165996985,21.556,195.776
x264,rf_smbo,15,20280439,37,1224,24.092,21.698,0.0008150614165996985,21.556,195.776
x264,rf_smbo,15,20280439,38,144,21.906,21.698,0.0008150614165996985,21.556,195.776
x264,rf_smbo,15,20280439,39,3096,23.296,21.698,0.0008150614165996985,21.556,195.776
x264,rf_smbo,15,20280439,40,725,110.18,21.698,0.0008150614165996985,21.556,195.776
x264,rf_smbo,15,20280439,41,4577,122.418,21.698,0.0008150614165996985,21.556,195.776
x264,rf_smbo,15,20280439,42,2952,25.11,21.698,0.0008150614165996985,21.556,195.776
x264,rf_smbo,15,20280439,43,828,22.018,21.698,0.0008150614165996985,21.556,195.776
x264,rf_smbo,15,20280439,44,3132,23.72,21.698,0.0008150614165996985,21.556,195.776
x264,rf_smbo,15,20280439,45,504,21.65,21.65,0.000539547698312465,21.556,195.776
x264,rf_smbo,15,20280439,46,240,23.334,21.65,0.000539547698312465,21.556,195.776
x264,rf_smbo,15,20280439,47,1656,22.172,21.65,0.000539547698312465,21.556,195.776
x264,rf_smbo,15,20280439,48,540,21.678,21.65,0.000539547698312465,21.556,195.776
x264,rf_smbo,15,20280439,49,1116,21.636,21.636,0.0004591895304786953,21.556,195.776
x264,rf_smbo,15,20280439,50,1080,21.694,21.636,0.0004591895304786953,21.556,195.776
x264,random_search,16,20280440,1,2348,44.446,44.446,0.13138560440821948,21.556,195.776
x264,random_search,16,20280440,2,1698,61.738,44.446,0.13138560440821948,21.556,195.776
x264,random_search,16,20280440,3,911,52.054,44.446,0.13138560440821948,21.556,195.776
x264,random_search,16,20280440,4,469,78.566,44.446,0.13138560440821948,21.556,195.776
x264,random_search,16,20280440,5,2295,30.808,30.808,0.053105269199862234,21.556,195.776
x264,random_search,16,20280440,6,863,66.9,30.808,0.053105269199862234,21.556,195.776
x264,random_search,16,20280440,7,1323,30.954,30.808,0.053105269199862234,21.556,195.776
x264,random_search,16,20280440,8,3367,40.708,30.808,0.053105269199862234,21.556,195.776
x264,random_search,16,20280440,9,3544,38.508,30.808,0.053105269199862234,21.556,195.776
x264,random_search,16,20280440,10,1532,47.128,30.808,0.053105269199862234,21.556,195.776
x264,random_search,16,20280440,11,3505,94.828,30.808,0.053105269199862234,21.556,195.776
x264,random_search,16,20280440,12,2193,137.97,30.808,0.053105269199862234,21.556,195.776
x264,random_search,16,20280440,13,2787,31.37,30.808,0.053105269199862234,21.556,195.776
x264,random_search,16,20280440,14,3587,75.652,30.808,0.053105269199862234,21.556,195.776
x264,random_search,16,20280440,15,2649,152.384,30.808,0.053105269199862234,21.556,195.776
x264,random_search,16,20280440,16,1526,46.984,30.808,0.053105269199862234,21.556,195.776
x264,random_search,16,20280440,17,408,23.01,23.01,0.008345769716450468,21.556,195.776
x264,random_search,16,20280440,18,803,65.748,23.01,0.008345769716450468,21.556,195.776
x264,random_search,16,20280440,19,2088,23.62,23.01,0.008345769716450468,21.556,195.776
x264,random_search,16,20280440,20,188,40.842,23.01,0.008345769716450468,21.556,195.776
x264,random_search,16,20280440,21,4294,97.138,23.01,0.008345769716450468,21.556,195.776
x264,random_search,16,20280440,22,3440,45.384,23.01,0.008345769716450468,21.556,195.776
x264,random_search,16,20280440,23,452,37.614,23.01,0.008345769716450468,21.556,195.776
x264,random_search,16,20280440,24,2218,72.896,23.01,0.008345769716450468,21.556,195.776
x264,random_search,16,20280440,25,4602,66.246,23.01,0.008345769716450468,21.556,195.776
x264,random_search,16,20280440,26,3930,58.066,23.01,0.008345769716450468,21.556,195.776
x264,random_search,16,20280440,27,2943,33.586,23.01,0.008345769716450468,21.556,195.776
x264,random_search,16,20280440,28,722,41.986,23.01,0.008345769716450468,21.556,195.776
x264,random_search,16,20280440,29,3225,152.56,23.01,0.008345769716450468,21.556,195.776
x264,random_search,16,20280440,30,1056,22.394,22.394,0.004810010331764421,21.556,195.776
x264,random_search,16,20280440,31,1051,37.598,22.394,0.004810010331764421,21.556,195.776
x264,random_search,16,20280440,32,737,110.94,22.394,0.004810010331764421,21.556,195.776
x264,random_search,16,20280440,33,664,36.126,22.394,0.004810010331764421,21.556,195.776
x264,random_search,16,20280440,34,634,84.166,22.394,0.004810010331764421,21.556,195.776
x264,random_search,16,20280440,35,1798,85.03,22.394,0.004810010331764421,21.556,195.776
x264,random_search,16,20280440,36,359,52.128,22.394,0.004810010331764421,21.556,195.776
x264,random_search,16,20280440,37,1912,30.594,22.394,0.004810010331764421,21.556,195.776
x264,random_search,16,20280440,38,181,79.33,22.394,0.004810010331764421,21.556,195.776
x264,random_search,16,20280440,39,1044,21.556,21.556,0.0,21.556,195.776
x264,random_search,16,20280440,40,2996,52.532,21.556,0.0,21.556,195.776
x264,random_search,16,20280440,41,63,31.044,21.556,0.0,21.556,195.776
x264,random_search,16,20280440,42,164,41.228,21.556,0.0,21.556,195.776
x264,random_search,16,20280440,43,1635,30.136,21.556,0.0,21.556,195.776
x264,random_search,16,20280440,44,1433,125.194,21.556,0.0,21.556,195.776
x264,random_search,16,20280440,45,463,38.446,21.556,0.0,21.556,195.776
x264,random_search,16,20280440,46,4060,33.976,21.556,0.0,21.556,195.776
x264,random_search,16,20280440,47,1001,125.778,21.556,0.0,21.556,195.776
x264,random_search,16,20280440,48,4551,31.756,21.556,0.0,21.556,195.776
x264,random_search,16,20280440,49,2923,45.962,21.556,0.0,21.556,195.776
x264,random_search,16,20280440,50,333,146.064,21.556,0.0,21.556,195.776
x264,rf_smbo,16,20280440,1,1249,89.566,89.566,0.3903684995982092,21.556,195.776
x264,rf_smbo,16,20280440,2,2210,43.346,43.346,0.1250717483641373,21.556,195.776
x264,rf_smbo,16,20280440,3,2825,121.946,43.346,0.1250717483641373,21.556,195.776
x264,rf_smbo,16,20280440,4,913,86.052,43.346,0.1250717483641373,21.556,195.776
x264,rf_smbo,16,20280440,5,1670,43.58,43.346,0.1250717483641373,21.556,195.776
x264,rf_smbo,16,20280440,6,309,146.228,43.346,0.1250717483641373,21.556,195.776
x264,rf_smbo,16,20280440,7,4586,45.946,43.346,0.1250717483641373,21.556,195.776
x264,rf_smbo,16,20280440,8,1692,22.142,22.142,0.0033635633107565064,21.556,195.776
x264,rf_smbo,16,20280440,9,1423,47.766,22.142,0.0033635633107565064,21.556,195.776
x264,rf_smbo,16,20280440,10,1715,59.02,22.142,0.0033635633107565064,21.556,195.776
x264,rf_smbo,16,20280440,11,3987,32.498,22.142,0.0033635633107565064,21.556,195.776
x264,rf_smbo,16,20280440,12,1656,22.172,22.142,0.0033635633107565064,21.556,195.776
x264,rf_smbo,16,20280440,13,4464,23.488,22.142,0.0033635633107565064,21.556,195.776
x264,rf_smbo,16,20280440,14,3888,23.39,22.142,0.0033635633107565064,21.556,195.776
x264,rf_smbo,16,20280440,15,3896,38.26,22.142,0.0033635633107565064,21.556,195.776
x264,rf_smbo,16,20280440,16,1512,23.666,22.142,0.0033635633107565064,21.556,195.776
x264,rf_smbo,16,20280440,17,2088,23.62,22.142,0.0033635633107565064,21.556,195.776
x264,rf_smbo,16,20280440,18,1800,24.004,22.142,0.0033635633107565064,21.556,195.776
x264,rf_smbo,16,20280440,19,2240,43.44,22.142,0.0033635633107565064,21.556,195.776
x264,rf_smbo,16,20280440,20,504,21.65,21.65,0.000539547698312465,21.556,195.776
x264,rf_smbo,16,20280440,21,216,21.714,21.65,0.000539547698312465,21.556,195.776
x264,rf_smbo,16,20280440,22,360,24.4,21.65,0.000539547698312465,21.556,195.776
x264,rf_smbo,16,20280440,23,432,21.97,21.65,0.000539547698312465,21.556,195.776
x264,rf_smbo,16,20280440,24,252,21.942,21.65,0.000539547698312465,21.556,195.776
x264,rf_smbo,16,20280440,25,144,21.906,21.65,0.000539547698312465,21.556,195.776
x264,rf_smbo,16,20280440,26,2813,121.206,21.65,0.000539547698312465,21.556,195.776
x264,rf_smbo,16,20280440,27,258,65.406,21.65,0.000539547698312465,21.556,195.776
x264,rf_smbo,16,20280440,28,540,21.678,21.65,0.000539547698312465,21.556,195.776
x264,rf_smbo,16,20280440,29,180,22.168,21.65,0.000539547698312465,21.556,195.776
x264,rf_smbo,16,20280440,30,1116,21.636,21.636,0.0004591895304786953,21.556,195.776
x264,rf_smbo,16,20280440,31,4429,94.052,21.636,0.0004591895304786953,21.556,195.776
x264,rf_smbo,16,20280440,32,828,22.018,21.636,0.0004591895304786953,21.556,195.776
x264,rf_smbo,16,20280440,33,564,23.244,21.636,0.0004591895304786953,21.556,195.776
x264,rf_smbo,16,20280440,34,228,22.816,21.636,0.0004591895304786953,21.556,195.776
x264,rf_smbo,16,20280440,35,157,80.102,21.636,0.0004591895304786953,21.556,195.776
x264,rf_smbo,16,20280440,36,1044,21.556,21.556,0.0,21.556,195.776
x264,rf_smbo,16,20280440,37,1080,21.694,21.556,0.0,21.556,195.776
x264,rf_smbo,16,20280440,38,1120,31.33,21.556,0.0,21.556,195.776
x264,rf_smbo,16,20280440,39,864,23.586,21.556,0.0,21.556,195.776
x264,rf_smbo,16,20280440,40,792,21.758,21.556,0.0,21.556,195.776
x264,rf_smbo,16,20280440,41,264,22.59,21.556,0.0,21.556,195.776
x264,rf_smbo,16,20280440,42,1008,21.586,21.556,0.0,21.556,195.776
x264,rf_smbo,16,20280440,43,720,21.772,21.556,0.0,21.556,195.776
x264,rf_smbo,16,20280440,44,732,22.432,21.556,0.0,21.556,195.776
x264,rf_smbo,16,20280440,45,2520,23.206,21.556,0.0,21.556,195.776
x264,rf_smbo,16,20280440,46,756,79.142,21.556,0.0,21.556,195.776
x264,rf_smbo,16,20280440,47,1404,22.746,21.556,0.0,21.556,195.776
x264,rf_smbo,16,20280440,48,1020,22.29,21.556,0.0,21.556,195.776
x264,rf_smbo,16,20280440,49,804,22.486,21.556,0.0,21.556,195.776
x264,rf_smbo,16,20280440,50,1793,118.884,21.556,0.0,21.556,195.776
x264,random_search,17,20280441,1,1227,32.242,32.242,0.06133624153369301,21.556,195.776
x264,random_search,17,20280441,2,1714,84.418,32.242,0.06133624153369301,21.556,195.776
x264,random_search,17,20280441,3,1346,43.96,32.242,0.06133624153369301,21.556,195.776
x264,random_search,17,20280441,4,3108,24.04,24.04,0.014257834921363783,21.556,195.776
x264,random_search,17,20280441,5,3730,97.618,24.04,0.014257834921363783,21.556,195.776
x264,random_search,17,20280441,6,2149,88.462,24.04,0.014257834921363783,21.556,195.776
x264,random_search,17,20280441,7,3961,85.67,24.04,0.014257834921363783,21.556,195.776
x264,random_search,17,20280441,8,1887,30.366,24.04,0.014257834921363783,21.556,195.776
x264,random_search,17,20280441,9,1438,93.74,24.04,0.014257834921363783,21.556,195.776
x264,random_search,17,20280441,10,3920,39.472,24.04,0.014257834921363783,21.556,195.776
x264,random_search,17,20280441,11,3617,117.61,24.04,0.014257834921363783,21.556,195.776
x264,random_search,17,20280441,12,93,184.54,24.04,0.014257834921363783,21.556,195.776
x264,random_search,17,20280441,13,1691,59.11,24.04,0.014257834921363783,21.556,195.776
x264,random_search,17,20280441,14,3952,31.034,24.04,0.014257834921363783,21.556,195.776
x264,random_search,17,20280441,15,1494,59.94,24.04,0.014257834921363783,21.556,195.776
x264,random_search,17,20280441,16,464,37.948,24.04,0.014257834921363783,21.556,195.776
x264,random_search,17,20280441,17,4392,25.124,24.04,0.014257834921363783,21.556,195.776
x264,random_search,17,20280441,18,2717,133.858,24.04,0.014257834921363783,21.556,195.776
x264,random_search,17,20280441,19,14,46.128,24.04,0.014257834921363783,21.556,195.776
x264,random_search,17,20280441,20,3169,93.186,24.04,0.014257834921363783,21.556,195.776
x264,random_search,17,20280441,21,1780,31.842,24.04,0.014257834921363783,21.556,195.776
x264,random_search,17,20280441,22,4388,41.072,24.04,0.014257834921363783,21.556,195.776
x264,random_search,17,20280441,23,1143,29.798,24.04,0.014257834921363783,21.556,195.776
x264,random_search,17,20280441,24,4220,42.788,24.04,0.014257834921363783,21.556,195.776
x264,random_search,17,20280441,25,885,146.224,24.04,0.014257834921363783,21.556,195.776
x264,random_search,17,20280441,26,3035,58.066,24.04,0.014257834921363783,21.556,195.776
x264,random_search,17,20280441,27,2205,137.304,24.04,0.014257834921363783,21.556,195.776
x264,random_search,17,20280441,28,1459,40.562,24.04,0.014257834921363783,21.556,195.776
x264,random_search,17,20280441,29,3639,31.608,24.04,0.014257834921363783,21.556,195.776
x264,random_search,17,20280441,30,3183,33.268,24.04,0.014257834921363783,21.556,195.776
x264,random_search,17,20280441,31,541,78.416,24.04,0.014257834921363783,21.556,195.776
x264,random_search,17,20280441,32,630,62.406,24.04,0.014257834921363783,21.556,195.776
x264,random_search,17,20280441,33,267,29.674,24.04,0.014257834921363783,21.556,195.776
x264,random_search,17,20280441,34,1144,32.598,24.04,0.014257834921363783,21.556,195.776
x264,random_search,17,20280441,35,1680,23.586,23.586,0.011651934335897127,21.556,195.776
x264,random_search,17,20280441,36,361,86.582,23.586,0.011651934335897127,21.556,195.776
x264,random_search,17,20280441,37,3358,74.456,23.586,0.011651934335897127,21.556,195.776
x264,random_search,17,20280441,38,971,63.19,23.586,0.011651934335897127,21.556,195.776
x264,random_search,17,20280441,39,3924,23.478,23.478,0.011032028469750894,21.556,195.776
x264,random_search,17,20280441,40,839,65.892,23.478,0.011032028469750894,21.556,195.776
x264,random_search,17,20280441,41,4253,131.046,23.478,0.011032028469750894,21.556,195.776
x264,random_search,17,20280441,42,679,50.06,23.478,0.011032028469750894,21.556,195.776
x264,random_search,17,20280441,43,3316,29.65,23.478,0.011032028469750894,21.556,195.776
x264,random_search,17,20280441,44,1411,47.484,23.478,0.011032028469750894,21.556,195.776
x264,random_search,17,20280441,45,3030,61.864,23.478,0.011032028469750894,21.556,195.776
x264,random_search,17,20280441,46,4576,33.69,23.478,0.011032028469750894,21.556,195.776
x264,random_search,17,20280441,47,1913,111.734,23.478,0.011032028469750894,21.556,195.776
x264,random_search,17,20280441,48,3907,40.146,23.478,0.011032028469750894,21.556,195.776
x264,random_search,17,20280441,49,4187,58.696,23.478,0.011032028469750894,21.556,195.776
x264,random_search,17,20280441,50,1410,66.294,23.478,0.011032028469750894,21.556,195.776
x264,rf_smbo,17,20280441,1,1073,104.082,104.082,0.4736884399035702,21.556,195.776
x264,rf_smbo,17,20280441,2,4360,31.816,31.816,0.05889105728389392,21.556,195.776
x264,rf_smbo,17,20280441,3,2228,38.614,31.816,0.05889105728389392,21.556,195.776
x264,rf_smbo,17,20280441,4,3060,23.538,23.538,0.011376420617609915,21.556,195.776
x264,rf_smbo,17,20280441,5,1586,42.918,23.538,0.011376420617609915,21.556,195.776
x264,rf_smbo,17,20280441,6,278,43.45,23.538,0.011376420617609915,21.556,195.776
x264,rf_smbo,17,20280441,7,4248,23.632,23.538,0.011376420617609915,21.556,195.776
x264,rf_smbo,17,20280441,8,4080,25.284,23.538,0.011376420617609915,21.556,195.776
x264,rf_smbo,17,20280441,9,3024,23.386,23.386,0.010503960509700368,21.556,195.776
x264,rf_smbo,17,20280441,10,2448,23.536,23.386,0.010503960509700368,21.556,195.776
x264,rf_smbo,17,20280441,11,3036,24.478,23.386,0.010503960509700368,21.556,195.776
x264,rf_smbo,17,20280441,12,3108,24.04,23.386,0.010503960509700368,21.556,195.776
x264,rf_smbo,17,20280441,13,3032,42.602,23.386,0.010503960509700368,21.556,195.776
x264,rf_smbo,17,20280441,14,3050,46.298,23.386,0.010503960509700368,21.556,195.776
x264,rf_smbo,17,20280441,15,216,21.714,21.714,0.0009068993226954294,21.556,195.776
x264,rf_smbo,17,20280441,16,3147,31.684,21.714,0.0009068993226954294,21.556,195.776
x264,rf_smbo,17,20280441,17,72,23.24,21.714,0.0009068993226954294,21.556,195.776
x264,rf_smbo,17,20280441,18,360,24.4,21.714,0.0009068993226954294,21.556,195.776
x264,rf_smbo,17,20280441,19,432,21.97,21.714,0.0009068993226954294,21.556,195.776
x264,rf_smbo,17,20280441,20,1975,47.946,21.714,0.0009068993226954294,21.556,195.776
x264,rf_smbo,17,20280441,21,1368,22.496,21.714,0.0009068993226954294,21.556,195.776
x264,rf_smbo,17,20280441,22,504,21.65,21.65,0.000539547698312465,21.556,195.776
x264,rf_smbo,17,20280441,23,492,23.35,21.65,0.000539547698312465,21.556,195.776
x264,rf_smbo,17,20280441,24,1656,22.172,21.65,0.000539547698312465,21.556,195.776
x264,rf_smbo,17,20280441,25,456,23.162,21.65,0.000539547698312465,21.556,195.776
x264,rf_smbo,17,20280441,26,540,21.678,21.65,0.000539547698312465,21.556,195.776
x264,rf_smbo,17,20280441,27,528,23.204,21.65,0.000539547698312465,21.556,195.776
x264,rf_smbo,17,20280441,28,1608,23.624,21.65,0.000539547698312465,21.556,195.776
x264,rf_smbo,17,20280441,29,168,23.268,21.65,0.000539547698312465,21.556,195.776
x264,rf_smbo,17,20280441,30,516,22.476,21.65,0.000539547698312465,21.556,195.776
x264,rf_smbo,17,20280441,31,252,21.942,21.65,0.000539547698312465,21.556,195.776
x264,rf_smbo,17,20280441,32,552,22.626,21.65,0.000539547698312465,21.556,195.776
x264,rf_smbo,17,20280441,33,1692,22.142,21.65,0.000539547698312465,21.556,195.776
x264,rf_smbo,17,20280441,34,1620,22.138,21.65,0.000539547698312465,21.556,195.776
x264,rf_smbo,17,20280441,35,1046,41.64,21.65,0.000539547698312465,21.556,195.776
x264,rf_smbo,17,20280441,36,468,21.698,21.65,0.000539547698312465,21.556,195.776
x264,rf_smbo,17,20280441,37,564,23.244,21.65,0.000539547698312465,21.556,195.776
x264,rf_smbo,17,20280441,38,396,23.666,21.65,0.000539547698312465,21.556,195.776
x264,rf_smbo,17,20280441,39,180,22.168,21.65,0.000539547698312465,21.556,195.776
x264,rf_smbo,17,20280441,40,1584,22.19,21.65,0.000539547698312465,21.556,195.776
x264,rf_smbo,17,20280441,41,1332,22.396,21.65,0.000539547698312465,21.556,195.776
x264,rf_smbo,17,20280441,42,480,22.854,21.65,0.000539547698312465,21.556,195.776
x264,rf_smbo,17,20280441,43,144,21.906,21.65,0.000539547698312465,21.556,195.776
x264,rf_smbo,17,20280441,44,1080,21.694,21.65,0.000539547698312465,21.556,195.776
x264,rf_smbo,17,20280441,45,1116,21.636,21.636,0.0004591895304786953,21.556,195.776
x264,rf_smbo,17,20280441,46,1008,21.586,21.586,0.00017219607392950054,21.556,195.776
x264,rf_smbo,17,20280441,47,1044,21.556,21.556,0.0,21.556,195.776
x264,rf_smbo,17,20280441,48,720,21.772,21.556,0.0,21.556,195.776
x264,rf_smbo,17,20280441,49,276,23.282,21.556,0.0,21.556,195.776
x264,rf_smbo,17,20280441,50,792,21.758,21.556,0.0,21.556,195.776
x264,random_search,18,20280442,1,371,63.514,63.514,0.24083342899781884,21.556,195.776
x264,random_search,18,20280442,2,3525,164.824,63.514,0.24083342899781884,21.556,195.776
x264,random_search,18,20280442,3,3204,24.644,24.644,0.017724715876478003,21.556,195.776
x264,random_search,18,20280442,4,2809,83.978,24.644,0.017724715876478003,21.556,195.776
x264,random_search,18,20280442,5,177,150.78,24.644,0.017724715876478003,21.556,195.776
x264,random_search,18,20280442,6,4040,44.838,24.644,0.017724715876478003,21.556,195.776
x264,random_search,18,20280442,7,1169,119.808,24.644,0.017724715876478003,21.556,195.776
x264,random_search,18,20280442,8,3176,41.0,24.644,0.017724715876478003,21.556,195.776
x264,random_search,18,20280442,9,3937,86.048,24.644,0.017724715876478003,21.556,195.776
x264,random_search,18,20280442,10,928,29.832,24.644,0.017724715876478003,21.556,195.776
x264,random_search,18,20280442,11,3771,33.758,24.644,0.017724715876478003,21.556,195.776
x264,random_search,18,20280442,12,1234,99.608,24.644,0.017724715876478003,21.556,195.776
x264,random_search,18,20280442,13,4256,49.802,24.644,0.017724715876478003,21.556,195.776
x264,random_search,18,20280442,14,2099,63.924,24.644,0.017724715876478003,21.556,195.776
x264,random_search,18,20280442,15,297,146.138,24.644,0.017724715876478003,21.556,195.776
x264,random_search,18,20280442,16,2622,62.564,24.644,0.017724715876478003,21.556,195.776
x264,random_search,18,20280442,17,1189,89.17,24.644,0.017724715876478003,21.556,195.776
x264,random_search,18,20280442,18,1560,23.362,23.362,0.010366203650556752,21.556,195.776
x264,random_search,18,20280442,19,1629,137.124,23.362,0.010366203650556752,21.556,195.776
x264,random_search,18,20280442,20,1219,43.968,23.362,0.010366203650556752,21.556,195.776
x264,random_search,18,20280442,21,3978,65.73,23.362,0.010366203650556752,21.556,195.776
x264,random_search,18,20280442,22,2702,49.114,23.362,0.010366203650556752,21.556,195.776
x264,random_search,18,20280442,23,1917,151.058,23.362,0.010366203650556752,21.556,195.776
x264,random_search,18,20280442,24,1824,23.686,23.362,0.010366203650556752,21.556,195.776
x264,random_search,18,20280442,25,2172,22.866,22.866,0.007519228561588789,21.556,195.776
x264,random_search,18,20280442,26,2711,66.914,22.866,0.007519228561588789,21.556,195.776
x264,random_search,18,20280442,27,2768,39.382,22.866,0.007519228561588789,21.556,195.776
x264,random_search,18,20280442,28,3511,46.592,22.866,0.007519228561588789,21.556,195.776
x264,random_search,18,20280442,29,3522,66.096,22.866,0.007519228561588789,21.556,195.776
x264,random_search,18,20280442,30,2350,87.574,22.866,0.007519228561588789,21.556,195.776
x264,random_search,18,20280442,31,3123,31.986,22.866,0.007519228561588789,21.556,195.776
x264,random_search,18,20280442,32,4144,38.31,22.866,0.007519228561588789,21.556,195.776
x264,random_search,18,20280442,33,96,23.374,22.866,0.007519228561588789,21.556,195.776
x264,random_search,18,20280442,34,3592,38.178,22.866,0.007519228561588789,21.556,195.776
x264,random_search,18,20280442,35,438,54.416,22.866,0.007519228561588789,21.556,195.776
x264,random_search,18,20280442,36,1541,128.37,22.866,0.007519228561588789,21.556,195.776
x264,random_search,18,20280442,37,3300,24.88,22.866,0.007519228561588789,21.556,195.776
x264,random_search,18,20280442,38,3519,34.046,22.866,0.007519228561588789,21.556,195.776
x264,random_search,18,20280442,39,3046,83.486,22.866,0.007519228561588789,21.556,195.776
x264,random_search,18,20280442,40,1261,88.856,22.866,0.007519228561588789,21.556,195.776
x264,random_search,18,20280442,41,1508,39.426,22.866,0.007519228561588789,21.556,195.776
x264,random_search,18,20280442,42,4359,33.816,22.866,0.007519228561588789,21.556,195.776
x264,random_search,18,20280442,43,4516,30.682,22.866,0.007519228561588789,21.556,195.776
x264,random_search,18,20280442,44,3934,74.686,22.866,0.007519228561588789,21.556,195.776
x264,random_search,18,20280442,45,2283,30.1,22.866,0.007519228561588789,21.556,195.776
x264,random_search,18,20280442,46,4270,97.454,22.866,0.007519228561588789,21.556,195.776
x264,random_search,18,20280442,47,2481,156.336,22.866,0.007519228561588789,21.556,195.776
x264,random_search,18,20280442,48,3509,124.934,22.866,0.007519228561588789,21.556,195.776
x264,random_search,18,20280442,49,1024,28.638,22.866,0.007519228561588789,21.556,195.776
x264,random_search,18,20280442,50,519,29.312,22.866,0.007519228561588789,21.556,195.776
x264,rf_smbo,18,20280442,1,76,36.032,36.032,0.08309034554012167,21.556,195.776
x264,rf_smbo,18,20280442,2,2727,33.288,33.288,0.06734014464470207,21.556,195.776
x264,rf_smbo,18,20280442,3,3174,62.436,33.288,0.06734014464470207,21.556,195.776
x264,rf_smbo,18,20280442,4,1463,52.842,33.288,0.06734014464470207,21.556,195.776
x264,rf_smbo,18,20280442,5,1619,50.262,33.288,0.06734014464470207,21.556,195.776
x264,rf_smbo,18,20280442,6,4380,24.85,24.85,0.018907128917460686,21.556,195.776
x264,rf_smbo,18,20280442,7,3300,24.88,24.85,0.018907128917460686,21.556,195.776
x264,rf_smbo,18,20280442,8,3444,24.77,24.77,0.01844793938698197,21.556,195.776
x264,rf_smbo,18,20280442,9,4452,24.836,24.77,0.01844793938698197,21.556,195.776
x264,rf_smbo,18,20280442,10,4308,25.186,24.77,0.01844793938698197,21.556,195.776
x264,rf_smbo,18,20280442,11,4584,24.314,24.314,0.01583055906325335,21.556,195.776
x264,rf_smbo,18,20280442,12,2280,22.874,22.874,0.007565147514636654,21.556,195.776
x264,rf_smbo,18,20280442,13,4572,23.434,22.874,0.007565147514636654,21.556,195.776
x264,rf_smbo,18,20280442,14,4512,24.316,22.874,0.007565147514636654,21.556,195.776
x264,rf_smbo,18,20280442,15,2208,23.148,22.874,0.007565147514636654,21.556,195.776
x264,rf_smbo,18,20280442,16,1920,23.398,22.874,0.007565147514636654,21.556,195.776
x264,rf_smbo,18,20280442,17,2196,22.452,22.452,0.005142922741361501,21.556,195.776
x264,rf_smbo,18,20280442,18,2268,22.312,22.312,0.004339341063023764,21.556,195.776
x264,rf_smbo,18,20280442,19,1980,23.034,22.312,0.004339341063023764,21.556,195.776
x264,rf_smbo,18,20280442,20,2272,31.748,22.312,0.004339341063023764,21.556,195.776
x264,rf_smbo,18,20280442,21,1632,23.096,22.312,0.004339341063023764,21.556,195.776
x264,rf_smbo,18,20280442,22,1344,23.338,22.312,0.004339341063023764,21.556,195.776
x264,rf_smbo,18,20280442,23,1620,22.138,22.138,0.0033406038342325838,21.556,195.776
x264,rf_smbo,18,20280442,24,1332,22.396,22.138,0.0033406038342325838,21.556,195.776
x264,rf_smbo,18,20280442,25,1908,22.492,22.138,0.0033406038342325838,21.556,195.776
x264,rf_smbo,18,20280442,26,1912,30.594,22.138,0.0033406038342325838,21.556,195.776
x264,rf_smbo,18,20280442,27,1584,22.19,22.138,0.0033406038342325838,21.556,195.776
x264,rf_smbo,18,20280442,28,1476,23.582,22.138,0.0033406038342325838,21.556,195.776
x264,rf_smbo,18,20280442,29,2197,80.744,22.138,0.0033406038342325838,21.556,195.776
x264,rf_smbo,18,20280442,30,2160,22.248,22.138,0.0033406038342325838,21.556,195.776
x264,rf_smbo,18,20280442,31,2016,23.768,22.138,0.0033406038342325838,21.556,195.776
x264,rf_smbo,18,20280442,32,1296,22.522,22.138,0.0033406038342325838,21.556,195.776
x264,rf_smbo,18,20280442,33,2271,29.396,22.138,0.0033406038342325838,21.556,195.776
x264,rf_smbo,18,20280442,34,432,21.97,21.97,0.002376305820227287,21.556,195.776
x264,rf_smbo,18,20280442,35,144,21.906,21.906,0.0020089541958443224,21.556,195.776
x264,rf_smbo,18,20280442,36,1008,21.586,21.586,0.00017219607392950054,21.556,195.776
x264,rf_smbo,18,20280442,37,468,21.698,21.586,0.00017219607392950054,21.556,195.776
x264,rf_smbo,18,20280442,38,0,23.546,21.586,0.00017219607392950054,21.556,195.776
x264,rf_smbo,18,20280442,39,504,21.65,21.586,0.00017219607392950054,21.556,195.776
x264,rf_smbo,18,20280442,40,720,21.772,21.586,0.00017219607392950054,21.556,195.776
x264,rf_smbo,18,20280442,41,1044,21.556,21.556,0.0,21.556,195.776
x264,rf_smbo,18,20280442,42,1080,21.694,21.556,0.0,21.556,195.776
x264,rf_smbo,18,20280442,43,1116,21.636,21.556,0.0,21.556,195.776
x264,rf_smbo,18,20280442,44,1081,78.356,21.556,0.0,21.556,195.776
x264,rf_smbo,18,20280442,45,1011,28.428,21.556,0.0,21.556,195.776
x264,rf_smbo,18,20280442,46,409,86.332,21.556,0.0,21.556,195.776
x264,rf_smbo,18,20280442,47,540,21.678,21.556,0.0,21.556,195.776
x264,rf_smbo,18,20280442,48,756,79.142,21.556,0.0,21.556,195.776
x264,rf_smbo,18,20280442,49,480,22.854,21.556,0.0,21.556,195.776
x264,rf_smbo,18,20280442,50,324,23.212,21.556,0.0,21.556,195.776
x264,random_search,19,20280443,1,1065,136.418,136.418,0.6592928481230629,21.556,195.776
x264,random_search,19,20280443,2,800,46.604,46.604,0.14377224199288255,21.556,195.776
x264,random_search,19,20280443,3,2672,49.004,46.604,0.14377224199288255,21.556,195.776
x264,random_search,19,20280443,4,3923,52.234,46.604,0.14377224199288255,21.556,195.776
x264,random_search,19,20280443,5,2867,61.168,46.604,0.14377224199288255,21.556,195.776
x264,random_search,19,20280443,6,4489,86.616,46.604,0.14377224199288255,21.556,195.776
x264,random_search,19,20280443,7,1102,82.968,46.604,0.14377224199288255,21.556,195.776
x264,random_search,19,20280443,8,2883,33.696,33.696,0.06968201125014348,21.556,195.776
x264,random_search,19,20280443,9,2506,83.398,33.696,0.06968201125014348,21.556,195.776
x264,random_search,19,20280443,10,1822,99.664,33.696,0.06968201125014348,21.556,195.776
x264,random_search,19,20280443,11,66,62.43,33.696,0.06968201125014348,21.556,195.776
x264,random_search,19,20280443,12,2138,46.678,33.696,0.06968201125014348,21.556,195.776
x264,random_search,19,20280443,13,2617,93.314,33.696,0.06968201125014348,21.556,195.776
x264,random_search,19,20280443,14,2641,92.722,33.696,0.06968201125014348,21.556,195.776
x264,random_search,19,20280443,15,4034,50.44,33.696,0.06968201125014348,21.556,195.776
x264,random_search,19,20280443,16,4295,70.548,33.696,0.06968201125014348,21.556,195.776
x264,random_search,19,20280443,17,1338,59.592,33.696,0.06968201125014348,21.556,195.776
x264,random_search,19,20280443,18,282,66.384,33.696,0.06968201125014348,21.556,195.776
x264,random_search,19,20280443,19,3400,33.92,33.696,0.06968201125014348,21.556,195.776
x264,random_search,19,20280443,20,1356,24.142,24.142,0.014843301572724133,21.556,195.776
x264,random_search,19,20280443,21,3195,33.552,24.142,0.014843301572724133,21.556,195.776
x264,random_search,19,20280443,22,4372,31.57,24.142,0.014843301572724133,21.556,195.776
x264,random_search,19,20280443,23,1793,118.884,24.142,0.014843301572724133,21.556,195.776
x264,random_search,19,20280443,24,435,28.656,24.142,0.014843301572724133,21.556,195.776
x264,random_search,19,20280443,25,1150,83.378,24.142,0.014843301572724133,21.556,195.776
x264,random_search,19,20280443,26,3574,104.552,24.142,0.014843301572724133,21.556,195.776
x264,random_search,19,20280443,27,2893,93.962,24.142,0.014843301572724133,21.556,195.776
x264,random_search,19,20280443,28,3765,153.87,24.142,0.014843301572724133,21.556,195.776
x264,random_search,19,20280443,29,4353,153.548,24.142,0.014843301572724133,21.556,195.776
x264,random_search,19,20280443,30,1591,37.706,24.142,0.014843301572724133,21.556,195.776
x264,random_search,19,20280443,31,1238,47.66,24.142,0.014843301572724133,21.556,195.776
x264,random_search,19,20280443,32,3635,59.28,24.142,0.014843301572724133,21.556,195.776
x264,random_search,19,20280443,33,2489,115.71,24.142,0.014843301572724133,21.556,195.776
x264,random_search,19,20280443,34,3817,94.496,24.142,0.014843301572724133,21.556,195.776
x264,random_search,19,20280443,35,2022,59.814,24.142,0.014843301572724133,21.556,195.776
x264,random_search,19,20280443,36,4021,86.77,24.142,0.014843301572724133,21.556,195.776
x264,random_search,19,20280443,37,4305,180.764,24.142,0.014843301572724133,21.556,195.776
x264,random_search,19,20280443,38,738,59.296,24.142,0.014843301572724133,21.556,195.776
x264,random_search,19,20280443,39,723,29.188,24.142,0.014843301572724133,21.556,195.776
x264,random_search,19,20280443,40,4297,87.212,24.142,0.014843301572724133,21.556,195.776
x264,random_search,19,20280443,41,2340,24.974,24.142,0.014843301572724133,21.556,195.776
x264,random_search,19,20280443,42,1409,123.932,24.142,0.014843301572724133,21.556,195.776
x264,random_search,19,20280443,43,4088,44.466,24.142,0.014843301572724133,21.556,195.776
x264,random_search,19,20280443,44,1879,41.444,24.142,0.014843301572724133,21.556,195.776
x264,random_search,19,20280443,45,1700,43.144,24.142,0.014843301572724133,21.556,195.776
x264,random_search,19,20280443,46,4388,41.072,24.142,0.014843301572724133,21.556,195.776
x264,random_search,19,20280443,47,3377,109.508,24.142,0.014843301572724133,21.556,195.776
x264,random_search,19,20280443,48,2342,49.424,24.142,0.014843301572724133,21.556,195.776
x264,random_search,19,20280443,49,4567,46.666,24.142,0.014843301572724133,21.556,195.776
x264,random_search,19,20280443,50,2018,47.042,24.142,0.014843301572724133,21.556,195.776
x264,rf_smbo,19,20280443,1,3226,79.956,79.956,0.33520835724945475,21.556,195.776
x264,rf_smbo,19,20280443,2,3099,30.764,30.764,0.05285271495809895,21.556,195.776
x264,rf_smbo,19,20280443,3,1040,37.83,30.764,0.05285271495809895,21.556,195.776
x264,rf_smbo,19,20280443,4,312,23.326,23.326,0.010159568361841348,21.556,195.776
x264,rf_smbo,19,20280443,5,1258,99.82,23.326,0.010159568361841348,21.556,195.776
x264,rf_smbo,19,20280443,6,3396,23.924,23.326,0.010159568361841348,21.556,195.776
x264,rf_smbo,19,20280443,7,3672,24.206,23.326,0.010159568361841348,21.556,195.776
x264,rf_smbo,19,20280443,8,2716,35.874,23.326,0.010159568361841348,21.556,195.776
x264,rf_smbo,19,20280443,9,504,21.65,21.65,0.000539547698312465,21.556,195.776
x264,rf_smbo,19,20280443,10,1368,22.496,21.65,0.000539547698312465,21.556,195.776
x264,rf_smbo,19,20280443,11,1620,22.138,21.65,0.000539547698312465,21.556,195.776
x264,rf_smbo,19,20280443,12,1512,23.666,21.65,0.000539547698312465,21.556,195.776
x264,rf_smbo,19,20280443,13,1584,22.19,21.65,0.000539547698312465,21.556,195.776
x264,rf_smbo,19,20280443,14,1152,25.19,21.65,0.000539547698312465,21.556,195.776
x264,rf_smbo,19,20280443,15,1692,22.142,21.65,0.000539547698312465,21.556,195.776
x264,rf_smbo,19,20280443,16,1659,29.23,21.65,0.000539547698312465,21.556,195.776
x264,rf_smbo,19,20280443,17,1632,23.096,21.65,0.000539547698312465,21.556,195.776
x264,rf_smbo,19,20280443,18,1644,23.552,21.65,0.000539547698312465,21.556,195.776
x264,rf_smbo,19,20280443,19,492,23.35,21.65,0.000539547698312465,21.556,195.776
x264,rf_smbo,19,20280443,20,1476,23.582,21.65,0.000539547698312465,21.556,195.776
x264,rf_smbo,19,20280443,21,1621,80.552,21.65,0.000539547698312465,21.556,195.776
x264,rf_smbo,19,20280443,22,1646,44.036,21.65,0.000539547698312465,21.556,195.776
x264,rf_smbo,19,20280443,23,540,21.678,21.65,0.000539547698312465,21.556,195.776
x264,rf_smbo,19,20280443,24,1199,59.552,21.65,0.000539547698312465,21.556,195.776
x264,rf_smbo,19,20280443,25,85,87.328,21.65,0.000539547698312465,21.556,195.776
x264,rf_smbo,19,20280443,26,87,31.094,21.65,0.000539547698312465,21.556,195.776
x264,rf_smbo,19,20280443,27,1116,21.636,21.636,0.0004591895304786953,21.556,195.776
x264,rf_smbo,19,20280443,28,2268,22.312,21.636,0.0004591895304786953,21.556,195.776
x264,rf_smbo,19,20280443,29,1080,21.694,21.636,0.0004591895304786953,21.556,195.776
x264,rf_smbo,19,20280443,30,828,22.018,21.636,0.0004591895304786953,21.556,195.776
x264,rf_smbo,19,20280443,31,1008,21.586,21.586,0.00017219607392950054,21.556,195.776
x264,rf_smbo,19,20280443,32,264,22.59,21.586,0.00017219607392950054,21.556,195.776
x264,rf_smbo,19,20280443,33,792,21.758,21.586,0.00017219607392950054,21.556,195.776
x264,rf_smbo,19,20280443,34,432,21.97,21.586,0.00017219607392950054,21.556,195.776
x264,rf_smbo,19,20280443,35,818,42.982,21.586,0.00017219607392950054,21.556,195.776
x264,rf_smbo,19,20280443,36,1044,21.556,21.556,0.0,21.556,195.776
x264,rf_smbo,19,20280443,37,468,21.698,21.556,0.0,21.556,195.776
x264,rf_smbo,19,20280443,38,720,21.772,21.556,0.0,21.556,195.776
x264,rf_smbo,19,20280443,39,2690,49.434,21.556,0.0,21.556,195.776
x264,rf_smbo,19,20280443,40,1370,43.496,21.556,0.0,21.556,195.776
x264,rf_smbo,19,20280443,41,216,21.714,21.556,0.0,21.556,195.776
x264,rf_smbo,19,20280443,42,1238,47.66,21.556,0.0,21.556,195.776
x264,rf_smbo,19,20280443,43,756,79.142,21.556,0.0,21.556,195.776
x264,rf_smbo,19,20280443,44,2196,22.452,21.556,0.0,21.556,195.776
x264,rf_smbo,19,20280443,45,249,172.042,21.556,0.0,21.556,195.776
x264,rf_smbo,19,20280443,46,3420,23.776,21.556,0.0,21.556,195.776
x264,rf_smbo,19,20280443,47,1944,22.646,21.556,0.0,21.556,195.776
x264,rf_smbo,19,20280443,48,2160,22.248,21.556,0.0,21.556,195.776
x264,rf_smbo,19,20280443,49,4277,131.808,21.556,0.0,21.556,195.776
x264,rf_smbo,19,20280443,50,480,22.854,21.556,0.0,21.556,195.776
x264,random_search,20,20280444,1,4448,49.074,49.074,0.15794971874641256,21.556,195.776
x264,random_search,20,20280444,2,854,43.288,43.288,0.12473883595454022,21.556,195.776
x264,random_search,20,20280444,3,2350,87.574,43.288,0.12473883595454022,21.556,195.776
x264,random_search,20,20280444,4,3797,118.852,43.288,0.12473883595454022,21.556,195.776
x264,random_search,20,20280444,5,3992,46.574,43.288,0.12473883595454022,21.556,195.776
x264,random_search,20,20280444,6,3794,49.774,43.288,0.12473883595454022,21.556,195.776
x264,random_search,20,20280444,7,915,30.792,30.792,0.053013431293766504,21.556,195.776
x264,random_search,20,20280444,8,2110,91.642,30.792,0.053013431293766504,21.556,195.776
x264,random_search,20,20280444,9,4349,119.258,30.792,0.053013431293766504,21.556,195.776
x264,random_search,20,20280444,10,2092,34.428,30.792,0.053013431293766504,21.556,195.776
x264,random_search,20,20280444,11,2661,152.516,30.792,0.053013431293766504,21.556,195.776
x264,random_search,20,20280444,12,1004,46.102,30.792,0.053013431293766504,21.556,195.776
x264,random_search,20,20280444,13,2499,31.782,30.792,0.053013431293766504,21.556,195.776
x264,random_search,20,20280444,14,1517,128.522,30.792,0.053013431293766504,21.556,195.776
x264,random_search,20,20280444,15,4110,75.42,30.792,0.053013431293766504,21.556,195.776
x264,random_search,20,20280444,16,452,37.614,30.792,0.053013431293766504,21.556,195.776
x264,random_search,20,20280444,17,650,45.922,30.792,0.053013431293766504,21.556,195.776
x264,random_search,20,20280444,18,46,84.112,30.792,0.053013431293766504,21.556,195.776
x264,random_search,20,20280444,19,3375,31.832,30.792,0.053013431293766504,21.556,195.776
x264,random_search,20,20280444,20,2106,67.808,30.792,0.053013431293766504,21.556,195.776
x264,random_search,20,20280444,21,2027,52.748,30.792,0.053013431293766504,21.556,195.776
x264,random_search,20,20280444,22,149,110.394,30.792,0.053013431293766504,21.556,195.776
x264,random_search,20,20280444,23,1018,71.616,30.792,0.053013431293766504,21.556,195.776
x264,random_search,20,20280444,24,642,62.178,30.792,0.053013431293766504,21.556,195.776
x264,random_search,20,20280444,25,2618,49.512,30.792,0.053013431293766504,21.556,195.776
x264,random_search,20,20280444,26,3154,96.112,30.792,0.053013431293766504,21.556,195.776
x264,random_search,20,20280444,27,1636,29.368,29.368,0.04483985765124554,21.556,195.776
x264,random_search,20,20280444,28,4504,30.03,29.368,0.04483985765124554,21.556,195.776
x264,random_search,20,20280444,29,1270,99.848,29.368,0.04483985765124554,21.556,195.776
x264,random_search,20,20280444,30,2150,46.698,29.368,0.04483985765124554,21.556,195.776
x264,random_search,20,20280444,31,2977,93.822,29.368,0.04483985765124554,21.556,195.776
x264,random_search,20,20280444,32,1104,22.982,22.982,0.008185053380782908,21.556,195.776
x264,random_search,20,20280444,33,2354,49.316,22.982,0.008185053380782908,21.556,195.776
x264,random_search,20,20280444,34,1954,92.358,22.982,0.008185053380782908,21.556,195.776
x264,random_search,20,20280444,35,3022,103.226,22.982,0.008185053380782908,21.556,195.776
x264,random_search,20,20280444,36,3510,66.29,22.982,0.008185053380782908,21.556,195.776
x264,random_search,20,20280444,37,3048,24.694,22.982,0.008185053380782908,21.556,195.776
x264,random_search,20,20280444,38,2849,121.358,22.982,0.008185053380782908,21.556,195.776
x264,random_search,20,20280444,39,3638,46.1,22.982,0.008185053380782908,21.556,195.776
x264,random_search,20,20280444,40,746,43.268,22.982,0.008185053380782908,21.556,195.776
x264,random_search,20,20280444,41,3956,39.682,22.982,0.008185053380782908,21.556,195.776
x264,random_search,20,20280444,42,126,70.476,22.982,0.008185053380782908,21.556,195.776
x264,random_search,20,20280444,43,3246,70.69,22.982,0.008185053380782908,21.556,195.776
x264,random_search,20,20280444,44,1467,31.768,22.982,0.008185053380782908,21.556,195.776
x264,random_search,20,20280444,45,2105,128.004,22.982,0.008185053380782908,21.556,195.776
x264,random_search,20,20280444,46,2082,59.454,22.982,0.008185053380782908,21.556,195.776
x264,random_search,20,20280444,47,3395,60.378,22.982,0.008185053380782908,21.556,195.776
x264,random_search,20,20280444,48,166,80.554,22.982,0.008185053380782908,21.556,195.776
x264,random_search,20,20280444,49,1548,23.49,22.982,0.008185053380782908,21.556,195.776
x264,random_search,20,20280444,50,790,80.926,22.982,0.008185053380782908,21.556,195.776
x264,rf_smbo,20,20280444,1,2916,25.014,25.014,0.01984846745494202,21.556,195.776
x264,rf_smbo,20,20280444,2,2327,61.584,25.014,0.01984846745494202,21.556,195.776
x264,rf_smbo,20,20280444,3,2681,134.706,25.014,0.01984846745494202,21.556,195.776
x264,rf_smbo,20,20280444,4,65,117.374,25.014,0.01984846745494202,21.556,195.776
x264,rf_smbo,20,20280444,5,3738,70.888,25.014,0.01984846745494202,21.556,195.776
x264,rf_smbo,20,20280444,6,3939,32.032,25.014,0.01984846745494202,21.556,195.776
x264,rf_smbo,20,20280444,7,1335,29.768,25.014,0.01984846745494202,21.556,195.776
x264,rf_smbo,20,20280444,8,2487,31.1,25.014,0.01984846745494202,21.556,195.776
x264,rf_smbo,20,20280444,9,2343,33.448,25.014,0.01984846745494202,21.556,195.776
x264,rf_smbo,20,20280444,10,3135,31.274,25.014,0.01984846745494202,21.556,195.776
x264,rf_smbo,20,20280444,11,1008,21.586,21.586,0.00017219607392950054,21.556,195.776
x264,rf_smbo,20,20280444,12,1080,21.694,21.586,0.00017219607392950054,21.556,195.776
x264,rf_smbo,20,20280444,13,864,23.586,21.586,0.00017219607392950054,21.556,195.776
x264,rf_smbo,20,20280444,14,2232,22.254,21.586,0.00017219607392950054,21.556,195.776
x264,rf_smbo,20,20280444,15,2089,88.944,21.586,0.00017219607392950054,21.556,195.776
x264,rf_smbo,20,20280444,16,936,22.928,21.586,0.00017219607392950054,21.556,195.776
x264,rf_smbo,20,20280444,17,1084,31.096,21.586,0.00017219607392950054,21.556,195.776
x264,rf_smbo,20,20280444,18,2016,23.768,21.586,0.00017219607392950054,21.556,195.776
x264,rf_smbo,20,20280444,19,1584,22.19,21.586,0.00017219607392950054,21.556,195.776
x264,rf_smbo,20,20280444,20,4464,23.488,21.586,0.00017219607392950054,21.556,195.776
x264,rf_smbo,20,20280444,21,4320,25.326,21.586,0.00017219607392950054,21.556,195.776
x264,rf_smbo,20,20280444,22,1872,22.622,21.586,0.00017219607392950054,21.556,195.776
x264,rf_smbo,20,20280444,23,1440,23.984,21.586,0.00017219607392950054,21.556,195.776
x264,rf_smbo,20,20280444,24,1296,22.522,21.586,0.00017219607392950054,21.556,195.776
x264,rf_smbo,20,20280444,25,1592,37.176,21.586,0.00017219607392950054,21.556,195.776
x264,rf_smbo,20,20280444,26,1020,22.29,21.586,0.00017219607392950054,21.556,195.776
x264,rf_smbo,20,20280444,27,2172,22.866,21.586,0.00017219607392950054,21.556,195.776
x264,rf_smbo,20,20280444,28,744,23.238,21.586,0.00017219607392950054,21.556,195.776
x264,rf_smbo,20,20280444,29,1032,23.048,21.586,0.00017219607392950054,21.556,195.776
x264,rf_smbo,20,20280444,30,432,21.97,21.586,0.00017219607392950054,21.556,195.776
x264,rf_smbo,20,20280444,31,720,21.772,21.586,0.00017219607392950054,21.556,195.776
x264,rf_smbo,20,20280444,32,542,41.818,21.586,0.00017219607392950054,21.556,195.776
x264,rf_smbo,20,20280444,33,144,21.906,21.586,0.00017219607392950054,21.556,195.776
x264,rf_smbo,20,20280444,34,1896,23.67,21.586,0.00017219607392950054,21.556,195.776
x264,rf_smbo,20,20280444,35,3312,23.266,21.586,0.00017219607392950054,21.556,195.776
x264,rf_smbo,20,20280444,36,168,23.268,21.586,0.00017219607392950054,21.556,195.776
x264,rf_smbo,20,20280444,37,180,22.168,21.586,0.00017219607392950054,21.556,195.776
x264,rf_smbo,20,20280444,38,756,79.142,21.586,0.00017219607392950054,21.556,195.776
x264,rf_smbo,20,20280444,39,732,22.432,21.586,0.00017219607392950054,21.556,195.776
x264,rf_smbo,20,20280444,40,156,22.664,21.586,0.00017219607392950054,21.556,195.776
x264,rf_smbo,20,20280444,41,3024,23.386,21.586,0.00017219607392950054,21.556,195.776
x264,rf_smbo,20,20280444,42,216,21.714,21.586,0.00017219607392950054,21.556,195.776
x264,rf_smbo,20,20280444,43,146,42.334,21.586,0.00017219607392950054,21.556,195.776
x264,rf_smbo,20,20280444,44,792,21.758,21.586,0.00017219607392950054,21.556,195.776
x264,rf_smbo,20,20280444,45,721,79.442,21.586,0.00017219607392950054,21.556,195.776
x264,rf_smbo,20,20280444,46,504,21.65,21.586,0.00017219607392950054,21.556,195.776
x264,rf_smbo,20,20280444,47,228,22.816,21.586,0.00017219607392950054,21.556,195.776
x264,rf_smbo,20,20280444,48,2520,23.206,21.586,0.00017219607392950054,21.556,195.776
x264,rf_smbo,20,20280444,49,444,22.452,21.586,0.00017219607392950054,21.556,195.776
x264,rf_smbo,20,20280444,50,1368,22.496,21.586,0.00017219607392950054,21.556,195.776
x264,random_search,21,20280445,1,3876,25.038,25.038,0.019986224314085636,21.556,195.776
x264,random_search,21,20280445,2,139,50.296,25.038,0.019986224314085636,21.556,195.776
x264,random_search,21,20280445,3,2081,113.162,25.038,0.019986224314085636,21.556,195.776
x264,random_search,21,20280445,4,1266,71.572,25.038,0.019986224314085636,21.556,195.776
x264,random_search,21,20280445,5,4547,61.406,25.038,0.019986224314085636,21.556,195.776
x264,random_search,21,20280445,6,688,35.482,25.038,0.019986224314085636,21.556,195.776
x264,random_search,21,20280445,7,888,23.334,23.334,0.010205487314889213,21.556,195.776
x264,random_search,21,20280445,8,2527,49.204,23.334,0.010205487314889213,21.556,195.776
x264,random_search,21,20280445,9,2188,29.528,23.334,0.010205487314889213,21.556,195.776
x264,random_search,21,20280445,10,1059,29.24,23.334,0.010205487314889213,21.556,195.776
x264,random_search,21,20280445,11,4066,87.99,23.334,0.010205487314889213,21.556,195.776
x264,random_search,21,20280445,12,1819,50.702,23.334,0.010205487314889213,21.556,195.776
x264,random_search,21,20280445,13,4372,31.57,23.334,0.010205487314889213,21.556,195.776
x264,random_search,21,20280445,14,708,23.002,23.002,0.008299850763402583,21.556,195.776
x264,random_search,21,20280445,15,4586,45.946,23.002,0.008299850763402583,21.556,195.776
x264,random_search,21,20280445,16,2633,118.068,23.002,0.008299850763402583,21.556,195.776
x264,random_search,21,20280445,17,3514,87.904,23.002,0.008299850763402583,21.556,195.776
x264,random_search,21,20280445,18,1769,118.782,23.002,0.008299850763402583,21.556,195.776
x264,random_search,21,20280445,19,4054,88.24,23.002,0.008299850763402583,21.556,195.776
x264,random_search,21,20280445,20,3652,32.436,23.002,0.008299850763402583,21.556,195.776
x264,random_search,21,20280445,21,294,58.836,23.002,0.008299850763402583,21.556,195.776
x264,random_search,21,20280445,22,4225,87.076,23.002,0.008299850763402583,21.556,195.776
x264,random_search,21,20280445,23,2500,32.554,23.002,0.008299850763402583,21.556,195.776
x264,random_search,21,20280445,24,1970,44.56,23.002,0.008299850763402583,21.556,195.776
x264,random_search,21,20280445,25,2475,32.0,23.002,0.008299850763402583,21.556,195.776
x264,random_search,21,20280445,26,3992,46.574,23.002,0.008299850763402583,21.556,195.776
x264,random_search,21,20280445,27,2795,51.746,23.002,0.008299850763402583,21.556,195.776
x264,random_search,21,20280445,28,1611,30.398,23.002,0.008299850763402583,21.556,195.776
x264,random_search,21,20280445,29,4430,49.896,23.002,0.008299850763402583,21.556,195.776
x264,random_search,21,20280445,30,424,34.102,23.002,0.008299850763402583,21.556,195.776
x264,random_search,21,20280445,31,4148,53.148,23.002,0.008299850763402583,21.556,195.776
x264,random_search,21,20280445,32,2453,116.314,23.002,0.008299850763402583,21.556,195.776
x264,random_search,21,20280445,33,4415,67.326,23.002,0.008299850763402583,21.556,195.776
x264,random_search,21,20280445,34,1782,63.506,23.002,0.008299850763402583,21.556,195.776
x264,random_search,21,20280445,35,428,46.53,23.002,0.008299850763402583,21.556,195.776
x264,random_search,21,20280445,36,465,136.322,23.002,0.008299850763402583,21.556,195.776
x264,random_search,21,20280445,37,3191,54.386,23.002,0.008299850763402583,21.556,195.776
x264,random_search,21,20280445,38,2437,93.496,23.002,0.008299850763402583,21.556,195.776
x264,random_search,21,20280445,39,4045,95.364,23.002,0.008299850763402583,21.556,195.776
x264,random_search,21,20280445,40,3070,82.924,23.002,0.008299850763402583,21.556,195.776
x264,random_search,21,20280445,41,2456,42.38,23.002,0.008299850763402583,21.556,195.776
x264,random_search,21,20280445,42,4350,62.796,23.002,0.008299850763402583,21.556,195.776
x264,random_search,21,20280445,43,4554,65.636,23.002,0.008299850763402583,21.556,195.776
x264,random_search,21,20280445,44,3727,50.756,23.002,0.008299850763402583,21.556,195.776
x264,random_search,21,20280445,45,4287,31.71,23.002,0.008299850763402583,21.556,195.776
x264,random_search,21,20280445,46,3632,43.882,23.002,0.008299850763402583,21.556,195.776
x264,random_search,21,20280445,47,2065,88.436,23.002,0.008299850763402583,21.556,195.776
x264,random_search,21,20280445,48,3935,51.492,23.002,0.008299850763402583,21.556,195.776
x264,random_search,21,20280445,49,2425,93.5,23.002,0.008299850763402583,21.556,195.776
x264,random_search,21,20280445,50,419,63.314,23.002,0.008299850763402583,21.556,195.776
x264,rf_smbo,21,20280445,1,1900,31.496,31.496,0.05705429916197909,21.556,195.776
x264,rf_smbo,21,20280445,2,3188,41.048,31.496,0.05705429916197909,21.556,195.776
x264,rf_smbo,21,20280445,3,3362,45.38,31.496,0.05705429916197909,21.556,195.776
x264,rf_smbo,21,20280445,4,1462,77.904,31.496,0.05705429916197909,21.556,195.776
x264,rf_smbo,21,20280445,5,2731,49.57,31.496,0.05705429916197909,21.556,195.776
x264,rf_smbo,21,20280445,6,769,79.702,31.496,0.05705429916197909,21.556,195.776
x264,rf_smbo,21,20280445,7,4564,34.752,31.496,0.05705429916197909,21.556,195.776
x264,rf_smbo,21,20280445,8,4568,46.244,31.496,0.05705429916197909,21.556,195.776
x264,rf_smbo,21,20280445,9,4204,32.976,31.496,0.05705429916197909,21.556,195.776
x264,rf_smbo,21,20280445,10,4200,25.056,25.056,0.020089541958443348,21.556,195.776
x264,rf_smbo,21,20280445,11,4176,23.792,23.792,0.012834347376879812,21.556,195.776
x264,rf_smbo,21,20280445,12,1896,23.67,23.67,0.012134083342899787,21.556,195.776
x264,rf_smbo,21,20280445,13,1752,23.774,23.67,0.012134083342899787,21.556,195.776
x264,rf_smbo,21,20280445,14,1872,22.622,22.622,0.006118700493628739,21.556,195.776
x264,rf_smbo,21,20280445,15,1908,22.492,22.492,0.005372517506600849,21.556,195.776
x264,rf_smbo,21,20280445,16,1308,23.338,22.492,0.005372517506600849,21.556,195.776
x264,rf_smbo,21,20280445,17,1875,29.792,22.492,0.005372517506600849,21.556,195.776
x264,rf_smbo,21,20280445,18,1920,23.398,22.492,0.005372517506600849,21.556,195.776
x264,rf_smbo,21,20280445,19,1200,24.108,22.492,0.005372517506600849,21.556,195.776
x264,rf_smbo,21,20280445,20,1188,23.724,22.492,0.005372517506600849,21.556,195.776
x264,rf_smbo,21,20280445,21,1416,23.194,22.492,0.005372517506600849,21.556,195.776
x264,rf_smbo,21,20280445,22,1992,23.396,22.492,0.005372517506600849,21.556,195.776
x264,rf_smbo,21,20280445,23,1848,23.846,22.492,0.005372517506600849,21.556,195.776
x264,rf_smbo,21,20280445,24,1344,23.338,22.492,0.005372517506600849,21.556,195.776
x264,rf_smbo,21,20280445,25,1347,30.64,22.492,0.005372517506600849,21.556,195.776
x264,rf_smbo,21,20280445,26,1910,43.474,22.492,0.005372517506600849,21.556,195.776
x264,rf_smbo,21,20280445,27,1980,23.034,22.492,0.005372517506600849,21.556,195.776
x264,rf_smbo,21,20280445,28,4284,23.584,22.492,0.005372517506600849,21.556,195.776
x264,rf_smbo,21,20280445,29,756,79.142,22.492,0.005372517506600849,21.556,195.776
x264,rf_smbo,21,20280445,30,1332,22.396,22.396,0.0048214900700264025,21.556,195.776
x264,rf_smbo,21,20280445,31,1836,23.89,22.396,0.0048214900700264025,21.556,195.776
x264,rf_smbo,21,20280445,32,1764,23.93,22.396,0.0048214900700264025,21.556,195.776
x264,rf_smbo,21,20280445,33,4212,23.776,22.396,0.0048214900700264025,21.556,195.776
x264,rf_smbo,21,20280445,34,1296,22.522,22.396,0.0048214900700264025,21.556,195.776
x264,rf_smbo,21,20280445,35,252,21.942,21.942,0.002215589484559748,21.556,195.776
x264,rf_smbo,21,20280445,36,1368,22.496,21.942,0.002215589484559748,21.556,195.776
x264,rf_smbo,21,20280445,37,1404,22.746,21.942,0.002215589484559748,21.556,195.776
x264,rf_smbo,21,20280445,38,1776,23.66,21.942,0.002215589484559748,21.556,195.776
x264,rf_smbo,21,20280445,39,3636,23.818,21.942,0.002215589484559748,21.556,195.776
x264,rf_smbo,21,20280445,40,3600,23.72,21.942,0.002215589484559748,21.556,195.776
x264,rf_smbo,21,20280445,41,1944,22.646,21.942,0.002215589484559748,21.556,195.776
x264,rf_smbo,21,20280445,42,1380,22.998,21.942,0.002215589484559748,21.556,195.776
x264,rf_smbo,21,20280445,43,1728,23.83,21.942,0.002215589484559748,21.556,195.776
x264,rf_smbo,21,20280445,44,4296,24.51,21.942,0.002215589484559748,21.556,195.776
x264,rf_smbo,21,20280445,45,3492,25.096,21.942,0.002215589484559748,21.556,195.776
x264,rf_smbo,21,20280445,46,1656,22.172,21.942,0.002215589484559748,21.556,195.776
x264,rf_smbo,21,20280445,47,720,21.772,21.772,0.0012398117322924896,21.556,195.776
x264,rf_smbo,21,20280445,48,780,23.474,21.772,0.0012398117322924896,21.556,195.776
x264,rf_smbo,21,20280445,49,1584,22.19,21.772,0.0012398117322924896,21.556,195.776
x264,rf_smbo,21,20280445,50,1692,22.142,21.772,0.0012398117322924896,21.556,195.776
x264,random_search,22,20280446,1,185,110.004,110.004,0.5076799448972564,21.556,195.776
x264,random_search,22,20280446,2,273,171.186,110.004,0.5076799448972564,21.556,195.776
x264,random_search,22,20280446,3,4498,75.596,75.596,0.3101825278383653,21.556,195.776
x264,random_search,22,20280446,4,1131,29.466,29.466,0.04540236482608197,21.556,195.776
x264,random_search,22,20280446,5,447,29.254,29.254,0.0441855125703134,21.556,195.776
x264,random_search,22,20280446,6,3808,31.58,29.254,0.0441855125703134,21.556,195.776
x264,random_search,22,20280446,7,1518,67.912,29.254,0.0441855125703134,21.556,195.776
x264,random_search,22,20280446,8,2025,147.982,29.254,0.0441855125703134,21.556,195.776
x264,random_search,22,20280446,9,403,46.24,29.254,0.0441855125703134,21.556,195.776
x264,random_search,22,20280446,10,4572,23.434,23.434,0.010779474227987603,21.556,195.776
x264,random_search,22,20280446,11,2402,49.93,23.434,0.010779474227987603,21.556,195.776
x264,random_search,22,20280446,12,3664,33.154,23.434,0.010779474227987603,21.556,195.776
x264,random_search,22,20280446,13,973,85.976,23.434,0.010779474227987603,21.556,195.776
x264,random_search,22,20280446,14,1818,71.606,23.434,0.010779474227987603,21.556,195.776
x264,random_search,22,20280446,15,2767,40.426,23.434,0.010779474227987603,21.556,195.776
x264,random_search,22,20280446,16,4080,25.284,23.434,0.010779474227987603,21.556,195.776
x264,random_search,22,20280446,17,3521,124.814,23.434,0.010779474227987603,21.556,195.776
x264,random_search,22,20280446,18,4063,46.206,23.434,0.010779474227987603,21.556,195.776
x264,random_search,22,20280446,19,2701,92.664,23.434,0.010779474227987603,21.556,195.776
x264,random_search,22,20280446,20,3695,71.122,23.434,0.010779474227987603,21.556,195.776
x264,random_search,22,20280446,21,4454,49.474,23.434,0.010779474227987603,21.556,195.776
x264,random_search,22,20280446,22,365,126.692,23.434,0.010779474227987603,21.556,195.776
x264,random_search,22,20280446,23,2986,103.418,23.434,0.010779474227987603,21.556,195.776
x264,random_search,22,20280446,24,806,42.734,23.434,0.010779474227987603,21.556,195.776
x264,random_search,22,20280446,25,1224,24.092,23.434,0.010779474227987603,21.556,195.776
x264,random_search,22,20280446,26,1660,31.624,23.434,0.010779474227987603,21.556,195.776
x264,random_search,22,20280446,27,3953,110.278,23.434,0.010779474227987603,21.556,195.776
x264,random_search,22,20280446,28,1136,43.108,23.434,0.010779474227987603,21.556,195.776
x264,random_search,22,20280446,29,4125,194.814,23.434,0.010779474227987603,21.556,195.776
x264,random_search,22,20280446,30,1188,23.724,23.434,0.010779474227987603,21.556,195.776
x264,random_search,22,20280446,31,1647,30.732,23.434,0.010779474227987603,21.556,195.776
x264,random_search,22,20280446,32,2895,33.76,23.434,0.010779474227987603,21.556,195.776
x264,random_search,22,20280446,33,1581,173.814,23.434,0.010779474227987603,21.556,195.776
x264,random_search,22,20280446,34,2114,47.06,23.434,0.010779474227987603,21.556,195.776
x264,random_search,22,20280446,35,2148,23.73,23.434,0.010779474227987603,21.556,195.776
x264,random_search,22,20280446,36,596,42.696,23.434,0.010779474227987603,21.556,195.776
x264,random_search,22,20280446,37,2182,72.788,23.434,0.010779474227987603,21.556,195.776
x264,random_search,22,20280446,38,2989,93.512,23.434,0.010779474227987603,21.556,195.776
x264,random_search,22,20280446,39,4053,165.592,23.434,0.010779474227987603,21.556,195.776
x264,random_search,22,20280446,40,1126,82.424,23.434,0.010779474227987603,21.556,195.776
x264,random_search,22,20280446,41,2035,40.592,23.434,0.010779474227987603,21.556,195.776
x264,random_search,22,20280446,42,3743,71.602,23.434,0.010779474227987603,21.556,195.776
x264,random_search,22,20280446,43,2736,23.274,23.274,0.009861095167030192,21.556,195.776
x264,random_search,22,20280446,44,1665,157.904,23.274,0.009861095167030192,21.556,195.776
x264,random_search,22,20280446,45,2738,44.58,23.274,0.009861095167030192,21.556,195.776
x264,random_search,22,20280446,46,4348,31.748,23.274,0.009861095167030192,21.556,195.776
x264,random_search,22,20280446,47,2979,33.71,23.274,0.009861095167030192,21.556,195.776
x264,random_search,22,20280446,48,2721,180.844,23.274,0.009861095167030192,21.556,195.776
x264,random_search,22,20280446,49,1788,23.65,23.274,0.009861095167030192,21.556,195.776
x264,random_search,22,20280446,50,3973,86.234,23.274,0.009861095167030192,21.556,195.776
x264,rf_smbo,22,20280446,1,3569,141.56,141.56,0.6888072551945816,21.556,195.776
x264,rf_smbo,22,20280446,2,1585,80.704,80.704,0.3395017793594306,21.556,195.776
x264,rf_smbo,22,20280446,3,1944,22.646,22.646,0.006256457352772356,21.556,195.776
x264,rf_smbo,22,20280446,4,2986,103.418,22.646,0.006256457352772356,21.556,195.776
x264,rf_smbo,22,20280446,5,2401,93.932,22.646,0.006256457352772356,21.556,195.776
x264,rf_smbo,22,20280446,6,2608,31.662,22.646,0.006256457352772356,21.556,195.776
x264,rf_smbo,22,20280446,7,2196,22.452,22.452,0.005142922741361501,21.556,195.776
x264,rf_smbo,22,20280446,8,1872,22.622,22.452,0.005142922741361501,21.556,195.776
x264,rf_smbo,22,20280446,9,1764,23.93,22.452,0.005142922741361501,21.556,195.776
x264,rf_smbo,22,20280446,10,1876,30.464,22.452,0.005142922741361501,21.556,195.776
x264,rf_smbo,22,20280446,11,1919,56.496,22.452,0.005142922741361501,21.556,195.776
x264,rf_smbo,22,20280446,12,2880,25.272,22.452,0.005142922741361501,21.556,195.776
x264,rf_smbo,22,20280446,13,1956,23.114,22.452,0.005142922741361501,21.556,195.776
x264,rf_smbo,22,20280446,14,1968,24.194,22.452,0.005142922741361501,21.556,195.776
x264,rf_smbo,22,20280446,15,4260,24.672,22.452,0.005142922741361501,21.556,195.776
x264,rf_smbo,22,20280446,16,2256,23.61,22.452,0.005142922741361501,21.556,195.776
x264,rf_smbo,22,20280446,17,1656,22.172,22.172,0.0035357593846860273,21.556,195.776
x264,rf_smbo,22,20280446,18,3819,34.028,22.172,0.0035357593846860273,21.556,195.776
x264,rf_smbo,22,20280446,19,2268,22.312,22.172,0.0035357593846860273,21.556,195.776
x264,rf_smbo,22,20280446,20,1080,21.694,21.694,0.0007921019400757555,21.556,195.776
x264,rf_smbo,22,20280446,21,2292,23.864,21.694,0.0007921019400757555,21.556,195.776
x264,rf_smbo,22,20280446,22,504,21.65,21.65,0.000539547698312465,21.556,195.776
x264,rf_smbo,22,20280446,23,936,22.928,21.65,0.000539547698312465,21.556,195.776
x264,rf_smbo,22,20280446,24,1083,28.7,21.65,0.000539547698312465,21.556,195.776
x264,rf_smbo,22,20280446,25,1692,22.142,21.65,0.000539547698312465,21.556,195.776
x264,rf_smbo,22,20280446,26,540,21.678,21.65,0.000539547698312465,21.556,195.776
x264,rf_smbo,22,20280446,27,396,23.666,21.65,0.000539547698312465,21.556,195.776
x264,rf_smbo,22,20280446,28,2808,23.328,21.65,0.000539547698312465,21.556,195.776
x264,rf_smbo,22,20280446,29,1620,22.138,21.65,0.000539547698312465,21.556,195.776
x264,rf_smbo,22,20280446,30,2844,23.266,21.65,0.000539547698312465,21.556,195.776
x264,rf_smbo,22,20280446,31,432,21.97,21.65,0.000539547698312465,21.556,195.776
x264,rf_smbo,22,20280446,32,456,23.162,21.65,0.000539547698312465,21.556,195.776
x264,rf_smbo,22,20280446,33,468,21.698,21.65,0.000539547698312465,21.556,195.776
x264,rf_smbo,22,20280446,34,324,23.212,21.65,0.000539547698312465,21.556,195.776
x264,rf_smbo,22,20280446,35,216,21.714,21.65,0.000539547698312465,21.556,195.776
x264,rf_smbo,22,20280446,36,252,21.942,21.65,0.000539547698312465,21.556,195.776
x264,rf_smbo,22,20280446,37,542,41.818,21.65,0.000539547698312465,21.556,195.776
x264,rf_smbo,22,20280446,38,3960,23.358,21.65,0.000539547698312465,21.556,195.776
x264,rf_smbo,22,20280446,39,144,21.906,21.65,0.000539547698312465,21.556,195.776
x264,rf_smbo,22,20280446,40,180,22.168,21.65,0.000539547698312465,21.556,195.776
x264,rf_smbo,22,20280446,41,528,23.204,21.65,0.000539547698312465,21.556,195.776
x264,rf_smbo,22,20280446,42,1116,21.636,21.636,0.0004591895304786953,21.556,195.776
x264,rf_smbo,22,20280446,43,1044,21.556,21.556,0.0,21.556,195.776
x264,rf_smbo,22,20280446,44,1404,22.746,21.556,0.0,21.556,195.776
x264,rf_smbo,22,20280446,45,1008,21.586,21.556,0.0,21.556,195.776
x264,rf_smbo,22,20280446,46,3258,70.79,21.556,0.0,21.556,195.776
x264,rf_smbo,22,20280446,47,756,79.142,21.556,0.0,21.556,195.776
x264,rf_smbo,22,20280446,48,1056,22.394,21.556,0.0,21.556,195.776
x264,rf_smbo,22,20280446,49,228,22.816,21.556,0.0,21.556,195.776
x264,rf_smbo,22,20280446,50,792,21.758,21.556,0.0,21.556,195.776
x264,random_search,23,20280447,1,1217,118.872,118.872,0.5585811043508209,21.556,195.776
x264,random_search,23,20280447,2,2285,116.494,116.494,0.5449316955573413,21.556,195.776
x264,random_search,23,20280447,3,597,157.968,116.494,0.5449316955573413,21.556,195.776
x264,random_search,23,20280447,4,1166,47.556,47.556,0.14923659740557912,21.556,195.776
x264,random_search,23,20280447,5,1665,157.904,47.556,0.14923659740557912,21.556,195.776
x264,random_search,23,20280447,6,395,63.534,47.556,0.14923659740557912,21.556,195.776
x264,random_search,23,20280447,7,2351,61.282,47.556,0.14923659740557912,21.556,195.776
x264,random_search,23,20280447,8,1697,116.326,47.556,0.14923659740557912,21.556,195.776
x264,random_search,23,20280447,9,2993,139.692,47.556,0.14923659740557912,21.556,195.776
x264,random_search,23,20280447,10,3225,152.56,47.556,0.14923659740557912,21.556,195.776
x264,random_search,23,20280447,11,2825,121.946,47.556,0.14923659740557912,21.556,195.776
x264,random_search,23,20280447,12,3643,43.474,43.474,0.12580645161290321,21.556,195.776
x264,random_search,23,20280447,13,2724,24.538,24.538,0.01711628974859373,21.556,195.776
x264,random_search,23,20280447,14,2460,24.016,24.016,0.014120078062220166,21.556,195.776
x264,random_search,23,20280447,15,2774,44.928,24.016,0.014120078062220166,21.556,195.776
x264,random_search,23,20280447,16,1685,117.372,24.016,0.014120078062220166,21.556,195.776
x264,random_search,23,20280447,17,3365,109.124,24.016,0.014120078062220166,21.556,195.776
x264,random_search,23,20280447,18,1761,159.57,24.016,0.014120078062220166,21.556,195.776
x264,random_search,23,20280447,19,1384,34.536,24.016,0.014120078062220166,21.556,195.776
x264,random_search,23,20280447,20,4391,54.994,24.016,0.014120078062220166,21.556,195.776
x264,random_search,23,20280447,21,3479,61.65,24.016,0.014120078062220166,21.556,195.776
x264,random_search,23,20280447,22,451,38.006,24.016,0.014120078062220166,21.556,195.776
x264,random_search,23,20280447,23,2566,95.572,24.016,0.014120078062220166,21.556,195.776
x264,random_search,23,20280447,24,4480,30.354,24.016,0.014120078062220166,21.556,195.776
x264,random_search,23,20280447,25,3339,31.652,24.016,0.014120078062220166,21.556,195.776
x264,random_search,23,20280447,26,4380,24.85,24.016,0.014120078062220166,21.556,195.776
x264,random_search,23,20280447,27,1330,81.854,24.016,0.014120078062220166,21.556,195.776
x264,random_search,23,20280447,28,3600,23.72,23.72,0.012421076799448962,21.556,195.776
x264,random_search,23,20280447,29,2211,30.318,23.72,0.012421076799448962,21.556,195.776
x264,random_search,23,20280447,30,3976,34.122,23.72,0.012421076799448962,21.556,195.776
x264,random_search,23,20280447,31,3146,45.974,23.72,0.012421076799448962,21.556,195.776
x264,random_search,23,20280447,32,3830,50.178,23.72,0.012421076799448962,21.556,195.776
x264,random_search,23,20280447,33,912,23.12,23.12,0.008977155320858686,21.556,195.776
x264,random_search,23,20280447,34,389,126.988,23.12,0.008977155320858686,21.556,195.776
x264,random_search,23,20280447,35,1619,50.262,23.12,0.008977155320858686,21.556,195.776
x264,random_search,23,20280447,36,1240,36.598,23.12,0.008977155320858686,21.556,195.776
x264,random_search,23,20280447,37,3046,83.486,23.12,0.008977155320858686,21.556,195.776
x264,random_search,23,20280447,38,4114,104.756,23.12,0.008977155320858686,21.556,195.776
x264,random_search,23,20280447,39,2990,49.298,23.12,0.008977155320858686,21.556,195.776
x264,random_search,23,20280447,40,3747,33.928,23.12,0.008977155320858686,21.556,195.776
x264,random_search,23,20280447,41,4275,32.634,23.12,0.008977155320858686,21.556,195.776
x264,random_search,23,20280447,42,2499,31.782,23.12,0.008977155320858686,21.556,195.776
x264,random_search,23,20280447,43,2279,57.95,23.12,0.008977155320858686,21.556,195.776
x264,random_search,23,20280447,44,1744,32.076,23.12,0.008977155320858686,21.556,195.776
x264,random_search,23,20280447,45,1182,63.276,23.12,0.008977155320858686,21.556,195.776
x264,random_search,23,20280447,46,2988,25.182,23.12,0.008977155320858686,21.556,195.776
x264,random_search,23,20280447,47,2738,44.58,23.12,0.008977155320858686,21.556,195.776
x264,random_search,23,20280447,48,998,45.498,23.12,0.008977155320858686,21.556,195.776
x264,random_search,23,20280447,49,2388,25.184,23.12,0.008977155320858686,21.556,195.776
x264,random_search,23,20280447,50,1162,84.846,23.12,0.008977155320858686,21.556,195.776
x264,rf_smbo,23,20280447,1,1562,46.674,46.674,0.14417403283205144,21.556,195.776
x264,rf_smbo,23,20280447,2,896,39.126,39.126,0.10084950063138559,21.556,195.776
x264,rf_smbo,23,20280447,3,3441,163.556,39.126,0.10084950063138559,21.556,195.776
x264,rf_smbo,23,20280447,4,1592,37.176,37.176,0.08965675582596717,21.556,195.776
x264,rf_smbo,23,20280447,5,1548,23.49,23.49,0.011100906899322681,21.556,195.776
x264,rf_smbo,23,20280447,6,880,29.914,23.49,0.011100906899322681,21.556,195.776
x264,rf_smbo,23,20280447,7,1156,32.202,23.49,0.011100906899322681,21.556,195.776
x264,rf_smbo,23,20280447,8,1516,34.462,23.49,0.011100906899322681,21.556,195.776
x264,rf_smbo,23,20280447,9,72,23.24,23.24,0.009665939616576727,21.556,195.776
x264,rf_smbo,23,20280447,10,648,23.192,23.192,0.009390425898289515,21.556,195.776
x264,rf_smbo,23,20280447,11,2952,25.11,23.192,0.009390425898289515,21.556,195.776
x264,rf_smbo,23,20280447,12,684,23.082,23.082,0.008759040293881299,21.556,195.776
x264,rf_smbo,23,20280447,13,2988,25.182,23.082,0.008759040293881299,21.556,195.776
x264,rf_smbo,23,20280447,14,708,23.002,23.002,0.008299850763402583,21.556,195.776
x264,rf_smbo,23,20280447,15,2412,25.03,23.002,0.008299850763402583,21.556,195.776
x264,rf_smbo,23,20280447,16,696,23.02,23.002,0.008299850763402583,21.556,195.776
x264,rf_smbo,23,20280447,17,3000,24.78,23.002,0.008299850763402583,21.556,195.776
x264,rf_smbo,23,20280447,18,828,22.018,22.018,0.0026518195385145204,21.556,195.776
x264,rf_smbo,23,20280447,19,756,79.142,22.018,0.0026518195385145204,21.556,195.776
x264,rf_smbo,23,20280447,20,712,35.524,22.018,0.0026518195385145204,21.556,195.776
x264,rf_smbo,23,20280447,21,2376,25.088,22.018,0.0026518195385145204,21.556,195.776
x264,rf_smbo,23,20280447,22,830,42.304,22.018,0.0026518195385145204,21.556,195.776
x264,rf_smbo,23,20280447,23,1836,23.89,22.018,0.0026518195385145204,21.556,195.776
x264,rf_smbo,23,20280447,24,660,23.264,22.018,0.0026518195385145204,21.556,195.776
x264,rf_smbo,23,20280447,25,120,23.148,22.018,0.0026518195385145204,21.556,195.776
x264,rf_smbo,23,20280447,26,2964,25.094,22.018,0.0026518195385145204,21.556,195.776
x264,rf_smbo,23,20280447,27,2388,25.184,22.018,0.0026518195385145204,21.556,195.776
x264,rf_smbo,23,20280447,28,396,23.666,22.018,0.0026518195385145204,21.556,195.776
x264,rf_smbo,23,20280447,29,972,22.794,22.018,0.0026518195385145204,21.556,195.776
x264,rf_smbo,23,20280447,30,612,23.192,22.018,0.0026518195385145204,21.556,195.776
x264,rf_smbo,23,20280447,31,831,29.056,22.018,0.0026518195385145204,21.556,195.776
x264,rf_smbo,23,20280447,32,2424,24.902,22.018,0.0026518195385145204,21.556,195.776
x264,rf_smbo,23,20280447,33,984,22.78,22.018,0.0026518195385145204,21.556,195.776
x264,rf_smbo,23,20280447,34,996,22.99,22.018,0.0026518195385145204,21.556,195.776
x264,rf_smbo,23,20280447,35,699,31.054,22.018,0.0026518195385145204,21.556,195.776
x264,rf_smbo,23,20280447,36,694,98.59,22.018,0.0026518195385145204,21.556,195.776
x264,rf_smbo,23,20280447,37,2124,23.824,22.018,0.0026518195385145204,21.556,195.776
x264,rf_smbo,23,20280447,38,1116,21.636,21.636,0.0004591895304786953,21.556,195.776
x264,rf_smbo,23,20280447,39,1080,21.694,21.636,0.0004591895304786953,21.556,195.776
x264,rf_smbo,23,20280447,40,540,21.678,21.636,0.0004591895304786953,21.556,195.776
x264,rf_smbo,23,20280447,41,1128,22.312,21.636,0.0004591895304786953,21.556,195.776
x264,rf_smbo,23,20280447,42,552,22.626,21.636,0.0004591895304786953,21.556,195.776
x264,rf_smbo,23,20280447,43,2232,22.254,21.636,0.0004591895304786953,21.556,195.776
x264,rf_smbo,23,20280447,44,2268,22.312,21.636,0.0004591895304786953,21.556,195.776
x264,rf_smbo,23,20280447,45,504,21.65,21.636,0.0004591895304786953,21.556,195.776
x264,rf_smbo,23,20280447,46,216,21.714,21.636,0.0004591895304786953,21.556,195.776
x264,rf_smbo,23,20280447,47,1656,22.172,21.636,0.0004591895304786953,21.556,195.776
x264,rf_smbo,23,20280447,48,792,21.758,21.636,0.0004591895304786953,21.556,195.776
x264,rf_smbo,23,20280447,49,1104,22.982,21.636,0.0004591895304786953,21.556,195.776
x264,rf_smbo,23,20280447,50,252,21.942,21.636,0.0004591895304786953,21.556,195.776
x264,random_search,24,20280448,1,321,146.222,146.222,0.7155665250832282,21.556,195.776
x264,random_search,24,20280448,2,4320,25.326,25.326,0.021639306623808974,21.556,195.776
x264,random_search,24,20280448,3,4051,46.024,25.326,0.021639306623808974,21.556,195.776
x264,random_search,24,20280448,4,3587,75.652,25.326,0.021639306623808974,21.556,195.776
x264,random_search,24,20280448,5,2348,44.446,25.326,0.021639306623808974,21.556,195.776
x264,random_search,24,20280448,6,53,117.354,25.326,0.021639306623808974,21.556,195.776
x264,random_search,24,20280448,7,4199,58.894,25.326,0.021639306623808974,21.556,195.776
x264,random_search,24,20280448,8,2590,96.464,25.326,0.021639306623808974,21.556,195.776
x264,random_search,24,20280448,9,2284,32.322,25.326,0.021639306623808974,21.556,195.776
x264,random_search,24,20280448,10,106,98.794,25.326,0.021639306623808974,21.556,195.776
x264,random_search,24,20280448,11,79,50.178,25.326,0.021639306623808974,21.556,195.776
x264,random_search,24,20280448,12,2963,74.398,25.326,0.021639306623808974,21.556,195.776
x264,random_search,24,20280448,13,3015,33.798,25.326,0.021639306623808974,21.556,195.776
x264,random_search,24,20280448,14,3786,62.578,25.326,0.021639306623808974,21.556,195.776
x264,random_search,24,20280448,15,1610,43.742,25.326,0.021639306623808974,21.556,195.776
x264,random_search,24,20280448,16,3025,84.826,25.326,0.021639306623808974,21.556,195.776
x264,random_search,24,20280448,17,4011,31.956,25.326,0.021639306623808974,21.556,195.776
x264,random_search,24,20280448,18,4213,86.526,25.326,0.021639306623808974,21.556,195.776
x264,random_search,24,20280448,19,282,66.384,25.326,0.021639306623808974,21.556,195.776
x264,random_search,24,20280448,20,1789,88.9,25.326,0.021639306623808974,21.556,195.776
x264,random_search,24,20280448,21,789,150.51,25.326,0.021639306623808974,21.556,195.776
x264,random_search,24,20280448,22,2256,23.61,23.61,0.011789691195040744,21.556,195.776
x264,random_search,24,20280448,23,1107,30.138,23.61,0.011789691195040744,21.556,195.776
x264,random_search,24,20280448,24,4141,94.946,23.61,0.011789691195040744,21.556,195.776
x264,random_search,24,20280448,25,3497,124.808,23.61,0.011789691195040744,21.556,195.776
x264,random_search,24,20280448,26,1436,48.304,23.61,0.011789691195040744,21.556,195.776
x264,random_search,24,20280448,27,3761,119.45,23.61,0.011789691195040744,21.556,195.776
x264,random_search,24,20280448,28,740,41.344,23.61,0.011789691195040744,21.556,195.776
x264,random_search,24,20280448,29,540,21.678,21.678,0.0007002640339800247,21.556,195.776
x264,random_search,24,20280448,30,427,46.408,21.678,0.0007002640339800247,21.556,195.776
x264,random_search,24,20280448,31,4563,32.286,21.678,0.0007002640339800247,21.556,195.776
x264,random_search,24,20280448,32,4400,49.322,21.678,0.0007002640339800247,21.556,195.776
x264,random_search,24,20280448,33,1034,42.604,21.678,0.0007002640339800247,21.556,195.776
x264,random_search,24,20280448,34,1283,71.788,21.678,0.0007002640339800247,21.556,195.776
x264,random_search,24,20280448,35,2085,147.654,21.678,0.0007002640339800247,21.556,195.776
x264,random_search,24,20280448,36,4246,84.542,21.678,0.0007002640339800247,21.556,195.776
x264,random_search,24,20280448,37,3276,24.874,21.678,0.0007002640339800247,21.556,195.776
x264,random_search,24,20280448,38,2426,49.428,21.678,0.0007002640339800247,21.556,195.776
x264,random_search,24,20280448,39,3013,93.47,21.678,0.0007002640339800247,21.556,195.776
x264,random_search,24,20280448,40,1857,184.776,21.678,0.0007002640339800247,21.556,195.776
x264,random_search,24,20280448,41,2948,44.512,21.678,0.0007002640339800247,21.556,195.776
x264,random_search,24,20280448,42,3584,53.286,21.678,0.0007002640339800247,21.556,195.776
x264,random_search,24,20280448,43,2103,31.866,21.678,0.0007002640339800247,21.556,195.776
x264,random_search,24,20280448,44,862,92.228,21.678,0.0007002640339800247,21.556,195.776
x264,random_search,24,20280448,45,207,30.302,21.678,0.0007002640339800247,21.556,195.776
x264,random_search,24,20280448,46,3904,30.22,21.678,0.0007002640339800247,21.556,195.776
x264,random_search,24,20280448,47,2805,142.316,21.678,0.0007002640339800247,21.556,195.776
x264,random_search,24,20280448,48,1080,21.694,21.678,0.0007002640339800247,21.556,195.776
x264,random_search,24,20280448,49,1301,111.892,21.678,0.0007002640339800247,21.556,195.776
x264,random_search,24,20280448,50,3383,52.232,21.678,0.0007002640339800247,21.556,195.776
x264,rf_smbo,24,20280448,1,3992,46.574,46.574,0.14360004591895303,21.556,195.776
x264,rf_smbo,24,20280448,2,2036,39.588,39.588,0.10350132016990013,21.556,195.776
x264,rf_smbo,24,20280448,3,323,52.128,39.588,0.10350132016990013,21.556,195.776
x264,rf_smbo,24,20280448,4,464,37.948,37.948,0.09408793479508668,21.556,195.776
x264,rf_smbo,24,20280448,5,4010,46.306,37.948,0.09408793479508668,21.556,195.776
x264,rf_smbo,24,20280448,6,3705,182.676,37.948,0.09408793479508668,21.556,195.776
x264,rf_smbo,24,20280448,7,1304,41.408,37.948,0.09408793479508668,21.556,195.776
x264,rf_smbo,24,20280448,8,2172,22.866,22.866,0.007519228561588789,21.556,195.776
x264,rf_smbo,24,20280448,9,1918,80.942,22.866,0.007519228561588789,21.556,195.776
x264,rf_smbo,24,20280448,10,4476,24.324,22.866,0.007519228561588789,21.556,195.776
x264,rf_smbo,24,20280448,11,2244,22.878,22.866,0.007519228561588789,21.556,195.776
x264,rf_smbo,24,20280448,12,4416,25.184,22.866,0.007519228561588789,21.556,195.776
x264,rf_smbo,24,20280448,13,2260,32.798,22.866,0.007519228561588789,21.556,195.776
x264,rf_smbo,24,20280448,14,3312,23.266,22.866,0.007519228561588789,21.556,195.776
x264,rf_smbo,24,20280448,15,4191,32.162,22.866,0.007519228561588789,21.556,195.776
x264,rf_smbo,24,20280448,16,732,22.432,22.432,0.005028125358741808,21.556,195.776
x264,rf_smbo,24,20280448,17,720,21.772,21.772,0.0012398117322924896,21.556,195.776
x264,rf_smbo,24,20280448,18,792,21.758,21.758,0.00115945356445872,21.556,195.776
x264,rf_smbo,24,20280448,19,828,22.018,21.758,0.00115945356445872,21.556,195.776
x264,rf_smbo,24,20280448,20,816,23.216,21.758,0.00115945356445872,21.556,195.776
x264,rf_smbo,24,20280448,21,3096,23.296,21.758,0.00115945356445872,21.556,195.776
x264,rf_smbo,24,20280448,22,180,22.168,21.758,0.00115945356445872,21.556,195.776
x264,rf_smbo,24,20280448,23,744,23.238,21.758,0.00115945356445872,21.556,195.776
x264,rf_smbo,24,20280448,24,1296,22.522,21.758,0.00115945356445872,21.556,195.776
x264,rf_smbo,24,20280448,25,3132,23.72,21.758,0.00115945356445872,21.556,195.776
x264,rf_smbo,24,20280448,26,972,22.794,21.758,0.00115945356445872,21.556,195.776
x264,rf_smbo,24,20280448,27,0,23.546,21.758,0.00115945356445872,21.556,195.776
x264,rf_smbo,24,20280448,28,756,79.142,21.758,0.00115945356445872,21.556,195.776
x264,rf_smbo,24,20280448,29,576,23.416,21.758,0.00115945356445872,21.556,195.776
x264,rf_smbo,24,20280448,30,1008,21.586,21.586,0.00017219607392950054,21.556,195.776
x264,rf_smbo,24,20280448,31,795,29.104,21.586,0.00017219607392950054,21.556,195.776
x264,rf_smbo,24,20280448,32,1083,28.7,21.586,0.00017219607392950054,21.556,195.776
x264,rf_smbo,24,20280448,33,1012,28.22,21.586,0.00017219607392950054,21.556,195.776
x264,rf_smbo,24,20280448,34,721,79.442,21.586,0.00017219607392950054,21.556,195.776
x264,rf_smbo,24,20280448,35,144,21.906,21.586,0.00017219607392950054,21.556,195.776
x264,rf_smbo,24,20280448,36,1872,22.622,21.586,0.00017219607392950054,21.556,195.776
x264,rf_smbo,24,20280448,37,432,21.97,21.586,0.00017219607392950054,21.556,195.776
x264,rf_smbo,24,20280448,38,2472,24.608,21.586,0.00017219607392950054,21.556,195.776
x264,rf_smbo,24,20280448,39,216,21.714,21.586,0.00017219607392950054,21.556,195.776
x264,rf_smbo,24,20280448,40,1368,22.496,21.586,0.00017219607392950054,21.556,195.776
x264,rf_smbo,24,20280448,41,72,23.24,21.586,0.00017219607392950054,21.556,195.776
x264,rf_smbo,24,20280448,42,228,22.816,21.586,0.00017219607392950054,21.556,195.776
x264,rf_smbo,24,20280448,43,793,79.144,21.586,0.00017219607392950054,21.556,195.776
x264,rf_smbo,24,20280448,44,1584,22.19,21.586,0.00017219607392950054,21.556,195.776
x264,rf_smbo,24,20280448,45,504,21.65,21.586,0.00017219607392950054,21.556,195.776
x264,rf_smbo,24,20280448,46,1080,21.694,21.586,0.00017219607392950054,21.556,195.776
x264,rf_smbo,24,20280448,47,1944,22.646,21.586,0.00017219607392950054,21.556,195.776
x264,rf_smbo,24,20280448,48,2448,23.536,21.586,0.00017219607392950054,21.556,195.776
x264,rf_smbo,24,20280448,49,3877,94.02,21.586,0.00017219607392950054,21.556,195.776
x264,rf_smbo,24,20280448,50,1656,22.172,21.586,0.00017219607392950054,21.556,195.776
x264,random_search,25,20280449,1,2179,38.398,38.398,0.0966708759040294,21.556,195.776
x264,random_search,25,20280449,2,4373,118.848,38.398,0.0966708759040294,21.556,195.776
x264,random_search,25,20280449,3,2298,62.928,38.398,0.0966708759040294,21.556,195.776
x264,random_search,25,20280449,4,74,46.154,38.398,0.0966708759040294,21.556,195.776
x264,random_search,25,20280449,5,4058,50.566,38.398,0.0966708759040294,21.556,195.776
x264,random_search,25,20280449,6,4201,87.648,38.398,0.0966708759040294,21.556,195.776
x264,random_search,25,20280449,7,2113,88.78,38.398,0.0966708759040294,21.556,195.776
x264,random_search,25,20280449,8,1829,134.634,38.398,0.0966708759040294,21.556,195.776
x264,random_search,25,20280449,9,1372,34.118,34.118,0.07210423602341867,21.556,195.776
x264,random_search,25,20280449,10,714,70.222,34.118,0.07210423602341867,21.556,195.776
x264,random_search,25,20280449,11,4215,31.614,31.614,0.0577316037194352,21.556,195.776
x264,random_search,25,20280449,12,2358,66.98,31.614,0.0577316037194352,21.556,195.776
x264,random_search,25,20280449,13,4043,61.764,31.614,0.0577316037194352,21.556,195.776
x264,random_search,25,20280449,14,578,45.936,31.614,0.0577316037194352,21.556,195.776
x264,random_search,25,20280449,15,2080,30.112,30.112,0.049110320284697494,21.556,195.776
x264,random_search,25,20280449,16,4424,49.52,30.112,0.049110320284697494,21.556,195.776
x264,random_search,25,20280449,17,2441,140.09,30.112,0.049110320284697494,21.556,195.776
x264,random_search,25,20280449,18,808,33.982,30.112,0.049110320284697494,21.556,195.776
x264,random_search,25,20280449,19,1749,159.444,30.112,0.049110320284697494,21.556,195.776
x264,random_search,25,20280449,20,618,62.368,30.112,0.049110320284697494,21.556,195.776
x264,random_search,25,20280449,21,3962,45.564,30.112,0.049110320284697494,21.556,195.776
x264,random_search,25,20280449,22,1944,22.646,22.646,0.006256457352772356,21.556,195.776
x264,random_search,25,20280449,23,1525,88.8,22.646,0.006256457352772356,21.556,195.776
x264,random_search,25,20280449,24,4069,94.948,22.646,0.006256457352772356,21.556,195.776
x264,random_search,25,20280449,25,2500,32.554,22.646,0.006256457352772356,21.556,195.776
x264,random_search,25,20280449,26,511,42.32,22.646,0.006256457352772356,21.556,195.776
x264,random_search,25,20280449,27,2110,91.642,22.646,0.006256457352772356,21.556,195.776
x264,random_search,25,20280449,28,4013,123.686,22.646,0.006256457352772356,21.556,195.776
x264,random_search,25,20280449,29,1736,43.034,22.646,0.006256457352772356,21.556,195.776
x264,random_search,25,20280449,30,4124,53.58,22.646,0.006256457352772356,21.556,195.776
x264,random_search,25,20280449,31,1727,59.082,22.646,0.006256457352772356,21.556,195.776
x264,random_search,25,20280449,32,693,183.172,22.646,0.006256457352772356,21.556,195.776
x264,random_search,25,20280449,33,2277,157.302,22.646,0.006256457352772356,21.556,195.776
x264,random_search,25,20280449,34,4512,24.316,22.646,0.006256457352772356,21.556,195.776
x264,random_search,25,20280449,35,1278,71.32,22.646,0.006256457352772356,21.556,195.776
x264,random_search,25,20280449,36,1671,29.96,22.646,0.006256457352772356,21.556,195.776
x264,random_search,25,20280449,37,3833,135.978,22.646,0.006256457352772356,21.556,195.776
x264,random_search,25,20280449,38,2694,70.908,22.646,0.006256457352772356,21.556,195.776
x264,random_search,25,20280449,39,838,91.266,22.646,0.006256457352772356,21.556,195.776
x264,random_search,25,20280449,40,1867,50.882,22.646,0.006256457352772356,21.556,195.776
x264,random_search,25,20280449,41,725,110.18,22.646,0.006256457352772356,21.556,195.776
x264,random_search,25,20280449,42,2446,103.716,22.646,0.006256457352772356,21.556,195.776
x264,random_search,25,20280449,43,771,29.656,22.646,0.006256457352772356,21.556,195.776
x264,random_search,25,20280449,44,1552,34.686,22.646,0.006256457352772356,21.556,195.776
x264,random_search,25,20280449,45,2958,75.07,22.646,0.006256457352772356,21.556,195.776
x264,random_search,25,20280449,46,948,22.97,22.646,0.006256457352772356,21.556,195.776
x264,random_search,25,20280449,47,2601,152.758,22.646,0.006256457352772356,21.556,195.776
x264,random_search,25,20280449,48,249,172.042,22.646,0.006256457352772356,21.556,195.776
x264,random_search,25,20280449,49,3540,25.278,22.646,0.006256457352772356,21.556,195.776
x264,random_search,25,20280449,50,3830,50.178,22.646,0.006256457352772356,21.556,195.776
x264,rf_smbo,25,20280449,1,4087,46.288,46.288,0.14195844334749166,21.556,195.776
x264,rf_smbo,25,20280449,2,420,23.244,23.244,0.00968889909310067,21.556,195.776
x264,rf_smbo,25,20280449,3,1233,186.28,23.244,0.00968889909310067,21.556,195.776
x264,rf_smbo,25,20280449,4,3748,31.966,23.244,0.00968889909310067,21.556,195.776
x264,rf_smbo,25,20280449,5,2163,29.334,23.244,0.00968889909310067,21.556,195.776
x264,rf_smbo,25,20280449,6,313,86.716,23.244,0.00968889909310067,21.556,195.776
x264,rf_smbo,25,20280449,7,4356,24.868,23.244,0.00968889909310067,21.556,195.776
x264,rf_smbo,25,20280449,8,4320,25.326,23.244,0.00968889909310067,21.556,195.776
x264,rf_smbo,25,20280449,9,972,22.794,22.794,0.007105957984157959,21.556,195.776
x264,rf_smbo,25,20280449,10,540,21.678,21.678,0.0007002640339800247,21.556,195.776
x264,rf_smbo,25,20280449,11,552,22.626,21.678,0.0007002640339800247,21.556,195.776
x264,rf_smbo,25,20280449,12,252,21.942,21.678,0.0007002640339800247,21.556,195.776
x264,rf_smbo,25,20280449,13,2556,23.232,21.678,0.0007002640339800247,21.556,195.776
x264,rf_smbo,25,20280449,14,504,21.65,21.65,0.000539547698312465,21.556,195.776
x264,rf_smbo,25,20280449,15,216,21.714,21.65,0.000539547698312465,21.556,195.776
x264,rf_smbo,25,20280449,16,108,23.178,21.65,0.000539547698312465,21.556,195.776
x264,rf_smbo,25,20280449,17,564,23.244,21.65,0.000539547698312465,21.556,195.776
x264,rf_smbo,25,20280449,18,2808,23.328,21.65,0.000539547698312465,21.556,195.776
x264,rf_smbo,25,20280449,19,228,22.816,21.65,0.000539547698312465,21.556,195.776
x264,rf_smbo,25,20280449,20,1656,22.172,21.65,0.000539547698312465,21.556,195.776
x264,rf_smbo,25,20280449,21,508,31.152,21.65,0.000539547698312465,21.556,195.776
x264,rf_smbo,25,20280449,22,828,22.018,21.65,0.000539547698312465,21.556,195.776
x264,rf_smbo,25,20280449,23,240,23.334,21.65,0.000539547698312465,21.556,195.776
x264,rf_smbo,25,20280449,24,1116,21.636,21.636,0.0004591895304786953,21.556,195.776
x264,rf_smbo,25,20280449,25,852,23.358,21.636,0.0004591895304786953,21.556,195.776
x264,rf_smbo,25,20280449,26,72,23.24,21.636,0.0004591895304786953,21.556,195.776
x264,rf_smbo,25,20280449,27,2268,22.312,21.636,0.0004591895304786953,21.556,195.776
x264,rf_smbo,25,20280449,28,1692,22.142,21.636,0.0004591895304786953,21.556,195.776
x264,rf_smbo,25,20280449,29,1080,21.694,21.636,0.0004591895304786953,21.556,195.776
x264,rf_smbo,25,20280449,30,1368,22.496,21.636,0.0004591895304786953,21.556,195.776
x264,rf_smbo,25,20280449,31,396,23.666,21.636,0.0004591895304786953,21.556,195.776
x264,rf_smbo,25,20280449,32,1836,23.89,21.636,0.0004591895304786953,21.556,195.776
x264,rf_smbo,25,20280449,33,1572,23.452,21.636,0.0004591895304786953,21.556,195.776
x264,rf_smbo,25,20280449,34,816,23.216,21.636,0.0004591895304786953,21.556,195.776
x264,rf_smbo,25,20280449,35,1944,22.646,21.636,0.0004591895304786953,21.556,195.776
x264,rf_smbo,25,20280449,36,792,21.758,21.636,0.0004591895304786953,21.556,195.776
x264,rf_smbo,25,20280449,37,2232,22.254,21.636,0.0004591895304786953,21.556,195.776
x264,rf_smbo,25,20280449,38,1716,23.6,21.636,0.0004591895304786953,21.556,195.776
x264,rf_smbo,25,20280449,39,3420,23.776,21.636,0.0004591895304786953,21.556,195.776
x264,rf_smbo,25,20280449,40,1968,24.194,21.636,0.0004591895304786953,21.556,195.776
x264,rf_smbo,25,20280449,41,1092,22.34,21.636,0.0004591895304786953,21.556,195.776
x264,rf_smbo,25,20280449,42,516,22.476,21.636,0.0004591895304786953,21.556,195.776
x264,rf_smbo,25,20280449,43,648,23.192,21.636,0.0004591895304786953,21.556,195.776
x264,rf_smbo,25,20280449,44,1548,23.49,21.636,0.0004591895304786953,21.556,195.776
x264,rf_smbo,25,20280449,45,1128,22.312,21.636,0.0004591895304786953,21.556,195.776
x264,rf_smbo,25,20280449,46,2244,22.878,21.636,0.0004591895304786953,21.556,195.776
x264,rf_smbo,25,20280449,47,1224,24.092,21.636,0.0004591895304786953,21.556,195.776
x264,rf_smbo,25,20280449,48,1980,23.034,21.636,0.0004591895304786953,21.556,195.776
x264,rf_smbo,25,20280449,49,1668,23.106,21.636,0.0004591895304786953,21.556,195.776
x264,rf_smbo,25,20280449,50,840,22.842,21.636,0.0004591895304786953,21.556,195.776
x264,random_search,26,20280450,1,2890,87.584,87.584,0.3789920789805993,21.556,195.776
x264,random_search,26,20280450,2,3167,69.914,69.914,0.2775685914361153,21.556,195.776
x264,random_search,26,20280450,3,2093,128.022,69.914,0.2775685914361153,21.556,195.776
x264,random_search,26,20280450,4,2315,61.482,61.482,0.22917001492365977,21.556,195.776
x264,random_search,26,20280450,5,1365,151.834,61.482,0.22917001492365977,21.556,195.776
x264,random_search,26,20280450,6,4351,42.804,42.804,0.12196073929514407,21.556,195.776
x264,random_search,26,20280450,7,4495,40.752,40.752,0.1101825278383653,21.556,195.776
x264,random_search,26,20280450,8,2929,93.418,40.752,0.1101825278383653,21.556,195.776
x264,random_search,26,20280450,9,125,132.146,40.752,0.1101825278383653,21.556,195.776
x264,random_search,26,20280450,10,2107,46.986,40.752,0.1101825278383653,21.556,195.776
x264,random_search,26,20280450,11,3013,93.47,40.752,0.1101825278383653,21.556,195.776
x264,random_search,26,20280450,12,2882,49.826,40.752,0.1101825278383653,21.556,195.776
x264,random_search,26,20280450,13,3755,54.88,40.752,0.1101825278383653,21.556,195.776
x264,random_search,26,20280450,14,3148,35.852,35.852,0.08205716909654458,21.556,195.776
x264,random_search,26,20280450,15,3529,95.822,35.852,0.08205716909654458,21.556,195.776
x264,random_search,26,20280450,16,1245,186.254,35.852,0.08205716909654458,21.556,195.776
x264,random_search,26,20280450,17,2580,24.794,24.794,0.018585696246125587,21.556,195.776
x264,random_search,26,20280450,18,517,79.066,24.794,0.018585696246125587,21.556,195.776
x264,random_search,26,20280450,19,1939,42.554,24.794,0.018585696246125587,21.556,195.776
x264,random_search,26,20280450,20,2733,180.856,24.794,0.018585696246125587,21.556,195.776
x264,random_search,26,20280450,21,696,23.02,23.02,0.008403168407760295,21.556,195.776
x264,random_search,26,20280450,22,1264,36.338,23.02,0.008403168407760295,21.556,195.776
x264,random_search,26,20280450,23,3492,25.096,23.02,0.008403168407760295,21.556,195.776
x264,random_search,26,20280450,24,1608,23.624,23.02,0.008403168407760295,21.556,195.776
x264,random_search,26,20280450,25,2634,62.084,23.02,0.008403168407760295,21.556,195.776
x264,random_search,26,20280450,26,1488,23.71,23.02,0.008403168407760295,21.556,195.776
x264,random_search,26,20280450,27,2087,52.69,23.02,0.008403168407760295,21.556,195.776
x264,random_search,26,20280450,28,2775,30.672,23.02,0.008403168407760295,21.556,195.776
x264,random_search,26,20280450,29,12,23.47,23.02,0.008403168407760295,21.556,195.776
x264,random_search,26,20280450,30,2398,103.88,23.02,0.008403168407760295,21.556,195.776
x264,random_search,26,20280450,31,3802,80.408,23.02,0.008403168407760295,21.556,195.776
x264,random_search,26,20280450,32,3334,75.004,23.02,0.008403168407760295,21.556,195.776
x264,random_search,26,20280450,33,2415,33.462,23.02,0.008403168407760295,21.556,195.776
x264,random_search,26,20280450,34,3207,33.512,23.02,0.008403168407760295,21.556,195.776
x264,random_search,26,20280450,35,350,45.616,23.02,0.008403168407760295,21.556,195.776
x264,random_search,26,20280450,36,2297,117.062,23.02,0.008403168407760295,21.556,195.776
x264,random_search,26,20280450,37,3127,50.168,23.02,0.008403168407760295,21.556,195.776
x264,random_search,26,20280450,38,3759,33.872,23.02,0.008403168407760295,21.556,195.776
x264,random_search,26,20280450,39,1534,91.918,23.02,0.008403168407760295,21.556,195.776
x264,random_search,26,20280450,40,3752,41.082,23.02,0.008403168407760295,21.556,195.776
x264,random_search,26,20280450,41,598,84.43,23.02,0.008403168407760295,21.556,195.776
x264,random_search,26,20280450,42,856,34.748,23.02,0.008403168407760295,21.556,195.776
x264,random_search,26,20280450,43,1836,23.89,23.02,0.008403168407760295,21.556,195.776
x264,random_search,26,20280450,44,2099,63.924,23.02,0.008403168407760295,21.556,195.776
x264,random_search,26,20280450,45,3163,50.162,23.02,0.008403168407760295,21.556,195.776
x264,random_search,26,20280450,46,3996,23.432,23.02,0.008403168407760295,21.556,195.776
x264,random_search,26,20280450,47,1863,32.054,23.02,0.008403168407760295,21.556,195.776
x264,random_search,26,20280450,48,2314,87.586,23.02,0.008403168407760295,21.556,195.776
x264,random_search,26,20280450,49,3874,96.672,23.02,0.008403168407760295,21.556,195.776
x264,random_search,26,20280450,50,2642,49.102,23.02,0.008403168407760295,21.556,195.776
x264,rf_smbo,26,20280450,1,306,59.142,59.142,0.21573872115715761,21.556,195.776
x264,rf_smbo,26,20280450,2,3279,33.398,33.398,0.06797153024911033,21.556,195.776
x264,rf_smbo,26,20280450,3,972,22.794,22.794,0.007105957984157959,21.556,195.776
x264,rf_smbo,26,20280450,4,2371,45.686,22.794,0.007105957984157959,21.556,195.776
x264,rf_smbo,26,20280450,5,3300,24.88,22.794,0.007105957984157959,21.556,195.776
x264,rf_smbo,26,20280450,6,4214,46.482,22.794,0.007105957984157959,21.556,195.776
x264,rf_smbo,26,20280450,7,4572,23.434,22.794,0.007105957984157959,21.556,195.776
x264,rf_smbo,26,20280450,8,328,30.748,22.794,0.007105957984157959,21.556,195.776
x264,rf_smbo,26,20280450,9,3432,24.508,22.794,0.007105957984157959,21.556,195.776
x264,rf_smbo,26,20280450,10,3400,33.92,22.794,0.007105957984157959,21.556,195.776
x264,rf_smbo,26,20280450,11,2844,23.266,22.794,0.007105957984157959,21.556,195.776
x264,rf_smbo,26,20280450,12,1080,21.694,21.694,0.0007921019400757555,21.556,195.776
x264,rf_smbo,26,20280450,13,1656,22.172,21.694,0.0007921019400757555,21.556,195.776
x264,rf_smbo,26,20280450,14,1368,22.496,21.694,0.0007921019400757555,21.556,195.776
x264,rf_smbo,26,20280450,15,506,41.828,21.694,0.0007921019400757555,21.556,195.776
x264,rf_smbo,26,20280450,16,2160,22.248,21.694,0.0007921019400757555,21.556,195.776
x264,rf_smbo,26,20280450,17,1584,22.19,21.694,0.0007921019400757555,21.556,195.776
x264,rf_smbo,26,20280450,18,1872,22.622,21.694,0.0007921019400757555,21.556,195.776
x264,rf_smbo,26,20280450,19,504,21.65,21.65,0.000539547698312465,21.556,195.776
x264,rf_smbo,26,20280450,20,432,21.97,21.65,0.000539547698312465,21.556,195.776
x264,rf_smbo,26,20280450,21,360,24.4,21.65,0.000539547698312465,21.556,195.776
x264,rf_smbo,26,20280450,22,144,21.906,21.65,0.000539547698312465,21.556,195.776
x264,rf_smbo,26,20280450,23,159,29.632,21.65,0.000539547698312465,21.556,195.776
x264,rf_smbo,26,20280450,24,1008,21.586,21.586,0.00017219607392950054,21.556,195.776
x264,rf_smbo,26,20280450,25,720,21.772,21.586,0.00017219607392950054,21.556,195.776
x264,rf_smbo,26,20280450,26,216,21.714,21.586,0.00017219607392950054,21.556,195.776
x264,rf_smbo,26,20280450,27,792,21.758,21.586,0.00017219607392950054,21.556,195.776
x264,rf_smbo,26,20280450,28,3312,23.266,21.586,0.00017219607392950054,21.556,195.776
x264,rf_smbo,26,20280450,29,839,65.892,21.586,0.00017219607392950054,21.556,195.776
x264,rf_smbo,26,20280450,30,724,30.17,21.586,0.00017219607392950054,21.556,195.776
x264,rf_smbo,26,20280450,31,180,22.168,21.586,0.00017219607392950054,21.556,195.776
x264,rf_smbo,26,20280450,32,828,22.018,21.586,0.00017219607392950054,21.556,195.776
x264,rf_smbo,26,20280450,33,252,21.942,21.586,0.00017219607392950054,21.556,195.776
x264,rf_smbo,26,20280450,34,1092,22.34,21.586,0.00017219607392950054,21.556,195.776
x264,rf_smbo,26,20280450,35,1403,67.632,21.586,0.00017219607392950054,21.556,195.776
x264,rf_smbo,26,20280450,36,228,22.816,21.586,0.00017219607392950054,21.556,195.776
x264,rf_smbo,26,20280450,37,1032,23.048,21.586,0.00017219607392950054,21.556,195.776
x264,rf_smbo,26,20280450,38,1044,21.556,21.556,0.0,21.556,195.776
x264,rf_smbo,26,20280450,39,756,79.142,21.556,0.0,21.556,195.776
x264,rf_smbo,26,20280450,40,1116,21.636,21.556,0.0,21.556,195.776
x264,rf_smbo,26,20280450,41,1296,22.522,21.556,0.0,21.556,195.776
x264,rf_smbo,26,20280450,42,1140,22.984,21.556,0.0,21.556,195.776
x264,rf_smbo,26,20280450,43,1944,22.646,21.556,0.0,21.556,195.776
x264,rf_smbo,26,20280450,44,836,46.628,21.556,0.0,21.556,195.776
x264,rf_smbo,26,20280450,45,648,23.192,21.556,0.0,21.556,195.776
x264,rf_smbo,26,20280450,46,1416,23.194,21.556,0.0,21.556,195.776
x264,rf_smbo,26,20280450,47,1404,22.746,21.556,0.0,21.556,195.776
x264,rf_smbo,26,20280450,48,540,21.678,21.556,0.0,21.556,195.776
x264,rf_smbo,26,20280450,49,1980,23.034,21.556,0.0,21.556,195.776
x264,rf_smbo,26,20280450,50,464,37.948,21.556,0.0,21.556,195.776
x264,random_search,27,20280451,1,532,32.95,32.95,0.06540006887842958,21.556,195.776
x264,random_search,27,20280451,2,3730,97.618,32.95,0.06540006887842958,21.556,195.776
x264,random_search,27,20280451,3,268,34.208,32.95,0.06540006887842958,21.556,195.776
x264,random_search,27,20280451,4,4330,80.43,32.95,0.06540006887842958,21.556,195.776
x264,random_search,27,20280451,5,988,33.82,32.95,0.06540006887842958,21.556,195.776
x264,random_search,27,20280451,6,2931,33.454,32.95,0.06540006887842958,21.556,195.776
x264,random_search,27,20280451,7,4019,62.446,32.95,0.06540006887842958,21.556,195.776
x264,random_search,27,20280451,8,1201,88.966,32.95,0.06540006887842958,21.556,195.776
x264,random_search,27,20280451,9,526,83.222,32.95,0.06540006887842958,21.556,195.776
x264,random_search,27,20280451,10,3162,69.724,32.95,0.06540006887842958,21.556,195.776
x264,random_search,27,20280451,11,3336,24.466,24.466,0.0167030191711629,21.556,195.776
x264,random_search,27,20280451,12,4293,180.122,24.466,0.0167030191711629,21.556,195.776
x264,random_search,27,20280451,13,1222,84.698,24.466,0.0167030191711629,21.556,195.776
x264,random_search,27,20280451,14,1959,30.434,24.466,0.0167030191711629,21.556,195.776
x264,random_search,27,20280451,15,2629,92.812,24.466,0.0167030191711629,21.556,195.776
x264,random_search,27,20280451,16,2489,115.71,24.466,0.0167030191711629,21.556,195.776
x264,random_search,27,20280451,17,3099,30.764,24.466,0.0167030191711629,21.556,195.776
x264,random_search,27,20280451,18,1546,91.87,24.466,0.0167030191711629,21.556,195.776
x264,random_search,27,20280451,19,2651,54.636,24.466,0.0167030191711629,21.556,195.776
x264,random_search,27,20280451,20,3143,68.952,24.466,0.0167030191711629,21.556,195.776
x264,random_search,27,20280451,21,172,31.366,24.466,0.0167030191711629,21.556,195.776
x264,random_search,27,20280451,22,754,80.902,24.466,0.0167030191711629,21.556,195.776
x264,random_search,27,20280451,23,3785,118.988,24.466,0.0167030191711629,21.556,195.776
x264,random_search,27,20280451,24,2807,51.992,24.466,0.0167030191711629,21.556,195.776
x264,random_search,27,20280451,25,1207,43.746,24.466,0.0167030191711629,21.556,195.776
x264,random_search,27,20280451,26,3008,52.63,24.466,0.0167030191711629,21.556,195.776
x264,random_search,27,20280451,27,2694,70.908,24.466,0.0167030191711629,21.556,195.776
x264,random_search,27,20280451,28,2973,193.196,24.466,0.0167030191711629,21.556,195.776
x264,random_search,27,20280451,29,4021,86.77,24.466,0.0167030191711629,21.556,195.776
x264,random_search,27,20280451,30,2660,40.678,24.466,0.0167030191711629,21.556,195.776
x264,random_search,27,20280451,31,1353,151.24,24.466,0.0167030191711629,21.556,195.776
x264,random_search,27,20280451,32,1795,44.074,24.466,0.0167030191711629,21.556,195.776
x264,random_search,27,20280451,33,4344,25.166,24.466,0.0167030191711629,21.556,195.776
x264,random_search,27,20280451,34,775,41.878,24.466,0.0167030191711629,21.556,195.776
x264,random_search,27,20280451,35,3878,49.606,24.466,0.0167030191711629,21.556,195.776
x264,random_search,27,20280451,36,1416,23.194,23.194,0.009401905636551475,21.556,195.776
x264,random_search,27,20280451,37,657,183.93,23.194,0.009401905636551475,21.556,195.776
x264,random_search,27,20280451,38,2492,42.338,23.194,0.009401905636551475,21.556,195.776
x264,random_search,27,20280451,39,31,43.294,23.194,0.009401905636551475,21.556,195.776
x264,random_search,27,20280451,40,476,36.996,23.194,0.009401905636551475,21.556,195.776
x264,random_search,27,20280451,41,505,78.57,23.194,0.009401905636551475,21.556,195.776
x264,random_search,27,20280451,42,1854,71.412,23.194,0.009401905636551475,21.556,195.776
x264,random_search,27,20280451,43,3228,24.836,23.194,0.009401905636551475,21.556,195.776
x264,random_search,27,20280451,44,3826,96.752,23.194,0.009401905636551475,21.556,195.776
x264,random_search,27,20280451,45,3880,36.58,23.194,0.009401905636551475,21.556,195.776
x264,random_search,27,20280451,46,4451,67.812,23.194,0.009401905636551475,21.556,195.776
x264,random_search,27,20280451,47,439,37.18,23.194,0.009401905636551475,21.556,195.776
x264,random_search,27,20280451,48,2494,83.208,23.194,0.009401905636551475,21.556,195.776
x264,random_search,27,20280451,49,2447,74.742,23.194,0.009401905636551475,21.556,195.776
x264,random_search,27,20280451,50,1282,99.708,23.194,0.009401905636551475,21.556,195.776
x264,rf_smbo,27,20280451,1,2704,36.208,36.208,0.08410056250717482,21.556,195.776
x264,rf_smbo,27,20280451,2,1285,88.836,36.208,0.08410056250717482,21.556,195.776
x264,rf_smbo,27,20280451,3,1862,46.92,36.208,0.08410056250717482,21.556,195.776
x264,rf_smbo,27,20280451,4,100,36.164,36.164,0.08384800826541156,21.556,195.776
x264,rf_smbo,27,20280451,5,573,157.672,36.164,0.08384800826541156,21.556,195.776
x264,rf_smbo,27,20280451,6,1523,64.156,36.164,0.08384800826541156,21.556,195.776
x264,rf_smbo,27,20280451,7,292,30.114,30.114,0.049121800022959475,21.556,195.776
x264,rf_smbo,27,20280451,8,3388,33.262,30.114,0.049121800022959475,21.556,195.776
x264,rf_smbo,27,20280451,9,2692,36.114,30.114,0.049121800022959475,21.556,195.776
x264,rf_smbo,27,20280451,10,2764,30.754,30.114,0.049121800022959475,21.556,195.776
x264,rf_smbo,27,20280451,11,3324,23.884,23.884,0.013362415336930314,21.556,195.776
x264,rf_smbo,27,20280451,12,3364,30.388,23.884,0.013362415336930314,21.556,195.776
x264,rf_smbo,27,20280451,13,3376,31.098,23.884,0.013362415336930314,21.556,195.776
x264,rf_smbo,27,20280451,14,2748,23.982,23.884,0.013362415336930314,21.556,195.776
x264,rf_smbo,27,20280451,15,3036,24.478,23.884,0.013362415336930314,21.556,195.776
x264,rf_smbo,27,20280451,16,3313,83.93,23.884,0.013362415336930314,21.556,195.776
x264,rf_smbo,27,20280451,17,4476,24.324,23.884,0.013362415336930314,21.556,195.776
x264,rf_smbo,27,20280451,18,4464,23.488,23.488,0.01108942716106072,21.556,195.776
x264,rf_smbo,27,20280451,19,2784,23.964,23.488,0.01108942716106072,21.556,195.776
x264,rf_smbo,27,20280451,20,3648,24.594,23.488,0.01108942716106072,21.556,195.776
x264,rf_smbo,27,20280451,21,4488,24.79,23.488,0.01108942716106072,21.556,195.776
x264,rf_smbo,27,20280451,22,1020,22.29,22.29,0.004213063942142109,21.556,195.776
x264,rf_smbo,27,20280451,23,1056,22.394,22.29,0.004213063942142109,21.556,195.776
x264,rf_smbo,27,20280451,24,336,23.456,22.29,0.004213063942142109,21.556,195.776
x264,rf_smbo,27,20280451,25,912,23.12,22.29,0.004213063942142109,21.556,195.776
x264,rf_smbo,27,20280451,26,1044,21.556,21.556,0.0,21.556,195.776
x264,rf_smbo,27,20280451,27,144,21.906,21.556,0.0,21.556,195.776
x264,rf_smbo,27,20280451,28,720,21.772,21.556,0.0,21.556,195.776
x264,rf_smbo,27,20280451,29,1872,22.622,21.556,0.0,21.556,195.776
x264,rf_smbo,27,20280451,30,576,23.416,21.556,0.0,21.556,195.776
x264,rf_smbo,27,20280451,31,492,23.35,21.556,0.0,21.556,195.776
x264,rf_smbo,27,20280451,32,2160,22.248,21.556,0.0,21.556,195.776
x264,rf_smbo,27,20280451,33,1068,23.06,21.556,0.0,21.556,195.776
x264,rf_smbo,27,20280451,34,744,23.238,21.556,0.0,21.556,195.776
x264,rf_smbo,27,20280451,35,864,23.586,21.556,0.0,21.556,195.776
x264,rf_smbo,27,20280451,36,432,21.97,21.556,0.0,21.556,195.776
x264,rf_smbo,27,20280451,37,468,21.698,21.556,0.0,21.556,195.776
x264,rf_smbo,27,20280451,38,180,22.168,21.556,0.0,21.556,195.776
x264,rf_smbo,27,20280451,39,1620,22.138,21.556,0.0,21.556,195.776
x264,rf_smbo,27,20280451,40,756,79.142,21.556,0.0,21.556,195.776
x264,rf_smbo,27,20280451,41,2196,22.452,21.556,0.0,21.556,195.776
x264,rf_smbo,27,20280451,42,324,23.212,21.556,0.0,21.556,195.776
x264,rf_smbo,27,20280451,43,900,22.996,21.556,0.0,21.556,195.776
x264,rf_smbo,27,20280451,44,1296,22.522,21.556,0.0,21.556,195.776
x264,rf_smbo,27,20280451,45,1045,78.274,21.556,0.0,21.556,195.776
x264,rf_smbo,27,20280451,46,504,21.65,21.556,0.0,21.556,195.776
x264,rf_smbo,27,20280451,47,540,21.678,21.556,0.0,21.556,195.776
x264,rf_smbo,27,20280451,48,528,23.204,21.556,0.0,21.556,195.776
x264,rf_smbo,27,20280451,49,1116,21.636,21.556,0.0,21.556,195.776
x264,rf_smbo,27,20280451,50,2268,22.312,21.556,0.0,21.556,195.776
x264,random_search,28,20280452,1,4303,50.762,50.762,0.16763861783951325,21.556,195.776
x264,random_search,28,20280452,2,3191,54.386,50.762,0.16763861783951325,21.556,195.776
x264,random_search,28,20280452,3,513,156.172,50.762,0.16763861783951325,21.556,195.776
x264,random_search,28,20280452,4,4153,94.908,50.762,0.16763861783951325,21.556,195.776
x264,random_search,28,20280452,5,1511,52.822,50.762,0.16763861783951325,21.556,195.776
x264,random_search,28,20280452,6,2904,25.084,25.084,0.02025025829411089,21.556,195.776
x264,random_search,28,20280452,7,4125,194.814,25.084,0.02025025829411089,21.556,195.776
x264,random_search,28,20280452,8,2172,22.866,22.866,0.007519228561588789,21.556,195.776
x264,random_search,28,20280452,9,3586,104.776,22.866,0.007519228561588789,21.556,195.776
x264,random_search,28,20280452,10,3612,24.374,22.866,0.007519228561588789,21.556,195.776
x264,random_search,28,20280452,11,4381,93.868,22.866,0.007519228561588789,21.556,195.776
x264,random_search,28,20280452,12,121,86.776,22.866,0.007519228561588789,21.556,195.776
x264,random_search,28,20280452,13,4525,86.496,22.866,0.007519228561588789,21.556,195.776
x264,random_search,28,20280452,14,377,126.804,22.866,0.007519228561588789,21.556,195.776
x264,random_search,28,20280452,15,1595,49.222,22.866,0.007519228561588789,21.556,195.776
x264,random_search,28,20280452,16,71,58.642,22.866,0.007519228561588789,21.556,195.776
x264,random_search,28,20280452,17,238,92.04,22.866,0.007519228561588789,21.556,195.776
x264,random_search,28,20280452,18,4184,42.588,22.866,0.007519228561588789,21.556,195.776
x264,random_search,28,20280452,19,2346,66.038,22.866,0.007519228561588789,21.556,195.776
x264,random_search,28,20280452,20,452,37.614,22.866,0.007519228561588789,21.556,195.776
x264,random_search,28,20280452,21,4254,69.99,22.866,0.007519228561588789,21.556,195.776
x264,random_search,28,20280452,22,3319,39.338,22.866,0.007519228561588789,21.556,195.776
x264,random_search,28,20280452,23,1635,30.136,22.866,0.007519228561588789,21.556,195.776
x264,random_search,28,20280452,24,1357,82.764,22.866,0.007519228561588789,21.556,195.776
x264,random_search,28,20280452,25,3750,62.638,22.866,0.007519228561588789,21.556,195.776
x264,random_search,28,20280452,26,4468,29.656,22.866,0.007519228561588789,21.556,195.776
x264,random_search,28,20280452,27,1770,63.382,22.866,0.007519228561588789,21.556,195.776
x264,random_search,28,20280452,28,1958,44.536,22.866,0.007519228561588789,21.556,195.776
x264,random_search,28,20280452,29,1157,119.578,22.866,0.007519228561588789,21.556,195.776
x264,random_search,28,20280452,30,284,48.082,22.866,0.007519228561588789,21.556,195.776
x264,random_search,28,20280452,31,1881,151.178,22.866,0.007519228561588789,21.556,195.776
x264,random_search,28,20280452,32,148,30.204,22.866,0.007519228561588789,21.556,195.776
x264,random_search,28,20280452,33,1533,174.218,22.866,0.007519228561588789,21.556,195.776
x264,random_search,28,20280452,34,2397,193.77,22.866,0.007519228561588789,21.556,195.776
x264,random_search,28,20280452,35,3024,23.386,22.866,0.007519228561588789,21.556,195.776
x264,random_search,28,20280452,36,3335,51.67,22.866,0.007519228561588789,21.556,195.776
x264,random_search,28,20280452,37,3927,31.19,22.866,0.007519228561588789,21.556,195.776
x264,random_search,28,20280452,38,1562,46.674,22.866,0.007519228561588789,21.556,195.776
x264,random_search,28,20280452,39,952,33.836,22.866,0.007519228561588789,21.556,195.776
x264,random_search,28,20280452,40,3464,45.026,22.866,0.007519228561588789,21.556,195.776
x264,random_search,28,20280452,41,2130,67.672,22.866,0.007519228561588789,21.556,195.776
x264,random_search,28,20280452,42,1490,46.65,22.866,0.007519228561588789,21.556,195.776
x264,random_search,28,20280452,43,876,22.904,22.866,0.007519228561588789,21.556,195.776
x264,random_search,28,20280452,44,2292,23.864,22.866,0.007519228561588789,21.556,195.776
x264,random_search,28,20280452,45,1487,52.75,22.866,0.007519228561588789,21.556,195.776
x264,random_search,28,20280452,46,3656,43.276,22.866,0.007519228561588789,21.556,195.776
x264,random_search,28,20280452,47,4363,42.516,22.866,0.007519228561588789,21.556,195.776
x264,random_search,28,20280452,48,3899,51.178,22.866,0.007519228561588789,21.556,195.776
x264,random_search,28,20280452,49,4527,32.4,22.866,0.007519228561588789,21.556,195.776
x264,random_search,28,20280452,50,1,87.212,22.866,0.007519228561588789,21.556,195.776
x264,rf_smbo,28,20280452,1,1369,81.904,81.904,0.3463896223166112,21.556,195.776
x264,rf_smbo,28,20280452,2,4597,86.482,81.904,0.3463896223166112,21.556,195.776
x264,rf_smbo,28,20280452,3,1646,44.036,44.036,0.12903225806451613,21.556,195.776
x264,rf_smbo,28,20280452,4,4450,96.118,44.036,0.12903225806451613,21.556,195.776
x264,rf_smbo,28,20280452,5,627,31.14,31.14,0.05501090575134887,21.556,195.776
x264,rf_smbo,28,20280452,6,4054,88.24,31.14,0.05501090575134887,21.556,195.776
x264,rf_smbo,28,20280452,7,66,62.43,31.14,0.05501090575134887,21.556,195.776
x264,rf_smbo,28,20280452,8,63,31.044,31.044,0.05445987831477442,21.556,195.776
x264,rf_smbo,28,20280452,9,351,31.084,31.044,0.05445987831477442,21.556,195.776
x264,rf_smbo,28,20280452,10,780,23.474,23.474,0.01100906899322695,21.556,195.776
x264,rf_smbo,28,20280452,11,624,23.194,23.194,0.009401905636551475,21.556,195.776
x264,rf_smbo,28,20280452,12,1896,23.67,23.194,0.009401905636551475,21.556,195.776
x264,rf_smbo,28,20280452,13,732,22.432,22.432,0.005028125358741808,21.556,195.776
x264,rf_smbo,28,20280452,14,1872,22.622,22.432,0.005028125358741808,21.556,195.776
x264,rf_smbo,28,20280452,15,792,21.758,21.758,0.00115945356445872,21.556,195.776
x264,rf_smbo,28,20280452,16,1944,22.646,21.758,0.00115945356445872,21.556,195.776
x264,rf_smbo,28,20280452,17,3024,23.386,21.758,0.00115945356445872,21.556,195.776
x264,rf_smbo,28,20280452,18,3096,23.296,21.758,0.00115945356445872,21.556,195.776
x264,rf_smbo,28,20280452,19,796,33.566,21.758,0.00115945356445872,21.556,195.776
x264,rf_smbo,28,20280452,20,4484,39.166,21.758,0.00115945356445872,21.556,195.776
x264,rf_smbo,28,20280452,21,2099,63.924,21.758,0.00115945356445872,21.556,195.776
x264,rf_smbo,28,20280452,22,4188,24.466,21.758,0.00115945356445872,21.556,195.776
x264,rf_smbo,28,20280452,23,180,22.168,21.758,0.00115945356445872,21.556,195.776
x264,rf_smbo,28,20280452,24,4176,23.792,21.758,0.00115945356445872,21.556,195.776
x264,rf_smbo,28,20280452,25,1908,22.492,21.758,0.00115945356445872,21.556,195.776
x264,rf_smbo,28,20280452,26,1044,21.556,21.556,0.0,21.556,195.776
x264,rf_smbo,28,20280452,27,828,22.018,21.556,0.0,21.556,195.776
x264,rf_smbo,28,20280452,28,3086,46.208,21.556,0.0,21.556,195.776
x264,rf_smbo,28,20280452,29,3115,49.512,21.556,0.0,21.556,195.776
x264,rf_smbo,28,20280452,30,468,21.698,21.556,0.0,21.556,195.776
x264,rf_smbo,28,20280452,31,1620,22.138,21.556,0.0,21.556,195.776
x264,rf_smbo,28,20280452,32,540,21.678,21.556,0.0,21.556,195.776
x264,rf_smbo,28,20280452,33,324,23.212,21.556,0.0,21.556,195.776
x264,rf_smbo,28,20280452,34,2268,22.312,21.556,0.0,21.556,195.776
x264,rf_smbo,28,20280452,35,1080,21.694,21.556,0.0,21.556,195.776
x264,rf_smbo,28,20280452,36,3420,23.776,21.556,0.0,21.556,195.776
x264,rf_smbo,28,20280452,37,504,21.65,21.556,0.0,21.556,195.776
x264,rf_smbo,28,20280452,38,516,22.476,21.556,0.0,21.556,195.776
x264,rf_smbo,28,20280452,39,552,22.626,21.556,0.0,21.556,195.776
x264,rf_smbo,28,20280452,40,252,21.942,21.556,0.0,21.556,195.776
x264,rf_smbo,28,20280452,41,432,21.97,21.556,0.0,21.556,195.776
x264,rf_smbo,28,20280452,42,216,21.714,21.556,0.0,21.556,195.776
x264,rf_smbo,28,20280452,43,360,24.4,21.556,0.0,21.556,195.776
x264,rf_smbo,28,20280452,44,1008,21.586,21.556,0.0,21.556,195.776
x264,rf_smbo,28,20280452,45,1116,21.636,21.556,0.0,21.556,195.776
x264,rf_smbo,28,20280452,46,720,21.772,21.556,0.0,21.556,195.776
x264,rf_smbo,28,20280452,47,756,79.142,21.556,0.0,21.556,195.776
x264,rf_smbo,28,20280452,48,144,21.906,21.556,0.0,21.556,195.776
x264,rf_smbo,28,20280452,49,1404,22.746,21.556,0.0,21.556,195.776
x264,rf_smbo,28,20280452,50,2772,23.248,21.556,0.0,21.556,195.776
x264,random_search,29,20280453,1,1142,42.996,42.996,0.12306279416829297,21.556,195.776
x264,random_search,29,20280453,2,1689,158.828,42.996,0.12306279416829297,21.556,195.776
x264,random_search,29,20280453,3,975,30.764,30.764,0.05285271495809895,21.556,195.776
x264,random_search,29,20280453,4,3016,37.962,30.764,0.05285271495809895,21.556,195.776
x264,random_search,29,20280453,5,1567,46.97,30.764,0.05285271495809895,21.556,195.776
x264,random_search,29,20280453,6,2606,49.102,30.764,0.05285271495809895,21.556,195.776
x264,random_search,29,20280453,7,2805,142.316,30.764,0.05285271495809895,21.556,195.776
x264,random_search,29,20280453,8,2609,118.846,30.764,0.05285271495809895,21.556,195.776
x264,random_search,29,20280453,9,3304,36.154,30.764,0.05285271495809895,21.556,195.776
x264,random_search,29,20280453,10,394,91.022,30.764,0.05285271495809895,21.556,195.776
x264,random_search,29,20280453,11,1076,38.064,30.764,0.05285271495809895,21.556,195.776
x264,random_search,29,20280453,12,944,46.252,30.764,0.05285271495809895,21.556,195.776
x264,random_search,29,20280453,13,1862,46.92,30.764,0.05285271495809895,21.556,195.776
x264,random_search,29,20280453,14,817,80.28,30.764,0.05285271495809895,21.556,195.776
x264,random_search,29,20280453,15,4561,86.546,30.764,0.05285271495809895,21.556,195.776
x264,random_search,29,20280453,16,2179,38.398,30.764,0.05285271495809895,21.556,195.776
x264,random_search,29,20280453,17,102,70.884,30.764,0.05285271495809895,21.556,195.776
x264,random_search,29,20280453,18,2455,43.258,30.764,0.05285271495809895,21.556,195.776
x264,random_search,29,20280453,19,4316,50.72,30.764,0.05285271495809895,21.556,195.776
x264,random_search,29,20280453,20,1976,48.498,30.764,0.05285271495809895,21.556,195.776
x264,random_search,29,20280453,21,2558,45.198,30.764,0.05285271495809895,21.556,195.776
x264,random_search,29,20280453,22,2958,75.07,30.764,0.05285271495809895,21.556,195.776
x264,random_search,29,20280453,23,910,76.84,30.764,0.05285271495809895,21.556,195.776
x264,random_search,29,20280453,24,4239,33.078,30.764,0.05285271495809895,21.556,195.776
x264,random_search,29,20280453,25,533,115.692,30.764,0.05285271495809895,21.556,195.776
x264,random_search,29,20280453,26,1167,32.544,30.764,0.05285271495809895,21.556,195.776
x264,random_search,29,20280453,27,3590,50.054,30.764,0.05285271495809895,21.556,195.776
x264,random_search,29,20280453,28,1021,79.054,30.764,0.05285271495809895,21.556,195.776
x264,random_search,29,20280453,29,2801,109.628,30.764,0.05285271495809895,21.556,195.776
x264,random_search,29,20280453,30,1228,36.71,30.764,0.05285271495809895,21.556,195.776
x264,random_search,29,20280453,31,611,58.858,30.764,0.05285271495809895,21.556,195.776
x264,random_search,29,20280453,32,4234,83.9,30.764,0.05285271495809895,21.556,195.776
x264,random_search,29,20280453,33,1397,125.33,30.764,0.05285271495809895,21.556,195.776
x264,random_search,29,20280453,34,3653,117.56,30.764,0.05285271495809895,21.556,195.776
x264,random_search,29,20280453,35,1463,52.842,30.764,0.05285271495809895,21.556,195.776
x264,random_search,29,20280453,36,1344,23.338,23.338,0.010228446791413156,21.556,195.776
x264,random_search,29,20280453,37,4398,71.456,23.338,0.010228446791413156,21.556,195.776
x264,random_search,29,20280453,38,142,98.726,23.338,0.010228446791413156,21.556,195.776
x264,random_search,29,20280453,39,3449,121.71,23.338,0.010228446791413156,21.556,195.776
x264,random_search,29,20280453,40,515,57.664,23.338,0.010228446791413156,21.556,195.776
x264,random_search,29,20280453,41,2605,93.264,23.338,0.010228446791413156,21.556,195.776
x264,random_search,29,20280453,42,3102,68.662,23.338,0.010228446791413156,21.556,195.776
x264,random_search,29,20280453,43,613,86.646,23.338,0.010228446791413156,21.556,195.776
x264,random_search,29,20280453,44,208,31.458,23.338,0.010228446791413156,21.556,195.776
x264,random_search,29,20280453,45,4390,80.47,23.338,0.010228446791413156,21.556,195.776
x264,random_search,29,20280453,46,2788,30.488,23.338,0.010228446791413156,21.556,195.776
x264,random_search,29,20280453,47,2046,59.71,23.338,0.010228446791413156,21.556,195.776
x264,random_search,29,20280453,48,1859,71.472,23.338,0.010228446791413156,21.556,195.776
x264,random_search,29,20280453,49,2105,128.004,23.338,0.010228446791413156,21.556,195.776
x264,random_search,29,20280453,50,425,126.404,23.338,0.010228446791413156,21.556,195.776
x264,rf_smbo,29,20280453,1,1638,56.444,56.444,0.20025255424176333,21.556,195.776
x264,rf_smbo,29,20280453,2,3000,24.78,24.78,0.018505338078291817,21.556,195.776
x264,rf_smbo,29,20280453,3,3299,66.744,24.78,0.018505338078291817,21.556,195.776
x264,rf_smbo,29,20280453,4,2058,59.45,24.78,0.018505338078291817,21.556,195.776
x264,rf_smbo,29,20280453,5,1034,42.604,24.78,0.018505338078291817,21.556,195.776
x264,rf_smbo,29,20280453,6,2201,104.454,24.78,0.018505338078291817,21.556,195.776
x264,rf_smbo,29,20280453,7,2823,31.178,24.78,0.018505338078291817,21.556,195.776
x264,rf_smbo,29,20280453,8,2532,24.218,24.218,0.015279531626678906,21.556,195.776
x264,rf_smbo,29,20280453,9,2528,49.026,24.218,0.015279531626678906,21.556,195.776
x264,rf_smbo,29,20280453,10,2520,23.206,23.206,0.009470784066123285,21.556,195.776
x264,rf_smbo,29,20280453,11,1333,81.566,23.206,0.009470784066123285,21.556,195.776
x264,rf_smbo,29,20280453,12,2328,25.256,23.206,0.009470784066123285,21.556,195.776
x264,rf_smbo,29,20280453,13,84,23.408,23.206,0.009470784066123285,21.556,195.776
x264,rf_smbo,29,20280453,14,12,23.47,23.206,0.009470784066123285,21.556,195.776
x264,rf_smbo,29,20280453,15,0,23.546,23.206,0.009470784066123285,21.556,195.776
x264,rf_smbo,29,20280453,16,1225,89.394,23.206,0.009470784066123285,21.556,195.776
x264,rf_smbo,29,20280453,17,48,23.062,23.062,0.008644242911261625,21.556,195.776
x264,rf_smbo,29,20280453,18,1,87.212,23.062,0.008644242911261625,21.556,195.776
x264,rf_smbo,29,20280453,19,36,23.102,23.062,0.008644242911261625,21.556,195.776
x264,rf_smbo,29,20280453,20,1164,25.182,23.062,0.008644242911261625,21.556,195.776
x264,rf_smbo,29,20280453,21,1188,23.724,23.062,0.008644242911261625,21.556,195.776
x264,rf_smbo,29,20280453,22,108,23.178,23.062,0.008644242911261625,21.556,195.776
x264,rf_smbo,29,20280453,23,612,23.192,23.062,0.008644242911261625,21.556,195.776
x264,rf_smbo,29,20280453,24,1764,23.93,23.062,0.008644242911261625,21.556,195.776
x264,rf_smbo,29,20280453,25,324,23.212,23.062,0.008644242911261625,21.556,195.776
x264,rf_smbo,29,20280453,26,1260,23.824,23.062,0.008644242911261625,21.556,195.776
x264,rf_smbo,29,20280453,27,684,23.082,23.062,0.008644242911261625,21.556,195.776
x264,rf_smbo,29,20280453,28,1802,47.358,23.062,0.008644242911261625,21.556,195.776
x264,rf_smbo,29,20280453,29,43,43.236,23.062,0.008644242911261625,21.556,195.776
x264,rf_smbo,29,20280453,30,972,22.794,22.794,0.007105957984157959,21.556,195.776
x264,rf_smbo,29,20280453,31,900,22.996,22.794,0.007105957984157959,21.556,195.776
x264,rf_smbo,29,20280453,32,936,22.928,22.794,0.007105957984157959,21.556,195.776
x264,rf_smbo,29,20280453,33,864,23.586,22.794,0.007105957984157959,21.556,195.776
x264,rf_smbo,29,20280453,34,1767,32.0,22.794,0.007105957984157959,21.556,195.776
x264,rf_smbo,29,20280453,35,1548,23.49,22.794,0.007105957984157959,21.556,195.776
x264,rf_smbo,29,20280453,36,396,23.666,22.794,0.007105957984157959,21.556,195.776
x264,rf_smbo,29,20280453,37,3276,24.874,22.794,0.007105957984157959,21.556,195.776
x264,rf_smbo,29,20280453,38,60,23.302,22.794,0.007105957984157959,21.556,195.776
x264,rf_smbo,29,20280453,39,1116,21.636,21.636,0.0004591895304786953,21.556,195.776
x264,rf_smbo,29,20280453,40,1080,21.694,21.636,0.0004591895304786953,21.556,195.776
x264,rf_smbo,29,20280453,41,792,21.758,21.636,0.0004591895304786953,21.556,195.776
x264,rf_smbo,29,20280453,42,828,22.018,21.636,0.0004591895304786953,21.556,195.776
x264,rf_smbo,29,20280453,43,1044,21.556,21.556,0.0,21.556,195.776
x264,rf_smbo,29,20280453,44,2268,22.312,21.556,0.0,21.556,195.776
x264,rf_smbo,29,20280453,45,1140,22.984,21.556,0.0,21.556,195.776
x264,rf_smbo,29,20280453,46,2160,22.248,21.556,0.0,21.556,195.776
x264,rf_smbo,29,20280453,47,1008,21.586,21.556,0.0,21.556,195.776
x264,rf_smbo,29,20280453,48,1872,22.622,21.556,0.0,21.556,195.776
x264,rf_smbo,29,20280453,49,4477,86.152,21.556,0.0,21.556,195.776
x264,rf_smbo,29,20280453,50,1040,37.83,21.556,0.0,21.556,195.776
